metric,rule,eps,K_hat,certified,n_comparisons,max_ub,M,alpha,se_type,n_retained,eval,replicate,rep
dev,adjacent_pointwise,0.01,40,TRUE,1,0.00190972090144444,1,0.05,iid,5000,ho_reconstruction,1,1
dev,adjacent_simultaneous,0.01,40,TRUE,1,0.00206025484211677,9,0.05,iid,5000,ho_reconstruction,1,1
dev,total_gain,0.01,40,TRUE,6,0.0065886363204008,45,0.05,iid,5000,ho_reconstruction,1,1
dev,adjacent_pointwise,0.005,40,TRUE,1,0.00190972090144444,1,0.05,iid,5000,ho_reconstruction,1,1
dev,adjacent_simultaneous,0.005,40,TRUE,1,0.00206025484211677,9,0.05,iid,5000,ho_reconstruction,1,1
dev,total_gain,0.005,50,TRUE,5,0.00493934966938746,45,0.05,iid,5000,ho_reconstruction,1,1
dev,adjacent_pointwise,0.01,40,TRUE,1,0.00214074008002957,1,0.05,iid,4466,ho_completion,1,1
dev,adjacent_simultaneous,0.01,40,TRUE,1,0.00323509187251964,9,0.05,iid,4466,ho_completion,1,1
dev,total_gain,0.01,40,TRUE,6,0.00387092632237586,45,0.05,iid,4466,ho_completion,1,1
dev,adjacent_pointwise,0.005,40,TRUE,1,0.00214074008002957,1,0.05,iid,4466,ho_completion,1,1
dev,adjacent_simultaneous,0.005,40,TRUE,1,0.00323509187251964,9,0.05,iid,4466,ho_completion,1,1
dev,total_gain,0.005,40,TRUE,6,0.00387092632237586,45,0.05,iid,4466,ho_completion,1,1
dev,adjacent_pointwise,0.01,40,TRUE,1,0.0013613647135569,1,0.05,iid,5000,ho_reconstruction,1,2
dev,adjacent_simultaneous,0.01,40,TRUE,1,0.00150740083449862,9,0.05,iid,5000,ho_reconstruction,1,2
dev,total_gain,0.01,40,TRUE,6,0.00636160658956246,45,0.05,iid,5000,ho_reconstruction,1,2
dev,adjacent_pointwise,0.005,40,TRUE,1,0.0013613647135569,1,0.05,iid,5000,ho_reconstruction,1,2
dev,adjacent_simultaneous,0.005,40,TRUE,1,0.00150740083449862,9,0.05,iid,5000,ho_reconstruction,1,2
dev,total_gain,0.005,70,TRUE,3,0.00364781928274639,45,0.05,iid,5000,ho_reconstruction,1,2
dev,adjacent_pointwise,0.01,40,TRUE,1,-0.000507374595219503,1,0.05,iid,4490,ho_completion,1,2
dev,adjacent_simultaneous,0.01,40,TRUE,1,0.0005066559351521,9,0.05,iid,4490,ho_completion,1,2
dev,total_gain,0.01,40,TRUE,6,0.00130270111944523,45,0.05,iid,4490,ho_completion,1,2
dev,adjacent_pointwise,0.005,40,TRUE,1,-0.000507374595219503,1,0.05,iid,4490,ho_completion,1,2
dev,adjacent_simultaneous,0.005,40,TRUE,1,0.0005066559351521,9,0.05,iid,4490,ho_completion,1,2
dev,total_gain,0.005,40,TRUE,6,0.00130270111944523,45,0.05,iid,4490,ho_completion,1,2
dev,adjacent_pointwise,0.01,40,TRUE,1,0.00185527269794483,1,0.05,iid,5000,ho_reconstruction,1,3
dev,adjacent_simultaneous,0.01,40,TRUE,1,0.00200057970309273,9,0.05,iid,5000,ho_reconstruction,1,3
dev,total_gain,0.01,40,TRUE,6,0.00629027859123599,45,0.05,iid,5000,ho_reconstruction,1,3
dev,adjacent_pointwise,0.005,40,TRUE,1,0.00185527269794483,1,0.05,iid,5000,ho_reconstruction,1,3
dev,adjacent_simultaneous,0.005,40,TRUE,1,0.00200057970309273,9,0.05,iid,5000,ho_reconstruction,1,3
dev,total_gain,0.005,50,TRUE,5,0.00469582285107934,45,0.05,iid,5000,ho_reconstruction,1,3
dev,adjacent_pointwise,0.01,40,TRUE,1,-0.000157488439136367,1,0.05,iid,4448,ho_completion,1,3
dev,adjacent_simultaneous,0.01,40,TRUE,1,0.000928415552664479,9,0.05,iid,4448,ho_completion,1,3
dev,total_gain,0.01,40,TRUE,6,0.001559341706358,45,0.05,iid,4448,ho_completion,1,3
dev,adjacent_pointwise,0.005,40,TRUE,1,-0.000157488439136367,1,0.05,iid,4448,ho_completion,1,3
dev,adjacent_simultaneous,0.005,40,TRUE,1,0.000928415552664479,9,0.05,iid,4448,ho_completion,1,3
dev,total_gain,0.005,40,TRUE,6,0.001559341706358,45,0.05,iid,4448,ho_completion,1,3
dev,adjacent_pointwise,0.01,40,TRUE,1,0.00164854037132238,1,0.05,iid,5000,ho_reconstruction,1,4
dev,adjacent_simultaneous,0.01,40,TRUE,1,0.00179757723209852,9,0.05,iid,5000,ho_reconstruction,1,4
dev,total_gain,0.01,40,TRUE,6,0.00639931115081161,45,0.05,iid,5000,ho_reconstruction,1,4
dev,adjacent_pointwise,0.005,40,TRUE,1,0.00164854037132238,1,0.05,iid,5000,ho_reconstruction,1,4
dev,adjacent_simultaneous,0.005,40,TRUE,1,0.00179757723209852,9,0.05,iid,5000,ho_reconstruction,1,4
dev,total_gain,0.005,70,TRUE,3,0.00347634718731488,45,0.05,iid,5000,ho_reconstruction,1,4
dev,adjacent_pointwise,0.01,40,TRUE,1,-0.0001979689632998,1,0.05,iid,4419,ho_completion,1,4
dev,adjacent_simultaneous,0.01,40,TRUE,1,0.000793031155835805,9,0.05,iid,4419,ho_completion,1,4
dev,total_gain,0.01,40,TRUE,6,0.00136881676689995,45,0.05,iid,4419,ho_completion,1,4
dev,adjacent_pointwise,0.005,40,TRUE,1,-0.0001979689632998,1,0.05,iid,4419,ho_completion,1,4
dev,adjacent_simultaneous,0.005,40,TRUE,1,0.000793031155835805,9,0.05,iid,4419,ho_completion,1,4
dev,total_gain,0.005,40,TRUE,6,0.00136881676689995,45,0.05,iid,4419,ho_completion,1,4
dev,adjacent_pointwise,0.01,40,TRUE,1,0.00171115565867394,1,0.05,iid,5000,ho_reconstruction,1,5
dev,adjacent_simultaneous,0.01,40,TRUE,1,0.00185708356128462,9,0.05,iid,5000,ho_reconstruction,1,5
dev,total_gain,0.01,40,TRUE,6,0.0062546001738164,45,0.05,iid,5000,ho_reconstruction,1,5
dev,adjacent_pointwise,0.005,40,TRUE,1,0.00171115565867394,1,0.05,iid,5000,ho_reconstruction,1,5
dev,adjacent_simultaneous,0.005,40,TRUE,1,0.00185708356128462,9,0.05,iid,5000,ho_reconstruction,1,5
dev,total_gain,0.005,50,TRUE,5,0.00480429587259092,45,0.05,iid,5000,ho_reconstruction,1,5
dev,adjacent_pointwise,0.01,40,TRUE,1,0.00142332963883961,1,0.05,iid,4460,ho_completion,1,5
dev,adjacent_simultaneous,0.01,40,TRUE,1,0.00249661688125058,9,0.05,iid,4460,ho_completion,1,5
dev,total_gain,0.01,40,TRUE,6,0.00312021251841154,45,0.05,iid,4460,ho_completion,1,5
dev,adjacent_pointwise,0.005,40,TRUE,1,0.00142332963883961,1,0.05,iid,4460,ho_completion,1,5
dev,adjacent_simultaneous,0.005,40,TRUE,1,0.00249661688125058,9,0.05,iid,4460,ho_completion,1,5
dev,total_gain,0.005,40,TRUE,6,0.00312021251841154,45,0.05,iid,4460,ho_completion,1,5
dev,adjacent_pointwise,0.01,40,TRUE,1,0.0017614004154836,1,0.05,iid,5000,ho_reconstruction,1,6
dev,adjacent_simultaneous,0.01,40,TRUE,1,0.00190814364540162,9,0.05,iid,5000,ho_reconstruction,1,6
dev,total_gain,0.01,40,TRUE,6,0.00611749887576236,45,0.05,iid,5000,ho_reconstruction,1,6
dev,adjacent_pointwise,0.005,40,TRUE,1,0.0017614004154836,1,0.05,iid,5000,ho_reconstruction,1,6
dev,adjacent_simultaneous,0.005,40,TRUE,1,0.00190814364540162,9,0.05,iid,5000,ho_reconstruction,1,6
dev,total_gain,0.005,50,TRUE,5,0.00462499265413601,45,0.05,iid,5000,ho_reconstruction,1,6
dev,adjacent_pointwise,0.01,40,TRUE,1,0.000693839588213003,1,0.05,iid,4471,ho_completion,1,6
dev,adjacent_simultaneous,0.01,40,TRUE,1,0.00166186573769495,9,0.05,iid,4471,ho_completion,1,6
dev,total_gain,0.01,40,TRUE,6,0.00222430313527237,45,0.05,iid,4471,ho_completion,1,6
dev,adjacent_pointwise,0.005,40,TRUE,1,0.000693839588213003,1,0.05,iid,4471,ho_completion,1,6
dev,adjacent_simultaneous,0.005,40,TRUE,1,0.00166186573769495,9,0.05,iid,4471,ho_completion,1,6
dev,total_gain,0.005,40,TRUE,6,0.00222430313527237,45,0.05,iid,4471,ho_completion,1,6
dev,adjacent_pointwise,0.01,40,TRUE,1,0.00152335100560576,1,0.05,iid,5000,ho_reconstruction,1,7
dev,adjacent_simultaneous,0.01,40,TRUE,1,0.00167038444498748,9,0.05,iid,5000,ho_reconstruction,1,7
dev,total_gain,0.01,40,TRUE,6,0.00614326842898049,45,0.05,iid,5000,ho_reconstruction,1,7
dev,adjacent_pointwise,0.005,40,TRUE,1,0.00152335100560576,1,0.05,iid,5000,ho_reconstruction,1,7
dev,adjacent_simultaneous,0.005,40,TRUE,1,0.00167038444498748,9,0.05,iid,5000,ho_reconstruction,1,7
dev,total_gain,0.005,50,TRUE,5,0.00488787645700018,45,0.05,iid,5000,ho_reconstruction,1,7
dev,adjacent_pointwise,0.01,40,TRUE,1,0.000738324851204568,1,0.05,iid,4495,ho_completion,1,7
dev,adjacent_simultaneous,0.01,40,TRUE,1,0.00181203959133096,9,0.05,iid,4495,ho_completion,1,7
dev,total_gain,0.01,40,TRUE,6,0.00243588361093765,45,0.05,iid,4495,ho_completion,1,7
dev,adjacent_pointwise,0.005,40,TRUE,1,0.000738324851204568,1,0.05,iid,4495,ho_completion,1,7
dev,adjacent_simultaneous,0.005,40,TRUE,1,0.00181203959133096,9,0.05,iid,4495,ho_completion,1,7
dev,total_gain,0.005,40,TRUE,6,0.00243588361093765,45,0.05,iid,4495,ho_completion,1,7
dev,adjacent_pointwise,0.01,40,TRUE,1,0.00141425623956017,1,0.05,iid,5000,ho_reconstruction,1,8
dev,adjacent_simultaneous,0.01,40,TRUE,1,0.00155962300770049,9,0.05,iid,5000,ho_reconstruction,1,8
dev,total_gain,0.01,40,TRUE,6,0.00639892707924658,45,0.05,iid,5000,ho_reconstruction,1,8
dev,adjacent_pointwise,0.005,40,TRUE,1,0.00141425623956017,1,0.05,iid,5000,ho_reconstruction,1,8
dev,adjacent_simultaneous,0.005,40,TRUE,1,0.00155962300770049,9,0.05,iid,5000,ho_reconstruction,1,8
dev,total_gain,0.005,70,TRUE,3,0.00368916050086446,45,0.05,iid,5000,ho_reconstruction,1,8
dev,adjacent_pointwise,0.01,40,TRUE,1,0.000475430384575462,1,0.05,iid,4437,ho_completion,1,8
dev,adjacent_simultaneous,0.01,40,TRUE,1,0.00149654904289676,9,0.05,iid,4437,ho_completion,1,8
dev,total_gain,0.01,40,TRUE,6,0.00247864869682753,45,0.05,iid,4437,ho_completion,1,8
dev,adjacent_pointwise,0.005,40,TRUE,1,0.000475430384575462,1,0.05,iid,4437,ho_completion,1,8
dev,adjacent_simultaneous,0.005,40,TRUE,1,0.00149654904289676,9,0.05,iid,4437,ho_completion,1,8
dev,total_gain,0.005,40,TRUE,6,0.00247864869682753,45,0.05,iid,4437,ho_completion,1,8
dev,adjacent_pointwise,0.01,40,TRUE,1,0.00169277054958552,1,0.05,iid,5000,ho_reconstruction,1,9
dev,adjacent_simultaneous,0.01,40,TRUE,1,0.00183917985392922,9,0.05,iid,5000,ho_reconstruction,1,9
dev,total_gain,0.01,40,TRUE,6,0.00649963796542906,45,0.05,iid,5000,ho_reconstruction,1,9
dev,adjacent_pointwise,0.005,40,TRUE,1,0.00169277054958552,1,0.05,iid,5000,ho_reconstruction,1,9
dev,adjacent_simultaneous,0.005,40,TRUE,1,0.00183917985392922,9,0.05,iid,5000,ho_reconstruction,1,9
dev,total_gain,0.005,70,TRUE,3,0.00351546164134417,45,0.05,iid,5000,ho_reconstruction,1,9
dev,adjacent_pointwise,0.01,40,TRUE,1,0.00130768066640059,1,0.05,iid,4466,ho_completion,1,9
dev,adjacent_simultaneous,0.01,40,TRUE,1,0.00231346196455235,9,0.05,iid,4466,ho_completion,1,9
dev,total_gain,0.01,40,TRUE,6,0.00289783565752258,45,0.05,iid,4466,ho_completion,1,9
dev,adjacent_pointwise,0.005,40,TRUE,1,0.00130768066640059,1,0.05,iid,4466,ho_completion,1,9
dev,adjacent_simultaneous,0.005,40,TRUE,1,0.00231346196455235,9,0.05,iid,4466,ho_completion,1,9
dev,total_gain,0.005,40,TRUE,6,0.00289783565752258,45,0.05,iid,4466,ho_completion,1,9
dev,adjacent_pointwise,0.01,40,TRUE,1,0.0016316349680848,1,0.05,iid,5000,ho_reconstruction,1,10
dev,adjacent_simultaneous,0.01,40,TRUE,1,0.00178071040495095,9,0.05,iid,5000,ho_reconstruction,1,10
dev,total_gain,0.01,40,TRUE,6,0.00659193382210566,45,0.05,iid,5000,ho_reconstruction,1,10
dev,adjacent_pointwise,0.005,40,TRUE,1,0.0016316349680848,1,0.05,iid,5000,ho_reconstruction,1,10
dev,adjacent_simultaneous,0.005,40,TRUE,1,0.00178071040495095,9,0.05,iid,5000,ho_reconstruction,1,10
dev,total_gain,0.005,70,TRUE,3,0.00339250503230895,45,0.05,iid,5000,ho_reconstruction,1,10
dev,adjacent_pointwise,0.01,40,TRUE,1,0.000426667636379844,1,0.05,iid,4473,ho_completion,1,10
dev,adjacent_simultaneous,0.01,40,TRUE,1,0.00142145954225661,9,0.05,iid,4473,ho_completion,1,10
dev,total_gain,0.01,40,TRUE,6,0.00211536977952545,45,0.05,iid,4473,ho_completion,1,10
dev,adjacent_pointwise,0.005,40,TRUE,1,0.000426667636379844,1,0.05,iid,4473,ho_completion,1,10
dev,adjacent_simultaneous,0.005,40,TRUE,1,0.00142145954225661,9,0.05,iid,4473,ho_completion,1,10
dev,total_gain,0.005,40,TRUE,6,0.00211536977952545,45,0.05,iid,4473,ho_completion,1,10
dev,adjacent_pointwise,0.01,40,TRUE,1,-0.00311277850331149,1,0.05,iid,5000,ho_reconstruction,2,1
dev,adjacent_simultaneous,0.01,40,TRUE,1,-0.00290253220600464,9,0.05,iid,5000,ho_reconstruction,2,1
dev,total_gain,0.01,40,TRUE,6,0.00669517858230477,45,0.05,iid,5000,ho_reconstruction,2,1
dev,adjacent_pointwise,0.005,40,TRUE,1,-0.00311277850331149,1,0.05,iid,5000,ho_reconstruction,2,1
dev,adjacent_simultaneous,0.005,40,TRUE,1,-0.00290253220600464,9,0.05,iid,5000,ho_reconstruction,2,1
dev,total_gain,0.005,80,TRUE,2,0.00422757850852789,45,0.05,iid,5000,ho_reconstruction,2,1
dev,adjacent_pointwise,0.01,40,TRUE,1,-0.000487379926480465,1,0.05,iid,4628,ho_completion,2,1
dev,adjacent_simultaneous,0.01,40,TRUE,1,0.000880920463900451,9,0.05,iid,4628,ho_completion,2,1
dev,total_gain,0.01,40,TRUE,6,0.00167592306902827,45,0.05,iid,4628,ho_completion,2,1
dev,adjacent_pointwise,0.005,40,TRUE,1,-0.000487379926480465,1,0.05,iid,4628,ho_completion,2,1
dev,adjacent_simultaneous,0.005,40,TRUE,1,0.000880920463900451,9,0.05,iid,4628,ho_completion,2,1
dev,total_gain,0.005,40,TRUE,6,0.00167592306902827,45,0.05,iid,4628,ho_completion,2,1
dev,adjacent_pointwise,0.01,40,TRUE,1,-0.0029248634701924,1,0.05,iid,5000,ho_reconstruction,2,2
dev,adjacent_simultaneous,0.01,40,TRUE,1,-0.00271925353492616,9,0.05,iid,5000,ho_reconstruction,2,2
dev,total_gain,0.01,40,TRUE,6,0.00628425463440157,45,0.05,iid,5000,ho_reconstruction,2,2
dev,adjacent_pointwise,0.005,40,TRUE,1,-0.0029248634701924,1,0.05,iid,5000,ho_reconstruction,2,2
dev,adjacent_simultaneous,0.005,40,TRUE,1,-0.00271925353492616,9,0.05,iid,5000,ho_reconstruction,2,2
dev,total_gain,0.005,80,TRUE,2,0.0038519420360131,45,0.05,iid,5000,ho_reconstruction,2,2
dev,adjacent_pointwise,0.01,40,TRUE,1,-0.00215705046716539,1,0.05,iid,4632,ho_completion,2,2
dev,adjacent_simultaneous,0.01,40,TRUE,1,-0.000863261027672377,9,0.05,iid,4632,ho_completion,2,2
dev,total_gain,0.01,40,TRUE,6,0.00109169590655284,45,0.05,iid,4632,ho_completion,2,2
dev,adjacent_pointwise,0.005,40,TRUE,1,-0.00215705046716539,1,0.05,iid,4632,ho_completion,2,2
dev,adjacent_simultaneous,0.005,40,TRUE,1,-0.000863261027672377,9,0.05,iid,4632,ho_completion,2,2
dev,total_gain,0.005,40,TRUE,6,0.00109169590655284,45,0.05,iid,4632,ho_completion,2,2
dev,adjacent_pointwise,0.01,40,TRUE,1,-0.00350652531151742,1,0.05,iid,5000,ho_reconstruction,2,3
dev,adjacent_simultaneous,0.01,40,TRUE,1,-0.00328899807077967,9,0.05,iid,5000,ho_reconstruction,2,3
dev,total_gain,0.01,40,TRUE,6,0.00642551151908005,45,0.05,iid,5000,ho_reconstruction,2,3
dev,adjacent_pointwise,0.005,40,TRUE,1,-0.00350652531151742,1,0.05,iid,5000,ho_reconstruction,2,3
dev,adjacent_simultaneous,0.005,40,TRUE,1,-0.00328899807077967,9,0.05,iid,5000,ho_reconstruction,2,3
dev,total_gain,0.005,80,TRUE,2,0.00405775191262148,45,0.05,iid,5000,ho_reconstruction,2,3
dev,adjacent_pointwise,0.01,40,TRUE,1,-0.00443148889321837,1,0.05,iid,4627,ho_completion,2,3
dev,adjacent_simultaneous,0.01,40,TRUE,1,-0.00308227660369817,9,0.05,iid,4627,ho_completion,2,3
dev,total_gain,0.01,40,TRUE,6,0.00152138698900952,45,0.05,iid,4627,ho_completion,2,3
dev,adjacent_pointwise,0.005,40,TRUE,1,-0.00443148889321837,1,0.05,iid,4627,ho_completion,2,3
dev,adjacent_simultaneous,0.005,40,TRUE,1,-0.00308227660369817,9,0.05,iid,4627,ho_completion,2,3
dev,total_gain,0.005,40,TRUE,6,0.00152138698900952,45,0.05,iid,4627,ho_completion,2,3
dev,adjacent_pointwise,0.01,40,TRUE,1,-0.00336291306091688,1,0.05,iid,5000,ho_reconstruction,2,4
dev,adjacent_simultaneous,0.01,40,TRUE,1,-0.00315201481580588,9,0.05,iid,5000,ho_reconstruction,2,4
dev,total_gain,0.01,40,TRUE,6,0.00624913337712058,45,0.05,iid,5000,ho_reconstruction,2,4
dev,adjacent_pointwise,0.005,40,TRUE,1,-0.00336291306091688,1,0.05,iid,5000,ho_reconstruction,2,4
dev,adjacent_simultaneous,0.005,40,TRUE,1,-0.00315201481580588,9,0.05,iid,5000,ho_reconstruction,2,4
dev,total_gain,0.005,80,TRUE,2,0.00396448214652807,45,0.05,iid,5000,ho_reconstruction,2,4
dev,adjacent_pointwise,0.01,40,TRUE,1,0.00203679649572154,1,0.05,iid,4612,ho_completion,2,4
dev,adjacent_simultaneous,0.01,40,TRUE,1,0.00335543486500528,9,0.05,iid,4612,ho_completion,2,4
dev,total_gain,0.01,40,TRUE,6,0.00412158310713963,45,0.05,iid,4612,ho_completion,2,4
dev,adjacent_pointwise,0.005,40,TRUE,1,0.00203679649572154,1,0.05,iid,4612,ho_completion,2,4
dev,adjacent_simultaneous,0.005,40,TRUE,1,0.00335543486500528,9,0.05,iid,4612,ho_completion,2,4
dev,total_gain,0.005,40,TRUE,6,0.00412158310713963,45,0.05,iid,4612,ho_completion,2,4
dev,adjacent_pointwise,0.01,40,TRUE,1,-0.00317463628219467,1,0.05,iid,5000,ho_reconstruction,2,5
dev,adjacent_simultaneous,0.01,40,TRUE,1,-0.00296428045256805,9,0.05,iid,5000,ho_reconstruction,2,5
dev,total_gain,0.01,40,TRUE,6,0.00568755301076816,45,0.05,iid,5000,ho_reconstruction,2,5
dev,adjacent_pointwise,0.005,40,TRUE,1,-0.00317463628219467,1,0.05,iid,5000,ho_reconstruction,2,5
dev,adjacent_simultaneous,0.005,40,TRUE,1,-0.00296428045256805,9,0.05,iid,5000,ho_reconstruction,2,5
dev,total_gain,0.005,80,TRUE,2,0.00396757577754323,45,0.05,iid,5000,ho_reconstruction,2,5
dev,adjacent_pointwise,0.01,40,TRUE,1,-0.000327413337684874,1,0.05,iid,4638,ho_completion,2,5
dev,adjacent_simultaneous,0.01,40,TRUE,1,0.00101129660486477,9,0.05,iid,4638,ho_completion,2,5
dev,total_gain,0.01,40,TRUE,6,0.00219703285036888,45,0.05,iid,4638,ho_completion,2,5
dev,adjacent_pointwise,0.005,40,TRUE,1,-0.000327413337684874,1,0.05,iid,4638,ho_completion,2,5
dev,adjacent_simultaneous,0.005,40,TRUE,1,0.00101129660486477,9,0.05,iid,4638,ho_completion,2,5
dev,total_gain,0.005,40,TRUE,6,0.00219703285036888,45,0.05,iid,4638,ho_completion,2,5
dev,adjacent_pointwise,0.01,40,TRUE,1,-0.0031169693113659,1,0.05,iid,5000,ho_reconstruction,2,6
dev,adjacent_simultaneous,0.01,40,TRUE,1,-0.00290669416246359,9,0.05,iid,5000,ho_reconstruction,2,6
dev,total_gain,0.01,40,TRUE,6,0.00615992483150362,45,0.05,iid,5000,ho_reconstruction,2,6
dev,adjacent_pointwise,0.005,40,TRUE,1,-0.0031169693113659,1,0.05,iid,5000,ho_reconstruction,2,6
dev,adjacent_simultaneous,0.005,40,TRUE,1,-0.00290669416246359,9,0.05,iid,5000,ho_reconstruction,2,6
dev,total_gain,0.005,80,TRUE,2,0.00387818707871728,45,0.05,iid,5000,ho_reconstruction,2,6
dev,adjacent_pointwise,0.01,40,TRUE,1,-0.00360674904820714,1,0.05,iid,4623,ho_completion,2,6
dev,adjacent_simultaneous,0.01,40,TRUE,1,-0.00231398966985486,9,0.05,iid,4623,ho_completion,2,6
dev,total_gain,0.01,40,TRUE,6,0.00151126199963478,45,0.05,iid,4623,ho_completion,2,6
dev,adjacent_pointwise,0.005,40,TRUE,1,-0.00360674904820714,1,0.05,iid,4623,ho_completion,2,6
dev,adjacent_simultaneous,0.005,40,TRUE,1,-0.00231398966985486,9,0.05,iid,4623,ho_completion,2,6
dev,total_gain,0.005,40,TRUE,6,0.00151126199963478,45,0.05,iid,4623,ho_completion,2,6
dev,adjacent_pointwise,0.01,40,TRUE,1,-0.00364007285753868,1,0.05,iid,5000,ho_reconstruction,2,7
dev,adjacent_simultaneous,0.01,40,TRUE,1,-0.00342546941073843,9,0.05,iid,5000,ho_reconstruction,2,7
dev,total_gain,0.01,40,TRUE,6,0.00610962361666506,45,0.05,iid,5000,ho_reconstruction,2,7
dev,adjacent_pointwise,0.005,40,TRUE,1,-0.00364007285753868,1,0.05,iid,5000,ho_reconstruction,2,7
dev,adjacent_simultaneous,0.005,40,TRUE,1,-0.00342546941073843,9,0.05,iid,5000,ho_reconstruction,2,7
dev,total_gain,0.005,80,TRUE,2,0.00415660601384995,45,0.05,iid,5000,ho_reconstruction,2,7
dev,adjacent_pointwise,0.01,40,TRUE,1,-0.00151026747745555,1,0.05,iid,4636,ho_completion,2,7
dev,adjacent_simultaneous,0.01,40,TRUE,1,-0.000142048645125376,9,0.05,iid,4636,ho_completion,2,7
dev,total_gain,0.01,40,TRUE,6,0.000898859131675952,45,0.05,iid,4636,ho_completion,2,7
dev,adjacent_pointwise,0.005,40,TRUE,1,-0.00151026747745555,1,0.05,iid,4636,ho_completion,2,7
dev,adjacent_simultaneous,0.005,40,TRUE,1,-0.000142048645125376,9,0.05,iid,4636,ho_completion,2,7
dev,total_gain,0.005,40,TRUE,6,0.000898859131675952,45,0.05,iid,4636,ho_completion,2,7
dev,adjacent_pointwise,0.01,40,TRUE,1,-0.00310385665834614,1,0.05,iid,5000,ho_reconstruction,2,8
dev,adjacent_simultaneous,0.01,40,TRUE,1,-0.002889961462267,9,0.05,iid,5000,ho_reconstruction,2,8
dev,total_gain,0.01,40,TRUE,6,0.00666196151610444,45,0.05,iid,5000,ho_reconstruction,2,8
dev,adjacent_pointwise,0.005,40,TRUE,1,-0.00310385665834614,1,0.05,iid,5000,ho_reconstruction,2,8
dev,adjacent_simultaneous,0.005,40,TRUE,1,-0.002889961462267,9,0.05,iid,5000,ho_reconstruction,2,8
dev,total_gain,0.005,80,TRUE,2,0.0042613266035376,45,0.05,iid,5000,ho_reconstruction,2,8
dev,adjacent_pointwise,0.01,40,TRUE,1,-0.00198288631958415,1,0.05,iid,4591,ho_completion,2,8
dev,adjacent_simultaneous,0.01,40,TRUE,1,-0.000595457581580689,9,0.05,iid,4591,ho_completion,2,8
dev,total_gain,0.01,40,TRUE,6,0.00214409916593084,45,0.05,iid,4591,ho_completion,2,8
dev,adjacent_pointwise,0.005,40,TRUE,1,-0.00198288631958415,1,0.05,iid,4591,ho_completion,2,8
dev,adjacent_simultaneous,0.005,40,TRUE,1,-0.000595457581580689,9,0.05,iid,4591,ho_completion,2,8
dev,total_gain,0.005,40,TRUE,6,0.00214409916593084,45,0.05,iid,4591,ho_completion,2,8
dev,adjacent_pointwise,0.01,40,TRUE,1,-0.00322535001676815,1,0.05,iid,5000,ho_reconstruction,2,9
dev,adjacent_simultaneous,0.01,40,TRUE,1,-0.00301766884072776,9,0.05,iid,5000,ho_reconstruction,2,9
dev,total_gain,0.01,40,TRUE,6,0.00616992460273721,45,0.05,iid,5000,ho_reconstruction,2,9
dev,adjacent_pointwise,0.005,40,TRUE,1,-0.00322535001676815,1,0.05,iid,5000,ho_reconstruction,2,9
dev,adjacent_simultaneous,0.005,40,TRUE,1,-0.00301766884072776,9,0.05,iid,5000,ho_reconstruction,2,9
dev,total_gain,0.005,80,TRUE,2,0.0041613412964713,45,0.05,iid,5000,ho_reconstruction,2,9
dev,adjacent_pointwise,0.01,40,TRUE,1,-0.000940200174833293,1,0.05,iid,4642,ho_completion,2,9
dev,adjacent_simultaneous,0.01,40,TRUE,1,0.000364511459272509,9,0.05,iid,4642,ho_completion,2,9
dev,total_gain,0.01,40,TRUE,6,0.00315971369611593,45,0.05,iid,4642,ho_completion,2,9
dev,adjacent_pointwise,0.005,40,TRUE,1,-0.000940200174833293,1,0.05,iid,4642,ho_completion,2,9
dev,adjacent_simultaneous,0.005,40,TRUE,1,0.000364511459272509,9,0.05,iid,4642,ho_completion,2,9
dev,total_gain,0.005,40,TRUE,6,0.00315971369611593,45,0.05,iid,4642,ho_completion,2,9
dev,adjacent_pointwise,0.01,40,TRUE,1,-0.00366879674527513,1,0.05,iid,5000,ho_reconstruction,2,10
dev,adjacent_simultaneous,0.01,40,TRUE,1,-0.00345985912716306,9,0.05,iid,5000,ho_reconstruction,2,10
dev,total_gain,0.01,40,TRUE,6,0.00591770092138034,45,0.05,iid,5000,ho_reconstruction,2,10
dev,adjacent_pointwise,0.005,40,TRUE,1,-0.00366879674527513,1,0.05,iid,5000,ho_reconstruction,2,10
dev,adjacent_simultaneous,0.005,40,TRUE,1,-0.00345985912716306,9,0.05,iid,5000,ho_reconstruction,2,10
dev,total_gain,0.005,80,TRUE,2,0.00375247037457137,45,0.05,iid,5000,ho_reconstruction,2,10
dev,adjacent_pointwise,0.01,40,TRUE,1,-0.00140415830993151,1,0.05,iid,4655,ho_completion,2,10
dev,adjacent_simultaneous,0.01,40,TRUE,1,-9.64006639333939e-05,9,0.05,iid,4655,ho_completion,2,10
dev,total_gain,0.01,40,TRUE,6,0.000663425718309251,45,0.05,iid,4655,ho_completion,2,10
dev,adjacent_pointwise,0.005,40,TRUE,1,-0.00140415830993151,1,0.05,iid,4655,ho_completion,2,10
dev,adjacent_simultaneous,0.005,40,TRUE,1,-9.64006639333939e-05,9,0.05,iid,4655,ho_completion,2,10
dev,total_gain,0.005,40,TRUE,6,0.000663425718309251,45,0.05,iid,4655,ho_completion,2,10
dev,adjacent_pointwise,0.01,40,TRUE,1,0.00879763955707207,1,0.05,iid,5000,ho_reconstruction,3,1
dev,adjacent_simultaneous,0.01,40,TRUE,1,0.00917094714711985,9,0.05,iid,5000,ho_reconstruction,3,1
dev,total_gain,0.01,50,TRUE,5,0.0091668555848742,45,0.05,iid,5000,ho_reconstruction,3,1
dev,adjacent_pointwise,0.005,50,TRUE,1,0.00352002590062311,1,0.05,iid,5000,ho_reconstruction,3,1
dev,adjacent_simultaneous,0.005,50,TRUE,1,0.00377788244932532,9,0.05,iid,5000,ho_reconstruction,3,1
dev,total_gain,0.005,70,TRUE,3,0.00393448559902561,45,0.05,iid,5000,ho_reconstruction,3,1
dev,adjacent_pointwise,0.01,40,TRUE,1,0.00118221833362483,1,0.05,iid,4634,ho_completion,3,1
dev,adjacent_simultaneous,0.01,40,TRUE,1,0.00229330091373367,9,0.05,iid,4634,ho_completion,3,1
dev,total_gain,0.01,40,TRUE,6,0.00560709158214734,45,0.05,iid,4634,ho_completion,3,1
dev,adjacent_pointwise,0.005,40,TRUE,1,0.00118221833362483,1,0.05,iid,4634,ho_completion,3,1
dev,adjacent_simultaneous,0.005,40,TRUE,1,0.00229330091373367,9,0.05,iid,4634,ho_completion,3,1
dev,total_gain,0.005,70,TRUE,3,0.00160125723847478,45,0.05,iid,4634,ho_completion,3,1
dev,adjacent_pointwise,0.01,40,TRUE,1,0.00743356283707384,1,0.05,iid,5000,ho_reconstruction,3,2
dev,adjacent_simultaneous,0.01,40,TRUE,1,0.00779621704710235,9,0.05,iid,5000,ho_reconstruction,3,2
dev,total_gain,0.01,60,TRUE,4,0.00622916355225371,45,0.05,iid,5000,ho_reconstruction,3,2
dev,adjacent_pointwise,0.005,50,TRUE,1,0.00480142367713697,1,0.05,iid,5000,ho_reconstruction,3,2
dev,adjacent_simultaneous,0.005,60,TRUE,1,0.00264058236740489,9,0.05,iid,5000,ho_reconstruction,3,2
dev,total_gain,0.005,70,TRUE,3,0.00411629158854755,45,0.05,iid,5000,ho_reconstruction,3,2
dev,adjacent_pointwise,0.01,40,TRUE,1,0.00242422970948974,1,0.05,iid,4673,ho_completion,3,2
dev,adjacent_simultaneous,0.01,40,TRUE,1,0.00357417903847375,9,0.05,iid,4673,ho_completion,3,2
dev,total_gain,0.01,40,TRUE,6,0.00704999007319452,45,0.05,iid,4673,ho_completion,3,2
dev,adjacent_pointwise,0.005,40,TRUE,1,0.00242422970948974,1,0.05,iid,4673,ho_completion,3,2
dev,adjacent_simultaneous,0.005,40,TRUE,1,0.00357417903847375,9,0.05,iid,4673,ho_completion,3,2
dev,total_gain,0.005,60,TRUE,4,0.00255276091113524,45,0.05,iid,4673,ho_completion,3,2
dev,adjacent_pointwise,0.01,40,TRUE,1,0.008165239522075,1,0.05,iid,5000,ho_reconstruction,3,3
dev,adjacent_simultaneous,0.01,40,TRUE,1,0.00851971425088556,9,0.05,iid,5000,ho_reconstruction,3,3
dev,total_gain,0.01,50,TRUE,5,0.00885770442615787,45,0.05,iid,5000,ho_reconstruction,3,3
dev,adjacent_pointwise,0.005,50,TRUE,1,0.00363233628640185,1,0.05,iid,5000,ho_reconstruction,3,3
dev,adjacent_simultaneous,0.005,50,TRUE,1,0.00388720314510246,9,0.05,iid,5000,ho_reconstruction,3,3
dev,total_gain,0.005,70,TRUE,3,0.00364587062152335,45,0.05,iid,5000,ho_reconstruction,3,3
dev,adjacent_pointwise,0.01,40,TRUE,1,0.000865225027496782,1,0.05,iid,4689,ho_completion,3,3
dev,adjacent_simultaneous,0.01,40,TRUE,1,0.00206875400725579,9,0.05,iid,4689,ho_completion,3,3
dev,total_gain,0.01,40,TRUE,6,0.00528509848161742,45,0.05,iid,4689,ho_completion,3,3
dev,adjacent_pointwise,0.005,40,TRUE,1,0.000865225027496782,1,0.05,iid,4689,ho_completion,3,3
dev,adjacent_simultaneous,0.005,40,TRUE,1,0.00206875400725579,9,0.05,iid,4689,ho_completion,3,3
dev,total_gain,0.005,70,TRUE,3,0.00138558981561024,45,0.05,iid,4689,ho_completion,3,3
dev,adjacent_pointwise,0.01,40,TRUE,1,0.0079586784161746,1,0.05,iid,5000,ho_reconstruction,3,4
dev,adjacent_simultaneous,0.01,40,TRUE,1,0.00832440287879701,9,0.05,iid,5000,ho_reconstruction,3,4
dev,total_gain,0.01,50,TRUE,5,0.0098739762433675,45,0.05,iid,5000,ho_reconstruction,3,4
dev,adjacent_pointwise,0.005,50,TRUE,1,0.0043780571325075,1,0.05,iid,5000,ho_reconstruction,3,4
dev,adjacent_simultaneous,0.005,50,TRUE,1,0.00463813088582455,9,0.05,iid,5000,ho_reconstruction,3,4
dev,total_gain,0.005,70,TRUE,3,0.00391370507200928,45,0.05,iid,5000,ho_reconstruction,3,4
dev,adjacent_pointwise,0.01,40,TRUE,1,0.0010861859719549,1,0.05,iid,4634,ho_completion,3,4
dev,adjacent_simultaneous,0.01,40,TRUE,1,0.00222900408137851,9,0.05,iid,4634,ho_completion,3,4
dev,total_gain,0.01,40,TRUE,6,0.00289299817256348,45,0.05,iid,4634,ho_completion,3,4
dev,adjacent_pointwise,0.005,40,TRUE,1,0.0010861859719549,1,0.05,iid,4634,ho_completion,3,4
dev,adjacent_simultaneous,0.005,40,TRUE,1,0.00222900408137851,9,0.05,iid,4634,ho_completion,3,4
dev,total_gain,0.005,40,TRUE,6,0.00289299817256348,45,0.05,iid,4634,ho_completion,3,4
dev,adjacent_pointwise,0.01,40,TRUE,1,0.00813973943829246,1,0.05,iid,5000,ho_reconstruction,3,5
dev,adjacent_simultaneous,0.01,40,TRUE,1,0.00850936435394062,9,0.05,iid,5000,ho_reconstruction,3,5
dev,total_gain,0.01,50,TRUE,5,0.00959096916862928,45,0.05,iid,5000,ho_reconstruction,3,5
dev,adjacent_pointwise,0.005,50,TRUE,1,0.00421416810603727,1,0.05,iid,5000,ho_reconstruction,3,5
dev,adjacent_simultaneous,0.005,50,TRUE,1,0.00447516184724223,9,0.05,iid,5000,ho_reconstruction,3,5
dev,total_gain,0.005,70,TRUE,3,0.00376353123254865,45,0.05,iid,5000,ho_reconstruction,3,5
dev,adjacent_pointwise,0.01,40,TRUE,1,0.00262972885336527,1,0.05,iid,4658,ho_completion,3,5
dev,adjacent_simultaneous,0.01,40,TRUE,1,0.0037620822153323,9,0.05,iid,4658,ho_completion,3,5
dev,total_gain,0.01,40,TRUE,6,0.00511949255457874,45,0.05,iid,4658,ho_completion,3,5
dev,adjacent_pointwise,0.005,40,TRUE,1,0.00262972885336527,1,0.05,iid,4658,ho_completion,3,5
dev,adjacent_simultaneous,0.005,40,TRUE,1,0.0037620822153323,9,0.05,iid,4658,ho_completion,3,5
dev,total_gain,0.005,50,TRUE,5,0.00486493772851025,45,0.05,iid,4658,ho_completion,3,5
dev,adjacent_pointwise,0.01,40,TRUE,1,0.00766838313052005,1,0.05,iid,5000,ho_reconstruction,3,6
dev,adjacent_simultaneous,0.01,40,TRUE,1,0.00803258955243565,9,0.05,iid,5000,ho_reconstruction,3,6
dev,total_gain,0.01,60,TRUE,4,0.00583169556804272,45,0.05,iid,5000,ho_reconstruction,3,6
dev,adjacent_pointwise,0.005,50,TRUE,1,0.00463870274257836,1,0.05,iid,5000,ho_reconstruction,3,6
dev,adjacent_simultaneous,0.005,50,TRUE,1,0.00489895214205631,9,0.05,iid,5000,ho_reconstruction,3,6
dev,total_gain,0.005,70,TRUE,3,0.00403424035393314,45,0.05,iid,5000,ho_reconstruction,3,6
dev,adjacent_pointwise,0.01,40,TRUE,1,0.00151693843850004,1,0.05,iid,4630,ho_completion,3,6
dev,adjacent_simultaneous,0.01,40,TRUE,1,0.00263249824215113,9,0.05,iid,4630,ho_completion,3,6
dev,total_gain,0.01,40,TRUE,6,0.00591276558370394,45,0.05,iid,4630,ho_completion,3,6
dev,adjacent_pointwise,0.005,40,TRUE,1,0.00151693843850004,1,0.05,iid,4630,ho_completion,3,6
dev,adjacent_simultaneous,0.005,40,TRUE,1,0.00263249824215113,9,0.05,iid,4630,ho_completion,3,6
dev,total_gain,0.005,70,TRUE,3,-6.44129182749299e-07,45,0.05,iid,4630,ho_completion,3,6
dev,adjacent_pointwise,0.01,40,TRUE,1,0.00739773708112025,1,0.05,iid,5000,ho_reconstruction,3,7
dev,adjacent_simultaneous,0.01,40,TRUE,1,0.00775576850453685,9,0.05,iid,5000,ho_reconstruction,3,7
dev,total_gain,0.01,50,TRUE,5,0.00979476208223685,45,0.05,iid,5000,ho_reconstruction,3,7
dev,adjacent_pointwise,0.005,50,TRUE,1,0.00448139301147101,1,0.05,iid,5000,ho_reconstruction,3,7
dev,adjacent_simultaneous,0.005,50,TRUE,1,0.00474329577733331,9,0.05,iid,5000,ho_reconstruction,3,7
dev,total_gain,0.005,70,TRUE,3,0.00369230671009554,45,0.05,iid,5000,ho_reconstruction,3,7
dev,adjacent_pointwise,0.01,40,TRUE,1,0.000123296767279897,1,0.05,iid,4677,ho_completion,3,7
dev,adjacent_simultaneous,0.01,40,TRUE,1,0.00127061903196424,9,0.05,iid,4677,ho_completion,3,7
dev,total_gain,0.01,40,TRUE,6,0.00396331373625598,45,0.05,iid,4677,ho_completion,3,7
dev,adjacent_pointwise,0.005,40,TRUE,1,0.000123296767279897,1,0.05,iid,4677,ho_completion,3,7
dev,adjacent_simultaneous,0.005,40,TRUE,1,0.00127061903196424,9,0.05,iid,4677,ho_completion,3,7
dev,total_gain,0.005,40,TRUE,6,0.00396331373625598,45,0.05,iid,4677,ho_completion,3,7
dev,adjacent_pointwise,0.01,40,TRUE,1,0.00808107354016583,1,0.05,iid,5000,ho_reconstruction,3,8
dev,adjacent_simultaneous,0.01,40,TRUE,1,0.00843552919685591,9,0.05,iid,5000,ho_reconstruction,3,8
dev,total_gain,0.01,50,TRUE,5,0.00956420910790076,45,0.05,iid,5000,ho_reconstruction,3,8
dev,adjacent_pointwise,0.005,50,TRUE,1,0.00416116700009663,1,0.05,iid,5000,ho_reconstruction,3,8
dev,adjacent_simultaneous,0.005,50,TRUE,1,0.00441301735230055,9,0.05,iid,5000,ho_reconstruction,3,8
dev,total_gain,0.005,70,TRUE,3,0.00398903389810213,45,0.05,iid,5000,ho_reconstruction,3,8
dev,adjacent_pointwise,0.01,40,TRUE,1,0.000106796930945628,1,0.05,iid,4628,ho_completion,3,8
dev,adjacent_simultaneous,0.01,40,TRUE,1,0.0012449847673724,9,0.05,iid,4628,ho_completion,3,8
dev,total_gain,0.01,40,TRUE,6,0.00566243224941221,45,0.05,iid,4628,ho_completion,3,8
dev,adjacent_pointwise,0.005,40,TRUE,1,0.000106796930945628,1,0.05,iid,4628,ho_completion,3,8
dev,adjacent_simultaneous,0.005,40,TRUE,1,0.0012449847673724,9,0.05,iid,4628,ho_completion,3,8
dev,total_gain,0.005,70,TRUE,3,0.00118362096884613,45,0.05,iid,4628,ho_completion,3,8
dev,adjacent_pointwise,0.01,40,TRUE,1,0.00802608279398409,1,0.05,iid,5000,ho_reconstruction,3,9
dev,adjacent_simultaneous,0.01,40,TRUE,1,0.00837959428404377,9,0.05,iid,5000,ho_reconstruction,3,9
dev,total_gain,0.01,50,TRUE,5,0.00996138040259369,45,0.05,iid,5000,ho_reconstruction,3,9
dev,adjacent_pointwise,0.005,50,TRUE,1,0.00403700572711446,1,0.05,iid,5000,ho_reconstruction,3,9
dev,adjacent_simultaneous,0.005,50,TRUE,1,0.00430035960717501,9,0.05,iid,5000,ho_reconstruction,3,9
dev,total_gain,0.005,70,TRUE,3,0.00414289318514423,45,0.05,iid,5000,ho_reconstruction,3,9
dev,adjacent_pointwise,0.01,40,TRUE,1,0.00105728502202364,1,0.05,iid,4648,ho_completion,3,9
dev,adjacent_simultaneous,0.01,40,TRUE,1,0.00215425848855045,9,0.05,iid,4648,ho_completion,3,9
dev,total_gain,0.01,40,TRUE,6,0.00535838760931757,45,0.05,iid,4648,ho_completion,3,9
dev,adjacent_pointwise,0.005,40,TRUE,1,0.00105728502202364,1,0.05,iid,4648,ho_completion,3,9
dev,adjacent_simultaneous,0.005,40,TRUE,1,0.00215425848855045,9,0.05,iid,4648,ho_completion,3,9
dev,total_gain,0.005,70,TRUE,3,0.0015666272871935,45,0.05,iid,4648,ho_completion,3,9
dev,adjacent_pointwise,0.01,40,TRUE,1,0.00813981197383136,1,0.05,iid,5000,ho_reconstruction,3,10
dev,adjacent_simultaneous,0.01,40,TRUE,1,0.00850344363865741,9,0.05,iid,5000,ho_reconstruction,3,10
dev,total_gain,0.01,50,TRUE,5,0.00972516289084685,45,0.05,iid,5000,ho_reconstruction,3,10
dev,adjacent_pointwise,0.005,50,TRUE,1,0.00458083586363069,1,0.05,iid,5000,ho_reconstruction,3,10
dev,adjacent_simultaneous,0.005,50,TRUE,1,0.00484025288003006,9,0.05,iid,5000,ho_reconstruction,3,10
dev,total_gain,0.005,70,TRUE,3,0.00371334972431906,45,0.05,iid,5000,ho_reconstruction,3,10
dev,adjacent_pointwise,0.01,40,TRUE,1,-0.00218712571052424,1,0.05,iid,4669,ho_completion,3,10
dev,adjacent_simultaneous,0.01,40,TRUE,1,-0.00112807254565736,9,0.05,iid,4669,ho_completion,3,10
dev,total_gain,0.01,40,TRUE,6,0.00370488131385061,45,0.05,iid,4669,ho_completion,3,10
dev,adjacent_pointwise,0.005,40,TRUE,1,-0.00218712571052424,1,0.05,iid,4669,ho_completion,3,10
dev,adjacent_simultaneous,0.005,40,TRUE,1,-0.00112807254565736,9,0.05,iid,4669,ho_completion,3,10
dev,total_gain,0.005,40,TRUE,6,0.00370488131385061,45,0.05,iid,4669,ho_completion,3,10
dev,adjacent_pointwise,0.01,40,TRUE,1,0.00740993885926023,1,0.05,iid,5000,ho_reconstruction,4,1
dev,adjacent_simultaneous,0.01,40,TRUE,1,0.00769909802187555,9,0.05,iid,5000,ho_reconstruction,4,1
dev,total_gain,0.01,50,TRUE,5,0.00571107111082247,45,0.05,iid,5000,ho_reconstruction,4,1
dev,adjacent_pointwise,0.005,50,TRUE,1,0.000116746265818154,1,0.05,iid,5000,ho_reconstruction,4,1
dev,adjacent_simultaneous,0.005,50,TRUE,1,0.000328324603423957,9,0.05,iid,5000,ho_reconstruction,4,1
dev,total_gain,0.005,70,TRUE,3,0.00381360442275664,45,0.05,iid,5000,ho_reconstruction,4,1
dev,adjacent_pointwise,0.01,40,TRUE,1,0.00594507999000587,1,0.05,iid,4487,ho_completion,4,1
dev,adjacent_simultaneous,0.01,40,TRUE,1,0.00722888983045237,9,0.05,iid,4487,ho_completion,4,1
dev,total_gain,0.01,40,TRUE,6,0.00797480218626159,45,0.05,iid,4487,ho_completion,4,1
dev,adjacent_pointwise,0.005,50,TRUE,1,0.00139358761786052,1,0.05,iid,4487,ho_completion,4,1
dev,adjacent_simultaneous,0.005,50,TRUE,1,0.00244194974490115,9,0.05,iid,4487,ho_completion,4,1
dev,total_gain,0.005,50,TRUE,5,0.00305106352428305,45,0.05,iid,4487,ho_completion,4,1
dev,adjacent_pointwise,0.01,40,TRUE,1,0.00678739943526542,1,0.05,iid,5000,ho_reconstruction,4,2
dev,adjacent_simultaneous,0.01,40,TRUE,1,0.00706588388711517,9,0.05,iid,5000,ho_reconstruction,4,2
dev,total_gain,0.01,50,TRUE,5,0.00616033713412931,45,0.05,iid,5000,ho_reconstruction,4,2
dev,adjacent_pointwise,0.005,50,TRUE,1,0.000565203899359789,1,0.05,iid,5000,ho_reconstruction,4,2
dev,adjacent_simultaneous,0.005,50,TRUE,1,0.000774189677036614,9,0.05,iid,5000,ho_reconstruction,4,2
dev,total_gain,0.005,70,TRUE,3,0.00423483968304166,45,0.05,iid,5000,ho_reconstruction,4,2
dev,adjacent_pointwise,0.01,40,TRUE,1,0.00695327614689739,1,0.05,iid,4480,ho_completion,4,2
dev,adjacent_simultaneous,0.01,40,TRUE,1,0.00823291112078447,9,0.05,iid,4480,ho_completion,4,2
dev,total_gain,0.01,40,TRUE,6,0.00980828380409849,45,0.05,iid,4480,ho_completion,4,2
dev,adjacent_pointwise,0.005,50,TRUE,1,0.00239985899037904,1,0.05,iid,4480,ho_completion,4,2
dev,adjacent_simultaneous,0.005,50,TRUE,1,0.00347951461015722,9,0.05,iid,4480,ho_completion,4,2
dev,total_gain,0.005,50,TRUE,5,0.00410681036801752,45,0.05,iid,4480,ho_completion,4,2
dev,adjacent_pointwise,0.01,40,TRUE,1,0.00753851605150497,1,0.05,iid,5000,ho_reconstruction,4,3
dev,adjacent_simultaneous,0.01,40,TRUE,1,0.00781878268936196,9,0.05,iid,5000,ho_reconstruction,4,3
dev,total_gain,0.01,50,TRUE,5,0.00525935249231562,45,0.05,iid,5000,ho_reconstruction,4,3
dev,adjacent_pointwise,0.005,50,TRUE,1,-0.000355566521472266,1,0.05,iid,5000,ho_reconstruction,4,3
dev,adjacent_simultaneous,0.005,50,TRUE,1,-0.000157908943070082,9,0.05,iid,5000,ho_reconstruction,4,3
dev,total_gain,0.005,70,TRUE,3,0.00359607753721616,45,0.05,iid,5000,ho_reconstruction,4,3
dev,adjacent_pointwise,0.01,40,TRUE,1,0.00288444007983038,1,0.05,iid,4506,ho_completion,4,3
dev,adjacent_simultaneous,0.01,40,TRUE,1,0.00418446571082769,9,0.05,iid,4506,ho_completion,4,3
dev,total_gain,0.01,40,TRUE,6,0.00649128357294203,45,0.05,iid,4506,ho_completion,4,3
dev,adjacent_pointwise,0.005,40,TRUE,1,0.00288444007983038,1,0.05,iid,4506,ho_completion,4,3
dev,adjacent_simultaneous,0.005,40,TRUE,1,0.00418446571082769,9,0.05,iid,4506,ho_completion,4,3
dev,total_gain,0.005,60,TRUE,4,0.000717058112087914,45,0.05,iid,4506,ho_completion,4,3
dev,adjacent_pointwise,0.01,40,TRUE,1,0.00740626168777159,1,0.05,iid,5000,ho_reconstruction,4,4
dev,adjacent_simultaneous,0.01,40,TRUE,1,0.00768769256385948,9,0.05,iid,5000,ho_reconstruction,4,4
dev,total_gain,0.01,50,TRUE,5,0.0055049402072516,45,0.05,iid,5000,ho_reconstruction,4,4
dev,adjacent_pointwise,0.005,50,TRUE,1,6.01902081442995e-05,1,0.05,iid,5000,ho_reconstruction,4,4
dev,adjacent_simultaneous,0.005,50,TRUE,1,0.000268282757231693,9,0.05,iid,5000,ho_reconstruction,4,4
dev,total_gain,0.005,70,TRUE,3,0.00379740779699211,45,0.05,iid,5000,ho_reconstruction,4,4
dev,adjacent_pointwise,0.01,40,TRUE,1,0.00454309522906548,1,0.05,iid,4475,ho_completion,4,4
dev,adjacent_simultaneous,0.01,40,TRUE,1,0.00576961393227686,9,0.05,iid,4475,ho_completion,4,4
dev,total_gain,0.01,40,TRUE,6,0.00648223929666749,45,0.05,iid,4475,ho_completion,4,4
dev,adjacent_pointwise,0.005,40,TRUE,1,0.00454309522906548,1,0.05,iid,4475,ho_completion,4,4
dev,adjacent_simultaneous,0.005,50,TRUE,1,0.00134370172672518,9,0.05,iid,4475,ho_completion,4,4
dev,total_gain,0.005,50,TRUE,5,0.00222374950444291,45,0.05,iid,4475,ho_completion,4,4
dev,adjacent_pointwise,0.01,40,TRUE,1,0.00717764218391159,1,0.05,iid,5000,ho_reconstruction,4,5
dev,adjacent_simultaneous,0.01,40,TRUE,1,0.0074566154155226,9,0.05,iid,5000,ho_reconstruction,4,5
dev,total_gain,0.01,50,TRUE,5,0.00591880768155181,45,0.05,iid,5000,ho_reconstruction,4,5
dev,adjacent_pointwise,0.005,50,TRUE,1,0.000243174873445768,1,0.05,iid,5000,ho_reconstruction,4,5
dev,adjacent_simultaneous,0.005,50,TRUE,1,0.000446914320421369,9,0.05,iid,5000,ho_reconstruction,4,5
dev,total_gain,0.005,70,TRUE,3,0.00393895975047573,45,0.05,iid,5000,ho_reconstruction,4,5
dev,adjacent_pointwise,0.01,40,TRUE,1,0.0049820547334894,1,0.05,iid,4488,ho_completion,4,5
dev,adjacent_simultaneous,0.01,40,TRUE,1,0.00615744515535065,9,0.05,iid,4488,ho_completion,4,5
dev,total_gain,0.01,40,TRUE,6,0.00684036423802507,45,0.05,iid,4488,ho_completion,4,5
dev,adjacent_pointwise,0.005,40,TRUE,1,0.0049820547334894,1,0.05,iid,4488,ho_completion,4,5
dev,adjacent_simultaneous,0.005,50,TRUE,1,0.00212945020680438,9,0.05,iid,4488,ho_completion,4,5
dev,total_gain,0.005,50,TRUE,5,0.00275609150136285,45,0.05,iid,4488,ho_completion,4,5
dev,adjacent_pointwise,0.01,40,TRUE,1,0.00764591985880392,1,0.05,iid,5000,ho_reconstruction,4,6
dev,adjacent_simultaneous,0.01,40,TRUE,1,0.00792766549845638,9,0.05,iid,5000,ho_reconstruction,4,6
dev,total_gain,0.01,50,TRUE,5,0.00552085454104603,45,0.05,iid,5000,ho_reconstruction,4,6
dev,adjacent_pointwise,0.005,50,TRUE,1,0.000149895463573548,1,0.05,iid,5000,ho_reconstruction,4,6
dev,adjacent_simultaneous,0.005,50,TRUE,1,0.000352969265325284,9,0.05,iid,5000,ho_reconstruction,4,6
dev,total_gain,0.005,70,TRUE,3,0.00354590210375546,45,0.05,iid,5000,ho_reconstruction,4,6
dev,adjacent_pointwise,0.01,40,TRUE,1,0.00628841800014399,1,0.05,iid,4521,ho_completion,4,6
dev,adjacent_simultaneous,0.01,40,TRUE,1,0.00764033856895456,9,0.05,iid,4521,ho_completion,4,6
dev,total_gain,0.01,40,TRUE,6,0.00842582425739398,45,0.05,iid,4521,ho_completion,4,6
dev,adjacent_pointwise,0.005,50,TRUE,1,0.000253545363138742,1,0.05,iid,4521,ho_completion,4,6
dev,adjacent_simultaneous,0.005,50,TRUE,1,0.0013017520903584,9,0.05,iid,4521,ho_completion,4,6
dev,total_gain,0.005,50,TRUE,5,0.00202270082353758,45,0.05,iid,4521,ho_completion,4,6
dev,adjacent_pointwise,0.01,40,TRUE,1,0.00777760209858345,1,0.05,iid,5000,ho_reconstruction,4,7
dev,adjacent_simultaneous,0.01,40,TRUE,1,0.00806420867433937,9,0.05,iid,5000,ho_reconstruction,4,7
dev,total_gain,0.01,50,TRUE,5,0.00582198235981756,45,0.05,iid,5000,ho_reconstruction,4,7
dev,adjacent_pointwise,0.005,50,TRUE,1,0.000132053055243663,1,0.05,iid,5000,ho_reconstruction,4,7
dev,adjacent_simultaneous,0.005,50,TRUE,1,0.00033237400791176,9,0.05,iid,5000,ho_reconstruction,4,7
dev,total_gain,0.005,70,TRUE,3,0.00406328011731199,45,0.05,iid,5000,ho_reconstruction,4,7
dev,adjacent_pointwise,0.01,40,TRUE,1,0.00330672536243659,1,0.05,iid,4513,ho_completion,4,7
dev,adjacent_simultaneous,0.01,40,TRUE,1,0.00465257198797991,9,0.05,iid,4513,ho_completion,4,7
dev,total_gain,0.01,40,TRUE,6,0.00543452862625257,45,0.05,iid,4513,ho_completion,4,7
dev,adjacent_pointwise,0.005,40,TRUE,1,0.00330672536243659,1,0.05,iid,4513,ho_completion,4,7
dev,adjacent_simultaneous,0.005,40,TRUE,1,0.00465257198797991,9,0.05,iid,4513,ho_completion,4,7
dev,total_gain,0.005,50,TRUE,5,0.00260440600710921,45,0.05,iid,4513,ho_completion,4,7
dev,adjacent_pointwise,0.01,40,TRUE,1,0.00690644036156529,1,0.05,iid,5000,ho_reconstruction,4,8
dev,adjacent_simultaneous,0.01,40,TRUE,1,0.00718237309019254,9,0.05,iid,5000,ho_reconstruction,4,8
dev,total_gain,0.01,50,TRUE,5,0.00555444833663387,45,0.05,iid,5000,ho_reconstruction,4,8
dev,adjacent_pointwise,0.005,50,TRUE,1,-0.000341453520877043,1,0.05,iid,5000,ho_reconstruction,4,8
dev,adjacent_simultaneous,0.005,50,TRUE,1,-0.000139387638711335,9,0.05,iid,5000,ho_reconstruction,4,8
dev,total_gain,0.005,70,TRUE,3,0.00374178552268774,45,0.05,iid,5000,ho_reconstruction,4,8
dev,adjacent_pointwise,0.01,40,TRUE,1,0.00736565790205163,1,0.05,iid,4484,ho_completion,4,8
dev,adjacent_simultaneous,0.01,40,TRUE,1,0.00869988631140225,9,0.05,iid,4484,ho_completion,4,8
dev,total_gain,0.01,40,TRUE,6,0.0094750925955823,45,0.05,iid,4484,ho_completion,4,8
dev,adjacent_pointwise,0.005,50,TRUE,1,-0.000633951304271532,1,0.05,iid,4484,ho_completion,4,8
dev,adjacent_simultaneous,0.005,50,TRUE,1,0.000463734332038664,9,0.05,iid,4484,ho_completion,4,8
dev,total_gain,0.005,50,TRUE,5,0.0011015057940749,45,0.05,iid,4484,ho_completion,4,8
dev,adjacent_pointwise,0.01,40,TRUE,1,0.00783249340360276,1,0.05,iid,5000,ho_reconstruction,4,9
dev,adjacent_simultaneous,0.01,40,TRUE,1,0.00812057165306737,9,0.05,iid,5000,ho_reconstruction,4,9
dev,total_gain,0.01,50,TRUE,5,0.00561798097773913,45,0.05,iid,5000,ho_reconstruction,4,9
dev,adjacent_pointwise,0.005,50,TRUE,1,0.000294406606926517,1,0.05,iid,5000,ho_reconstruction,4,9
dev,adjacent_simultaneous,0.005,50,TRUE,1,0.000500543155923596,9,0.05,iid,5000,ho_reconstruction,4,9
dev,total_gain,0.005,70,TRUE,3,0.00392009191875674,45,0.05,iid,5000,ho_reconstruction,4,9
dev,adjacent_pointwise,0.01,40,TRUE,1,0.00801716055595682,1,0.05,iid,4489,ho_completion,4,9
dev,adjacent_simultaneous,0.01,40,TRUE,1,0.00940280891534072,9,0.05,iid,4489,ho_completion,4,9
dev,total_gain,0.01,50,TRUE,5,0.0033520002854854,45,0.05,iid,4489,ho_completion,4,9
dev,adjacent_pointwise,0.005,50,TRUE,1,0.000529841695088055,1,0.05,iid,4489,ho_completion,4,9
dev,adjacent_simultaneous,0.005,50,TRUE,1,0.00159618531460658,9,0.05,iid,4489,ho_completion,4,9
dev,total_gain,0.005,50,TRUE,5,0.0033520002854854,45,0.05,iid,4489,ho_completion,4,9
dev,adjacent_pointwise,0.01,40,TRUE,1,0.00848282913775879,1,0.05,iid,5000,ho_reconstruction,4,10
dev,adjacent_simultaneous,0.01,40,TRUE,1,0.00877972034800747,9,0.05,iid,5000,ho_reconstruction,4,10
dev,total_gain,0.01,50,TRUE,5,0.00514857764247447,45,0.05,iid,5000,ho_reconstruction,4,10
dev,adjacent_pointwise,0.005,50,TRUE,1,-0.00022675337066562,1,0.05,iid,5000,ho_reconstruction,4,10
dev,adjacent_simultaneous,0.005,50,TRUE,1,-2.40395132274435e-05,9,0.05,iid,5000,ho_reconstruction,4,10
dev,total_gain,0.005,70,TRUE,3,0.00394970485406506,45,0.05,iid,5000,ho_reconstruction,4,10
dev,adjacent_pointwise,0.01,40,TRUE,1,0.00253276706992491,1,0.05,iid,4483,ho_completion,4,10
dev,adjacent_simultaneous,0.01,40,TRUE,1,0.00386929198420355,9,0.05,iid,4483,ho_completion,4,10
dev,total_gain,0.01,40,TRUE,6,0.00464583257144548,45,0.05,iid,4483,ho_completion,4,10
dev,adjacent_pointwise,0.005,40,TRUE,1,0.00253276706992491,1,0.05,iid,4483,ho_completion,4,10
dev,adjacent_simultaneous,0.005,40,TRUE,1,0.00386929198420355,9,0.05,iid,4483,ho_completion,4,10
dev,total_gain,0.005,40,TRUE,6,0.00464583257144548,45,0.05,iid,4483,ho_completion,4,10
dev,adjacent_pointwise,0.01,50,TRUE,1,0.00132931092017784,1,0.05,iid,5000,ho_reconstruction,5,1
dev,adjacent_simultaneous,0.01,50,TRUE,1,0.00148007227430439,9,0.05,iid,5000,ho_reconstruction,5,1
dev,total_gain,0.01,50,TRUE,5,0.00535617078620066,45,0.05,iid,5000,ho_reconstruction,5,1
dev,adjacent_pointwise,0.005,50,TRUE,1,0.00132931092017784,1,0.05,iid,5000,ho_reconstruction,5,1
dev,adjacent_simultaneous,0.005,50,TRUE,1,0.00148007227430439,9,0.05,iid,5000,ho_reconstruction,5,1
dev,total_gain,0.005,60,TRUE,4,0.00430915406056957,45,0.05,iid,5000,ho_reconstruction,5,1
dev,adjacent_pointwise,0.01,40,TRUE,1,0.00262709223181975,1,0.05,iid,4447,ho_completion,5,1
dev,adjacent_simultaneous,0.01,40,TRUE,1,0.00361436362172823,9,0.05,iid,4447,ho_completion,5,1
dev,total_gain,0.01,40,TRUE,6,0.00418798278639638,45,0.05,iid,4447,ho_completion,5,1
dev,adjacent_pointwise,0.005,40,TRUE,1,0.00262709223181975,1,0.05,iid,4447,ho_completion,5,1
dev,adjacent_simultaneous,0.005,40,TRUE,1,0.00361436362172823,9,0.05,iid,4447,ho_completion,5,1
dev,total_gain,0.005,40,TRUE,6,0.00418798278639638,45,0.05,iid,4447,ho_completion,5,1
dev,adjacent_pointwise,0.01,50,TRUE,1,0.00136824419521672,1,0.05,iid,5000,ho_reconstruction,5,2
dev,adjacent_simultaneous,0.01,50,TRUE,1,0.00151962798332014,9,0.05,iid,5000,ho_reconstruction,5,2
dev,total_gain,0.01,50,TRUE,5,0.00512449567167273,45,0.05,iid,5000,ho_reconstruction,5,2
dev,adjacent_pointwise,0.005,50,TRUE,1,0.00136824419521672,1,0.05,iid,5000,ho_reconstruction,5,2
dev,adjacent_simultaneous,0.005,50,TRUE,1,0.00151962798332014,9,0.05,iid,5000,ho_reconstruction,5,2
dev,total_gain,0.005,60,TRUE,4,0.00403324435846331,45,0.05,iid,5000,ho_reconstruction,5,2
dev,adjacent_pointwise,0.01,40,TRUE,1,0.00340897562823513,1,0.05,iid,4436,ho_completion,5,2
dev,adjacent_simultaneous,0.01,40,TRUE,1,0.00442250114805713,9,0.05,iid,4436,ho_completion,5,2
dev,total_gain,0.01,40,TRUE,6,0.00501137434745577,45,0.05,iid,4436,ho_completion,5,2
dev,adjacent_pointwise,0.005,40,TRUE,1,0.00340897562823513,1,0.05,iid,4436,ho_completion,5,2
dev,adjacent_simultaneous,0.005,40,TRUE,1,0.00442250114805713,9,0.05,iid,4436,ho_completion,5,2
dev,total_gain,0.005,50,TRUE,5,0.0018890388042149,45,0.05,iid,4436,ho_completion,5,2
dev,adjacent_pointwise,0.01,50,TRUE,1,0.00148631254656829,1,0.05,iid,5000,ho_reconstruction,5,3
dev,adjacent_simultaneous,0.01,50,TRUE,1,0.00164354773539812,9,0.05,iid,5000,ho_reconstruction,5,3
dev,total_gain,0.01,50,TRUE,5,0.00506130430020164,45,0.05,iid,5000,ho_reconstruction,5,3
dev,adjacent_pointwise,0.005,50,TRUE,1,0.00148631254656829,1,0.05,iid,5000,ho_reconstruction,5,3
dev,adjacent_simultaneous,0.005,50,TRUE,1,0.00164354773539812,9,0.05,iid,5000,ho_reconstruction,5,3
dev,total_gain,0.005,60,TRUE,4,0.00385972756784249,45,0.05,iid,5000,ho_reconstruction,5,3
dev,adjacent_pointwise,0.01,40,TRUE,1,0.00216144429558015,1,0.05,iid,4454,ho_completion,5,3
dev,adjacent_simultaneous,0.01,40,TRUE,1,0.00309565417342433,9,0.05,iid,4454,ho_completion,5,3
dev,total_gain,0.01,40,TRUE,6,0.00363844382096329,45,0.05,iid,4454,ho_completion,5,3
dev,adjacent_pointwise,0.005,40,TRUE,1,0.00216144429558015,1,0.05,iid,4454,ho_completion,5,3
dev,adjacent_simultaneous,0.005,40,TRUE,1,0.00309565417342433,9,0.05,iid,4454,ho_completion,5,3
dev,total_gain,0.005,40,TRUE,6,0.00363844382096329,45,0.05,iid,4454,ho_completion,5,3
dev,adjacent_pointwise,0.01,50,TRUE,1,0.00127295288378096,1,0.05,iid,5000,ho_reconstruction,5,4
dev,adjacent_simultaneous,0.01,50,TRUE,1,0.00142403787876012,9,0.05,iid,5000,ho_reconstruction,5,4
dev,total_gain,0.01,50,TRUE,5,0.00525557876929308,45,0.05,iid,5000,ho_reconstruction,5,4
dev,adjacent_pointwise,0.005,50,TRUE,1,0.00127295288378096,1,0.05,iid,5000,ho_reconstruction,5,4
dev,adjacent_simultaneous,0.005,50,TRUE,1,0.00142403787876012,9,0.05,iid,5000,ho_reconstruction,5,4
dev,total_gain,0.005,60,TRUE,4,0.00427235634952841,45,0.05,iid,5000,ho_reconstruction,5,4
dev,adjacent_pointwise,0.01,40,TRUE,1,0.000326967919951682,1,0.05,iid,4517,ho_completion,5,4
dev,adjacent_simultaneous,0.01,40,TRUE,1,0.0012716649523412,9,0.05,iid,4517,ho_completion,5,4
dev,total_gain,0.01,40,TRUE,6,0.00293708440618597,45,0.05,iid,4517,ho_completion,5,4
dev,adjacent_pointwise,0.005,40,TRUE,1,0.000326967919951682,1,0.05,iid,4517,ho_completion,5,4
dev,adjacent_simultaneous,0.005,40,TRUE,1,0.0012716649523412,9,0.05,iid,4517,ho_completion,5,4
dev,total_gain,0.005,40,TRUE,6,0.00293708440618597,45,0.05,iid,4517,ho_completion,5,4
dev,adjacent_pointwise,0.01,50,TRUE,1,0.0011341668318062,1,0.05,iid,5000,ho_reconstruction,5,5
dev,adjacent_simultaneous,0.01,50,TRUE,1,0.00128616140594564,9,0.05,iid,5000,ho_reconstruction,5,5
dev,total_gain,0.01,50,TRUE,5,0.00470417046743437,45,0.05,iid,5000,ho_reconstruction,5,5
dev,adjacent_pointwise,0.005,50,TRUE,1,0.0011341668318062,1,0.05,iid,5000,ho_reconstruction,5,5
dev,adjacent_simultaneous,0.005,50,TRUE,1,0.00128616140594564,9,0.05,iid,5000,ho_reconstruction,5,5
dev,total_gain,0.005,50,TRUE,5,0.00470417046743437,45,0.05,iid,5000,ho_reconstruction,5,5
dev,adjacent_pointwise,0.01,40,TRUE,1,0.00334818615476931,1,0.05,iid,4479,ho_completion,5,5
dev,adjacent_simultaneous,0.01,40,TRUE,1,0.00432775236287589,9,0.05,iid,4479,ho_completion,5,5
dev,total_gain,0.01,40,TRUE,6,0.004896894703852,45,0.05,iid,4479,ho_completion,5,5
dev,adjacent_pointwise,0.005,40,TRUE,1,0.00334818615476931,1,0.05,iid,4479,ho_completion,5,5
dev,adjacent_simultaneous,0.005,40,TRUE,1,0.00432775236287589,9,0.05,iid,4479,ho_completion,5,5
dev,total_gain,0.005,40,TRUE,6,0.004896894703852,45,0.05,iid,4479,ho_completion,5,5
dev,adjacent_pointwise,0.01,50,TRUE,1,0.00132087340810921,1,0.05,iid,5000,ho_reconstruction,5,6
dev,adjacent_simultaneous,0.01,50,TRUE,1,0.00146939220151357,9,0.05,iid,5000,ho_reconstruction,5,6
dev,total_gain,0.01,50,TRUE,5,0.00499052341549178,45,0.05,iid,5000,ho_reconstruction,5,6
dev,adjacent_pointwise,0.005,50,TRUE,1,0.00132087340810921,1,0.05,iid,5000,ho_reconstruction,5,6
dev,adjacent_simultaneous,0.005,50,TRUE,1,0.00146939220151357,9,0.05,iid,5000,ho_reconstruction,5,6
dev,total_gain,0.005,50,TRUE,5,0.00499052341549178,45,0.05,iid,5000,ho_reconstruction,5,6
dev,adjacent_pointwise,0.01,40,TRUE,1,-7.6342434506298e-05,1,0.05,iid,4480,ho_completion,5,6
dev,adjacent_simultaneous,0.01,40,TRUE,1,0.000883157400197354,9,0.05,iid,4480,ho_completion,5,6
dev,total_gain,0.01,40,TRUE,6,0.0014406408837742,45,0.05,iid,4480,ho_completion,5,6
dev,adjacent_pointwise,0.005,40,TRUE,1,-7.6342434506298e-05,1,0.05,iid,4480,ho_completion,5,6
dev,adjacent_simultaneous,0.005,40,TRUE,1,0.000883157400197354,9,0.05,iid,4480,ho_completion,5,6
dev,total_gain,0.005,40,TRUE,6,0.0014406408837742,45,0.05,iid,4480,ho_completion,5,6
dev,adjacent_pointwise,0.01,50,TRUE,1,0.00123499544137655,1,0.05,iid,5000,ho_reconstruction,5,7
dev,adjacent_simultaneous,0.01,50,TRUE,1,0.00138674074989646,9,0.05,iid,5000,ho_reconstruction,5,7
dev,total_gain,0.01,50,TRUE,5,0.00489733765058718,45,0.05,iid,5000,ho_reconstruction,5,7
dev,adjacent_pointwise,0.005,50,TRUE,1,0.00123499544137655,1,0.05,iid,5000,ho_reconstruction,5,7
dev,adjacent_simultaneous,0.005,50,TRUE,1,0.00138674074989646,9,0.05,iid,5000,ho_reconstruction,5,7
dev,total_gain,0.005,50,TRUE,5,0.00489733765058718,45,0.05,iid,5000,ho_reconstruction,5,7
dev,adjacent_pointwise,0.01,40,TRUE,1,0.000681682263394972,1,0.05,iid,4506,ho_completion,5,7
dev,adjacent_simultaneous,0.01,40,TRUE,1,0.00166913422030779,9,0.05,iid,4506,ho_completion,5,7
dev,total_gain,0.01,40,TRUE,6,0.00224285829705509,45,0.05,iid,4506,ho_completion,5,7
dev,adjacent_pointwise,0.005,40,TRUE,1,0.000681682263394972,1,0.05,iid,4506,ho_completion,5,7
dev,adjacent_simultaneous,0.005,40,TRUE,1,0.00166913422030779,9,0.05,iid,4506,ho_completion,5,7
dev,total_gain,0.005,40,TRUE,6,0.00224285829705509,45,0.05,iid,4506,ho_completion,5,7
dev,adjacent_pointwise,0.01,50,TRUE,1,0.000970194023374277,1,0.05,iid,5000,ho_reconstruction,5,8
dev,adjacent_simultaneous,0.01,50,TRUE,1,0.00111801480993823,9,0.05,iid,5000,ho_reconstruction,5,8
dev,total_gain,0.01,50,TRUE,5,0.00495257944323111,45,0.05,iid,5000,ho_reconstruction,5,8
dev,adjacent_pointwise,0.005,50,TRUE,1,0.000970194023374277,1,0.05,iid,5000,ho_reconstruction,5,8
dev,adjacent_simultaneous,0.005,50,TRUE,1,0.00111801480993823,9,0.05,iid,5000,ho_reconstruction,5,8
dev,total_gain,0.005,50,TRUE,5,0.00495257944323111,45,0.05,iid,5000,ho_reconstruction,5,8
dev,adjacent_pointwise,0.01,40,TRUE,1,0.00129149853035774,1,0.05,iid,4518,ho_completion,5,8
dev,adjacent_simultaneous,0.01,40,TRUE,1,0.00223281564287335,9,0.05,iid,4518,ho_completion,5,8
dev,total_gain,0.01,40,TRUE,6,0.00277973469804733,45,0.05,iid,4518,ho_completion,5,8
dev,adjacent_pointwise,0.005,40,TRUE,1,0.00129149853035774,1,0.05,iid,4518,ho_completion,5,8
dev,adjacent_simultaneous,0.005,40,TRUE,1,0.00223281564287335,9,0.05,iid,4518,ho_completion,5,8
dev,total_gain,0.005,40,TRUE,6,0.00277973469804733,45,0.05,iid,4518,ho_completion,5,8
dev,adjacent_pointwise,0.01,50,TRUE,1,0.000914338233508189,1,0.05,iid,5000,ho_reconstruction,5,9
dev,adjacent_simultaneous,0.01,50,TRUE,1,0.0010637458410964,9,0.05,iid,5000,ho_reconstruction,5,9
dev,total_gain,0.01,50,TRUE,5,0.00511411453716722,45,0.05,iid,5000,ho_reconstruction,5,9
dev,adjacent_pointwise,0.005,50,TRUE,1,0.000914338233508189,1,0.05,iid,5000,ho_reconstruction,5,9
dev,adjacent_simultaneous,0.005,50,TRUE,1,0.0010637458410964,9,0.05,iid,5000,ho_reconstruction,5,9
dev,total_gain,0.005,60,TRUE,4,0.00448056757900304,45,0.05,iid,5000,ho_reconstruction,5,9
dev,adjacent_pointwise,0.01,40,TRUE,1,-0.000178907645999908,1,0.05,iid,4509,ho_completion,5,9
dev,adjacent_simultaneous,0.01,40,TRUE,1,0.000812604870975283,9,0.05,iid,4509,ho_completion,5,9
dev,total_gain,0.01,40,TRUE,6,0.00138868819270311,45,0.05,iid,4509,ho_completion,5,9
dev,adjacent_pointwise,0.005,40,TRUE,1,-0.000178907645999908,1,0.05,iid,4509,ho_completion,5,9
dev,adjacent_simultaneous,0.005,40,TRUE,1,0.000812604870975283,9,0.05,iid,4509,ho_completion,5,9
dev,total_gain,0.005,40,TRUE,6,0.00138868819270311,45,0.05,iid,4509,ho_completion,5,9
dev,adjacent_pointwise,0.01,50,TRUE,1,0.0015850533565889,1,0.05,iid,5000,ho_reconstruction,5,10
dev,adjacent_simultaneous,0.01,50,TRUE,1,0.0017367278381381,9,0.05,iid,5000,ho_reconstruction,5,10
dev,total_gain,0.01,50,TRUE,5,0.00523875233853216,45,0.05,iid,5000,ho_reconstruction,5,10
dev,adjacent_pointwise,0.005,50,TRUE,1,0.0015850533565889,1,0.05,iid,5000,ho_reconstruction,5,10
dev,adjacent_simultaneous,0.005,50,TRUE,1,0.0017367278381381,9,0.05,iid,5000,ho_reconstruction,5,10
dev,total_gain,0.005,60,TRUE,4,0.00393502768504695,45,0.05,iid,5000,ho_reconstruction,5,10
dev,adjacent_pointwise,0.01,40,TRUE,1,-0.000294103638683218,1,0.05,iid,4448,ho_completion,5,10
dev,adjacent_simultaneous,0.01,40,TRUE,1,0.000688802128833982,9,0.05,iid,4448,ho_completion,5,10
dev,total_gain,0.01,40,TRUE,6,0.00125988480283205,45,0.05,iid,4448,ho_completion,5,10
dev,adjacent_pointwise,0.005,40,TRUE,1,-0.000294103638683218,1,0.05,iid,4448,ho_completion,5,10
dev,adjacent_simultaneous,0.005,40,TRUE,1,0.000688802128833982,9,0.05,iid,4448,ho_completion,5,10
dev,total_gain,0.005,40,TRUE,6,0.00125988480283205,45,0.05,iid,4448,ho_completion,5,10
dev,adjacent_pointwise,0.01,40,TRUE,1,0.00104750437473339,1,0.05,iid,5000,ho_reconstruction,6,1
dev,adjacent_simultaneous,0.01,40,TRUE,1,0.00121383103295003,9,0.05,iid,5000,ho_reconstruction,6,1
dev,total_gain,0.01,40,TRUE,6,0.00618063598719323,45,0.05,iid,5000,ho_reconstruction,6,1
dev,adjacent_pointwise,0.005,40,TRUE,1,0.00104750437473339,1,0.05,iid,5000,ho_reconstruction,6,1
dev,adjacent_simultaneous,0.005,40,TRUE,1,0.00121383103295003,9,0.05,iid,5000,ho_reconstruction,6,1
dev,total_gain,0.005,80,TRUE,2,0.00463800240116551,45,0.05,iid,5000,ho_reconstruction,6,1
dev,adjacent_pointwise,0.01,40,TRUE,1,-0.00119079630424881,1,0.05,iid,4347,ho_completion,6,1
dev,adjacent_simultaneous,0.01,40,TRUE,1,-0.00010034639918515,9,0.05,iid,4347,ho_completion,6,1
dev,total_gain,0.01,40,TRUE,6,0.00178373550290439,45,0.05,iid,4347,ho_completion,6,1
dev,adjacent_pointwise,0.005,40,TRUE,1,-0.00119079630424881,1,0.05,iid,4347,ho_completion,6,1
dev,adjacent_simultaneous,0.005,40,TRUE,1,-0.00010034639918515,9,0.05,iid,4347,ho_completion,6,1
dev,total_gain,0.005,40,TRUE,6,0.00178373550290439,45,0.05,iid,4347,ho_completion,6,1
dev,adjacent_pointwise,0.01,40,TRUE,1,0.0012719330222414,1,0.05,iid,5000,ho_reconstruction,6,2
dev,adjacent_simultaneous,0.01,40,TRUE,1,0.00143416651676738,9,0.05,iid,5000,ho_reconstruction,6,2
dev,total_gain,0.01,40,TRUE,6,0.00653085417256438,45,0.05,iid,5000,ho_reconstruction,6,2
dev,adjacent_pointwise,0.005,40,TRUE,1,0.0012719330222414,1,0.05,iid,5000,ho_reconstruction,6,2
dev,adjacent_simultaneous,0.005,40,TRUE,1,0.00143416651676738,9,0.05,iid,5000,ho_reconstruction,6,2
dev,total_gain,0.005,80,TRUE,2,0.00408091935087706,45,0.05,iid,5000,ho_reconstruction,6,2
dev,adjacent_pointwise,0.01,40,TRUE,1,-0.00261606048133284,1,0.05,iid,4399,ho_completion,6,2
dev,adjacent_simultaneous,0.01,40,TRUE,1,-0.00157288934086506,9,0.05,iid,4399,ho_completion,6,2
dev,total_gain,0.01,40,TRUE,6,0.000311097800173553,45,0.05,iid,4399,ho_completion,6,2
dev,adjacent_pointwise,0.005,40,TRUE,1,-0.00261606048133284,1,0.05,iid,4399,ho_completion,6,2
dev,adjacent_simultaneous,0.005,40,TRUE,1,-0.00157288934086506,9,0.05,iid,4399,ho_completion,6,2
dev,total_gain,0.005,40,TRUE,6,0.000311097800173553,45,0.05,iid,4399,ho_completion,6,2
dev,adjacent_pointwise,0.01,40,TRUE,1,0.00154412469107774,1,0.05,iid,5000,ho_reconstruction,6,3
dev,adjacent_simultaneous,0.01,40,TRUE,1,0.00171251870133434,9,0.05,iid,5000,ho_reconstruction,6,3
dev,total_gain,0.01,40,TRUE,6,0.00608997548683929,45,0.05,iid,5000,ho_reconstruction,6,3
dev,adjacent_pointwise,0.005,40,TRUE,1,0.00154412469107774,1,0.05,iid,5000,ho_reconstruction,6,3
dev,adjacent_simultaneous,0.005,40,TRUE,1,0.00171251870133434,9,0.05,iid,5000,ho_reconstruction,6,3
dev,total_gain,0.005,50,TRUE,5,0.00486695661019059,45,0.05,iid,5000,ho_reconstruction,6,3
dev,adjacent_pointwise,0.01,40,TRUE,1,-0.00303093012925306,1,0.05,iid,4345,ho_completion,6,3
dev,adjacent_simultaneous,0.01,40,TRUE,1,-0.00197138092126404,9,0.05,iid,4345,ho_completion,6,3
dev,total_gain,0.01,40,TRUE,6,0.00202222685060922,45,0.05,iid,4345,ho_completion,6,3
dev,adjacent_pointwise,0.005,40,TRUE,1,-0.00303093012925306,1,0.05,iid,4345,ho_completion,6,3
dev,adjacent_simultaneous,0.005,40,TRUE,1,-0.00197138092126404,9,0.05,iid,4345,ho_completion,6,3
dev,total_gain,0.005,40,TRUE,6,0.00202222685060922,45,0.05,iid,4345,ho_completion,6,3
dev,adjacent_pointwise,0.01,40,TRUE,1,0.00107075203872572,1,0.05,iid,5000,ho_reconstruction,6,4
dev,adjacent_simultaneous,0.01,40,TRUE,1,0.00123969487270843,9,0.05,iid,5000,ho_reconstruction,6,4
dev,total_gain,0.01,40,TRUE,6,0.00631931737798982,45,0.05,iid,5000,ho_reconstruction,6,4
dev,adjacent_pointwise,0.005,40,TRUE,1,0.00107075203872572,1,0.05,iid,5000,ho_reconstruction,6,4
dev,adjacent_simultaneous,0.005,40,TRUE,1,0.00123969487270843,9,0.05,iid,5000,ho_reconstruction,6,4
dev,total_gain,0.005,80,TRUE,2,0.00465151295654992,45,0.05,iid,5000,ho_reconstruction,6,4
dev,adjacent_pointwise,0.01,40,TRUE,1,-0.00206702777858426,1,0.05,iid,4362,ho_completion,6,4
dev,adjacent_simultaneous,0.01,40,TRUE,1,-0.0010712480432553,9,0.05,iid,4362,ho_completion,6,4
dev,total_gain,0.01,40,TRUE,6,0.00148342358836941,45,0.05,iid,4362,ho_completion,6,4
dev,adjacent_pointwise,0.005,40,TRUE,1,-0.00206702777858426,1,0.05,iid,4362,ho_completion,6,4
dev,adjacent_simultaneous,0.005,40,TRUE,1,-0.0010712480432553,9,0.05,iid,4362,ho_completion,6,4
dev,total_gain,0.005,40,TRUE,6,0.00148342358836941,45,0.05,iid,4362,ho_completion,6,4
dev,adjacent_pointwise,0.01,40,TRUE,1,0.00132176781879481,1,0.05,iid,5000,ho_reconstruction,6,5
dev,adjacent_simultaneous,0.01,40,TRUE,1,0.00148359948084722,9,0.05,iid,5000,ho_reconstruction,6,5
dev,total_gain,0.01,40,TRUE,6,0.00626601978558718,45,0.05,iid,5000,ho_reconstruction,6,5
dev,adjacent_pointwise,0.005,40,TRUE,1,0.00132176781879481,1,0.05,iid,5000,ho_reconstruction,6,5
dev,adjacent_simultaneous,0.005,40,TRUE,1,0.00148359948084722,9,0.05,iid,5000,ho_reconstruction,6,5
dev,total_gain,0.005,60,TRUE,4,0.0049001006234872,45,0.05,iid,5000,ho_reconstruction,6,5
dev,adjacent_pointwise,0.01,40,TRUE,1,-0.0011666918252777,1,0.05,iid,4394,ho_completion,6,5
dev,adjacent_simultaneous,0.01,40,TRUE,1,-4.77813085825079e-05,9,0.05,iid,4394,ho_completion,6,5
dev,total_gain,0.01,40,TRUE,6,0.00407540383172415,45,0.05,iid,4394,ho_completion,6,5
dev,adjacent_pointwise,0.005,40,TRUE,1,-0.0011666918252777,1,0.05,iid,4394,ho_completion,6,5
dev,adjacent_simultaneous,0.005,40,TRUE,1,-4.77813085825079e-05,9,0.05,iid,4394,ho_completion,6,5
dev,total_gain,0.005,40,TRUE,6,0.00407540383172415,45,0.05,iid,4394,ho_completion,6,5
dev,adjacent_pointwise,0.01,40,TRUE,1,0.00155806773390227,1,0.05,iid,5000,ho_reconstruction,6,6
dev,adjacent_simultaneous,0.01,40,TRUE,1,0.0017193189229806,9,0.05,iid,5000,ho_reconstruction,6,6
dev,total_gain,0.01,40,TRUE,6,0.00605060178124154,45,0.05,iid,5000,ho_reconstruction,6,6
dev,adjacent_pointwise,0.005,40,TRUE,1,0.00155806773390227,1,0.05,iid,5000,ho_reconstruction,6,6
dev,adjacent_simultaneous,0.005,40,TRUE,1,0.0017193189229806,9,0.05,iid,5000,ho_reconstruction,6,6
dev,total_gain,0.005,50,TRUE,5,0.00479913693106355,45,0.05,iid,5000,ho_reconstruction,6,6
dev,adjacent_pointwise,0.01,40,TRUE,1,-0.00289914887638898,1,0.05,iid,4412,ho_completion,6,6
dev,adjacent_simultaneous,0.01,40,TRUE,1,-0.00191662111698642,9,0.05,iid,4412,ho_completion,6,6
dev,total_gain,0.01,40,TRUE,6,0.00273758304669551,45,0.05,iid,4412,ho_completion,6,6
dev,adjacent_pointwise,0.005,40,TRUE,1,-0.00289914887638898,1,0.05,iid,4412,ho_completion,6,6
dev,adjacent_simultaneous,0.005,40,TRUE,1,-0.00191662111698642,9,0.05,iid,4412,ho_completion,6,6
dev,total_gain,0.005,40,TRUE,6,0.00273758304669551,45,0.05,iid,4412,ho_completion,6,6
dev,adjacent_pointwise,0.01,40,TRUE,1,0.00144846508545548,1,0.05,iid,5000,ho_reconstruction,6,7
dev,adjacent_simultaneous,0.01,40,TRUE,1,0.00161537917637055,9,0.05,iid,5000,ho_reconstruction,6,7
dev,total_gain,0.01,40,TRUE,6,0.00617993991337718,45,0.05,iid,5000,ho_reconstruction,6,7
dev,adjacent_pointwise,0.005,40,TRUE,1,0.00144846508545548,1,0.05,iid,5000,ho_reconstruction,6,7
dev,adjacent_simultaneous,0.005,40,TRUE,1,0.00161537917637055,9,0.05,iid,5000,ho_reconstruction,6,7
dev,total_gain,0.005,60,TRUE,4,0.00463439182726548,45,0.05,iid,5000,ho_reconstruction,6,7
dev,adjacent_pointwise,0.01,40,TRUE,1,-0.00236654923704408,1,0.05,iid,4387,ho_completion,6,7
dev,adjacent_simultaneous,0.01,40,TRUE,1,-0.00131842155794608,9,0.05,iid,4387,ho_completion,6,7
dev,total_gain,0.01,40,TRUE,6,0.00229927213120832,45,0.05,iid,4387,ho_completion,6,7
dev,adjacent_pointwise,0.005,40,TRUE,1,-0.00236654923704408,1,0.05,iid,4387,ho_completion,6,7
dev,adjacent_simultaneous,0.005,40,TRUE,1,-0.00131842155794608,9,0.05,iid,4387,ho_completion,6,7
dev,total_gain,0.005,40,TRUE,6,0.00229927213120832,45,0.05,iid,4387,ho_completion,6,7
dev,adjacent_pointwise,0.01,40,TRUE,1,0.00136177234004379,1,0.05,iid,5000,ho_reconstruction,6,8
dev,adjacent_simultaneous,0.01,40,TRUE,1,0.00152902345139486,9,0.05,iid,5000,ho_reconstruction,6,8
dev,total_gain,0.01,40,TRUE,6,0.00629713921713923,45,0.05,iid,5000,ho_reconstruction,6,8
dev,adjacent_pointwise,0.005,40,TRUE,1,0.00136177234004379,1,0.05,iid,5000,ho_reconstruction,6,8
dev,adjacent_simultaneous,0.005,40,TRUE,1,0.00152902345139486,9,0.05,iid,5000,ho_reconstruction,6,8
dev,total_gain,0.005,60,TRUE,4,0.00498236825874945,45,0.05,iid,5000,ho_reconstruction,6,8
dev,adjacent_pointwise,0.01,40,TRUE,1,-0.00139781167726788,1,0.05,iid,4397,ho_completion,6,8
dev,adjacent_simultaneous,0.01,40,TRUE,1,-0.000400570453420998,9,0.05,iid,4397,ho_completion,6,8
dev,total_gain,0.01,40,TRUE,6,0.00255783389844302,45,0.05,iid,4397,ho_completion,6,8
dev,adjacent_pointwise,0.005,40,TRUE,1,-0.00139781167726788,1,0.05,iid,4397,ho_completion,6,8
dev,adjacent_simultaneous,0.005,40,TRUE,1,-0.000400570453420998,9,0.05,iid,4397,ho_completion,6,8
dev,total_gain,0.005,40,TRUE,6,0.00255783389844302,45,0.05,iid,4397,ho_completion,6,8
dev,adjacent_pointwise,0.01,40,TRUE,1,0.00103260762643945,1,0.05,iid,5000,ho_reconstruction,6,9
dev,adjacent_simultaneous,0.01,40,TRUE,1,0.00119766350428286,9,0.05,iid,5000,ho_reconstruction,6,9
dev,total_gain,0.01,40,TRUE,6,0.00629932254839675,45,0.05,iid,5000,ho_reconstruction,6,9
dev,adjacent_pointwise,0.005,40,TRUE,1,0.00103260762643945,1,0.05,iid,5000,ho_reconstruction,6,9
dev,adjacent_simultaneous,0.005,40,TRUE,1,0.00119766350428286,9,0.05,iid,5000,ho_reconstruction,6,9
dev,total_gain,0.005,60,TRUE,4,0.00493053675140729,45,0.05,iid,5000,ho_reconstruction,6,9
dev,adjacent_pointwise,0.01,40,TRUE,1,-0.00455582305665748,1,0.05,iid,4413,ho_completion,6,9
dev,adjacent_simultaneous,0.01,40,TRUE,1,-0.00349836344214566,9,0.05,iid,4413,ho_completion,6,9
dev,total_gain,0.01,40,TRUE,6,0.00281842536886382,45,0.05,iid,4413,ho_completion,6,9
dev,adjacent_pointwise,0.005,40,TRUE,1,-0.00455582305665748,1,0.05,iid,4413,ho_completion,6,9
dev,adjacent_simultaneous,0.005,40,TRUE,1,-0.00349836344214566,9,0.05,iid,4413,ho_completion,6,9
dev,total_gain,0.005,40,TRUE,6,0.00281842536886382,45,0.05,iid,4413,ho_completion,6,9
dev,adjacent_pointwise,0.01,40,TRUE,1,0.000875891577634639,1,0.05,iid,5000,ho_reconstruction,6,10
dev,adjacent_simultaneous,0.01,40,TRUE,1,0.001043894542307,9,0.05,iid,5000,ho_reconstruction,6,10
dev,total_gain,0.01,40,TRUE,6,0.00637662766901631,45,0.05,iid,5000,ho_reconstruction,6,10
dev,adjacent_pointwise,0.005,40,TRUE,1,0.000875891577634639,1,0.05,iid,5000,ho_reconstruction,6,10
dev,adjacent_simultaneous,0.005,40,TRUE,1,0.001043894542307,9,0.05,iid,5000,ho_reconstruction,6,10
dev,total_gain,0.005,80,TRUE,2,0.0045222930290232,45,0.05,iid,5000,ho_reconstruction,6,10
dev,adjacent_pointwise,0.01,40,TRUE,1,-0.00330977813814248,1,0.05,iid,4385,ho_completion,6,10
dev,adjacent_simultaneous,0.01,40,TRUE,1,-0.00222230163081155,9,0.05,iid,4385,ho_completion,6,10
dev,total_gain,0.01,40,TRUE,6,0.000492247227992657,45,0.05,iid,4385,ho_completion,6,10
dev,adjacent_pointwise,0.005,40,TRUE,1,-0.00330977813814248,1,0.05,iid,4385,ho_completion,6,10
dev,adjacent_simultaneous,0.005,40,TRUE,1,-0.00222230163081155,9,0.05,iid,4385,ho_completion,6,10
dev,total_gain,0.005,40,TRUE,6,0.000492247227992657,45,0.05,iid,4385,ho_completion,6,10
dev,adjacent_pointwise,0.01,40,TRUE,1,0.00777938529426069,1,0.05,iid,5000,ho_reconstruction,7,1
dev,adjacent_simultaneous,0.01,40,TRUE,1,0.00804829665083074,9,0.05,iid,5000,ho_reconstruction,7,1
dev,total_gain,0.01,50,TRUE,5,0.004763540048779,45,0.05,iid,5000,ho_reconstruction,7,1
dev,adjacent_pointwise,0.005,50,TRUE,1,-0.000322868270270013,1,0.05,iid,5000,ho_reconstruction,7,1
dev,adjacent_simultaneous,0.005,50,TRUE,1,-0.000103882158611634,9,0.05,iid,5000,ho_reconstruction,7,1
dev,total_gain,0.005,50,TRUE,5,0.004763540048779,45,0.05,iid,5000,ho_reconstruction,7,1
dev,adjacent_pointwise,0.01,40,TRUE,1,0.00592841209111398,1,0.05,iid,4742,ho_completion,7,1
dev,adjacent_simultaneous,0.01,40,TRUE,1,0.00734010621758157,9,0.05,iid,4742,ho_completion,7,1
dev,total_gain,0.01,40,TRUE,6,0.00816032122013152,45,0.05,iid,4742,ho_completion,7,1
dev,adjacent_pointwise,0.005,50,TRUE,1,-0.00457190830967281,1,0.05,iid,4742,ho_completion,7,1
dev,adjacent_simultaneous,0.005,50,TRUE,1,-0.00336892044604544,9,0.05,iid,4742,ho_completion,7,1
dev,total_gain,0.005,50,TRUE,5,0.00315863631814839,45,0.05,iid,4742,ho_completion,7,1
dev,adjacent_pointwise,0.01,40,TRUE,1,0.00833193075281152,1,0.05,iid,5000,ho_reconstruction,7,2
dev,adjacent_simultaneous,0.01,40,TRUE,1,0.00861042656127511,9,0.05,iid,5000,ho_reconstruction,7,2
dev,total_gain,0.01,50,TRUE,5,0.00431280757623407,45,0.05,iid,5000,ho_reconstruction,7,2
dev,adjacent_pointwise,0.005,50,TRUE,1,-0.000441317674740371,1,0.05,iid,5000,ho_reconstruction,7,2
dev,adjacent_simultaneous,0.005,50,TRUE,1,-0.000221960854249249,9,0.05,iid,5000,ho_reconstruction,7,2
dev,total_gain,0.005,50,TRUE,5,0.00431280757623407,45,0.05,iid,5000,ho_reconstruction,7,2
dev,adjacent_pointwise,0.01,40,TRUE,1,0.00778047567376733,1,0.05,iid,4748,ho_completion,7,2
dev,adjacent_simultaneous,0.01,40,TRUE,1,0.00932763216611256,9,0.05,iid,4748,ho_completion,7,2
dev,total_gain,0.01,50,TRUE,5,0.00488825820169643,45,0.05,iid,4748,ho_completion,7,2
dev,adjacent_pointwise,0.005,50,TRUE,1,-0.00132131788712795,1,0.05,iid,4748,ho_completion,7,2
dev,adjacent_simultaneous,0.005,50,TRUE,1,-0.000100707135648087,9,0.05,iid,4748,ho_completion,7,2
dev,total_gain,0.005,50,TRUE,5,0.00488825820169643,45,0.05,iid,4748,ho_completion,7,2
dev,adjacent_pointwise,0.01,40,TRUE,1,0.00823074387956799,1,0.05,iid,5000,ho_reconstruction,7,3
dev,adjacent_simultaneous,0.01,40,TRUE,1,0.00850994957477728,9,0.05,iid,5000,ho_reconstruction,7,3
dev,total_gain,0.01,50,TRUE,5,0.00452818240693704,45,0.05,iid,5000,ho_reconstruction,7,3
dev,adjacent_pointwise,0.005,50,TRUE,1,-0.000398145595342868,1,0.05,iid,5000,ho_reconstruction,7,3
dev,adjacent_simultaneous,0.005,50,TRUE,1,-0.000170792077832615,9,0.05,iid,5000,ho_reconstruction,7,3
dev,total_gain,0.005,50,TRUE,5,0.00452818240693704,45,0.05,iid,5000,ho_reconstruction,7,3
dev,adjacent_pointwise,0.01,40,TRUE,1,0.00787863629704119,1,0.05,iid,4757,ho_completion,7,3
dev,adjacent_simultaneous,0.01,40,TRUE,1,0.00927881051979458,9,0.05,iid,4757,ho_completion,7,3
dev,total_gain,0.01,50,TRUE,5,0.00472956491924815,45,0.05,iid,4757,ho_completion,7,3
dev,adjacent_pointwise,0.005,50,TRUE,1,0.00131853756962961,1,0.05,iid,4757,ho_completion,7,3
dev,adjacent_simultaneous,0.005,50,TRUE,1,0.00258645820895651,9,0.05,iid,4757,ho_completion,7,3
dev,total_gain,0.005,50,TRUE,5,0.00472956491924815,45,0.05,iid,4757,ho_completion,7,3
dev,adjacent_pointwise,0.01,40,TRUE,1,0.00783942868452049,1,0.05,iid,5000,ho_reconstruction,7,4
dev,adjacent_simultaneous,0.01,40,TRUE,1,0.0081158457744518,9,0.05,iid,5000,ho_reconstruction,7,4
dev,total_gain,0.01,50,TRUE,5,0.00446346847289841,45,0.05,iid,5000,ho_reconstruction,7,4
dev,adjacent_pointwise,0.005,50,TRUE,1,-0.000486108458802928,1,0.05,iid,5000,ho_reconstruction,7,4
dev,adjacent_simultaneous,0.005,50,TRUE,1,-0.000262972745763298,9,0.05,iid,5000,ho_reconstruction,7,4
dev,total_gain,0.005,50,TRUE,5,0.00446346847289841,45,0.05,iid,5000,ho_reconstruction,7,4
dev,adjacent_pointwise,0.01,40,TRUE,1,0.00466325373405922,1,0.05,iid,4731,ho_completion,7,4
dev,adjacent_simultaneous,0.01,40,TRUE,1,0.0061215942602576,9,0.05,iid,4731,ho_completion,7,4
dev,total_gain,0.01,40,TRUE,6,0.00840885496343856,45,0.05,iid,4731,ho_completion,7,4
dev,adjacent_pointwise,0.005,40,TRUE,1,0.00466325373405922,1,0.05,iid,4731,ho_completion,7,4
dev,adjacent_simultaneous,0.005,50,TRUE,1,5.23316241035992e-05,9,0.05,iid,4731,ho_completion,7,4
dev,total_gain,0.005,70,TRUE,3,-0.000315342448939269,45,0.05,iid,4731,ho_completion,7,4
dev,adjacent_pointwise,0.01,40,TRUE,1,0.00829313378408488,1,0.05,iid,5000,ho_reconstruction,7,5
dev,adjacent_simultaneous,0.01,40,TRUE,1,0.00856838322453977,9,0.05,iid,5000,ho_reconstruction,7,5
dev,total_gain,0.01,50,TRUE,5,0.00443143209443972,45,0.05,iid,5000,ho_reconstruction,7,5
dev,adjacent_pointwise,0.005,50,TRUE,1,-0.000189044730471223,1,0.05,iid,5000,ho_reconstruction,7,5
dev,adjacent_simultaneous,0.005,50,TRUE,1,2.937842612526e-05,9,0.05,iid,5000,ho_reconstruction,7,5
dev,total_gain,0.005,50,TRUE,5,0.00443143209443972,45,0.05,iid,5000,ho_reconstruction,7,5
dev,adjacent_pointwise,0.01,40,TRUE,1,0.00661771931244049,1,0.05,iid,4764,ho_completion,7,5
dev,adjacent_simultaneous,0.01,40,TRUE,1,0.00819061213179059,9,0.05,iid,4764,ho_completion,7,5
dev,total_gain,0.01,50,TRUE,5,0.00509854461219071,45,0.05,iid,4764,ho_completion,7,5
dev,adjacent_pointwise,0.005,50,TRUE,1,-0.000869549574403534,1,0.05,iid,4764,ho_completion,7,5
dev,adjacent_simultaneous,0.005,50,TRUE,1,0.000391964837062929,9,0.05,iid,4764,ho_completion,7,5
dev,total_gain,0.005,70,TRUE,3,-0.000570204787464139,45,0.05,iid,4764,ho_completion,7,5
dev,adjacent_pointwise,0.01,40,TRUE,1,0.008395024834619,1,0.05,iid,5000,ho_reconstruction,7,6
dev,adjacent_simultaneous,0.01,40,TRUE,1,0.0086789710487245,9,0.05,iid,5000,ho_reconstruction,7,6
dev,total_gain,0.01,50,TRUE,5,0.00491274650242417,45,0.05,iid,5000,ho_reconstruction,7,6
dev,adjacent_pointwise,0.005,50,TRUE,1,-0.000211869417816446,1,0.05,iid,5000,ho_reconstruction,7,6
dev,adjacent_simultaneous,0.005,50,TRUE,1,1.19447951161596e-05,9,0.05,iid,5000,ho_reconstruction,7,6
dev,total_gain,0.005,50,TRUE,5,0.00491274650242417,45,0.05,iid,5000,ho_reconstruction,7,6
dev,adjacent_pointwise,0.01,40,TRUE,1,0.00546903121883698,1,0.05,iid,4728,ho_completion,7,6
dev,adjacent_simultaneous,0.01,40,TRUE,1,0.00695876103517359,9,0.05,iid,4728,ho_completion,7,6
dev,total_gain,0.01,40,TRUE,6,0.00992776551156362,45,0.05,iid,4728,ho_completion,7,6
dev,adjacent_pointwise,0.005,50,TRUE,1,-0.0013708258529332,1,0.05,iid,4728,ho_completion,7,6
dev,adjacent_simultaneous,0.005,50,TRUE,1,-0.0001307482415114,9,0.05,iid,4728,ho_completion,7,6
dev,total_gain,0.005,70,TRUE,3,-0.00275396797230022,45,0.05,iid,4728,ho_completion,7,6
dev,adjacent_pointwise,0.01,40,TRUE,1,0.00847278941044929,1,0.05,iid,5000,ho_reconstruction,7,7
dev,adjacent_simultaneous,0.01,40,TRUE,1,0.00875124450225908,9,0.05,iid,5000,ho_reconstruction,7,7
dev,total_gain,0.01,50,TRUE,5,0.00424442626456855,45,0.05,iid,5000,ho_reconstruction,7,7
dev,adjacent_pointwise,0.005,50,TRUE,1,-0.000633192724020892,1,0.05,iid,5000,ho_reconstruction,7,7
dev,adjacent_simultaneous,0.005,50,TRUE,1,-0.000413892369720212,9,0.05,iid,5000,ho_reconstruction,7,7
dev,total_gain,0.005,50,TRUE,5,0.00424442626456855,45,0.05,iid,5000,ho_reconstruction,7,7
dev,adjacent_pointwise,0.01,40,TRUE,1,0.00598885655185902,1,0.05,iid,4761,ho_completion,7,7
dev,adjacent_simultaneous,0.01,40,TRUE,1,0.00745614866268091,9,0.05,iid,4761,ho_completion,7,7
dev,total_gain,0.01,40,TRUE,6,0.00830866690998051,45,0.05,iid,4761,ho_completion,7,7
dev,adjacent_pointwise,0.005,50,TRUE,1,-0.00157685081174078,1,0.05,iid,4761,ho_completion,7,7
dev,adjacent_simultaneous,0.005,50,TRUE,1,-0.000269407698153013,9,0.05,iid,4761,ho_completion,7,7
dev,total_gain,0.005,50,TRUE,5,0.00368761177312871,45,0.05,iid,4761,ho_completion,7,7
dev,adjacent_pointwise,0.01,40,TRUE,1,0.00873322465177394,1,0.05,iid,5000,ho_reconstruction,7,8
dev,adjacent_simultaneous,0.01,40,TRUE,1,0.00902404109684521,9,0.05,iid,5000,ho_reconstruction,7,8
dev,total_gain,0.01,50,TRUE,5,0.00440601143708163,45,0.05,iid,5000,ho_reconstruction,7,8
dev,adjacent_pointwise,0.005,50,TRUE,1,-0.00118945787583331,1,0.05,iid,5000,ho_reconstruction,7,8
dev,adjacent_simultaneous,0.005,50,TRUE,1,-0.000962537209347099,9,0.05,iid,5000,ho_reconstruction,7,8
dev,total_gain,0.005,50,TRUE,5,0.00440601143708163,45,0.05,iid,5000,ho_reconstruction,7,8
dev,adjacent_pointwise,0.01,40,TRUE,1,0.00807132179993423,1,0.05,iid,4762,ho_completion,7,8
dev,adjacent_simultaneous,0.01,40,TRUE,1,0.00949446270517406,9,0.05,iid,4762,ho_completion,7,8
dev,total_gain,0.01,50,TRUE,5,0.0010970892900759,45,0.05,iid,4762,ho_completion,7,8
dev,adjacent_pointwise,0.005,50,TRUE,1,-0.00265282155668293,1,0.05,iid,4762,ho_completion,7,8
dev,adjacent_simultaneous,0.005,50,TRUE,1,-0.00138114437589428,9,0.05,iid,4762,ho_completion,7,8
dev,total_gain,0.005,50,TRUE,5,0.0010970892900759,45,0.05,iid,4762,ho_completion,7,8
dev,adjacent_pointwise,0.01,40,TRUE,1,0.0077665949474675,1,0.05,iid,5000,ho_reconstruction,7,9
dev,adjacent_simultaneous,0.01,40,TRUE,1,0.00804754536538247,9,0.05,iid,5000,ho_reconstruction,7,9
dev,total_gain,0.01,50,TRUE,5,0.0047259921770467,45,0.05,iid,5000,ho_reconstruction,7,9
dev,adjacent_pointwise,0.005,50,TRUE,1,-0.000821373438038578,1,0.05,iid,5000,ho_reconstruction,7,9
dev,adjacent_simultaneous,0.005,50,TRUE,1,-0.000591633284805544,9,0.05,iid,5000,ho_reconstruction,7,9
dev,total_gain,0.005,50,TRUE,5,0.0047259921770467,45,0.05,iid,5000,ho_reconstruction,7,9
dev,adjacent_pointwise,0.01,40,TRUE,1,0.00437657800930742,1,0.05,iid,4736,ho_completion,7,9
dev,adjacent_simultaneous,0.01,40,TRUE,1,0.00575821233700398,9,0.05,iid,4736,ho_completion,7,9
dev,total_gain,0.01,40,TRUE,6,0.00834501459771246,45,0.05,iid,4736,ho_completion,7,9
dev,adjacent_pointwise,0.005,40,TRUE,1,0.00437657800930742,1,0.05,iid,4736,ho_completion,7,9
dev,adjacent_simultaneous,0.005,50,TRUE,1,0.00173938316482802,9,0.05,iid,4736,ho_completion,7,9
dev,total_gain,0.005,70,TRUE,3,-7.60330431539263e-05,45,0.05,iid,4736,ho_completion,7,9
dev,adjacent_pointwise,0.01,40,TRUE,1,0.00835999349279124,1,0.05,iid,5000,ho_reconstruction,7,10
dev,adjacent_simultaneous,0.01,40,TRUE,1,0.00864119995229614,9,0.05,iid,5000,ho_reconstruction,7,10
dev,total_gain,0.01,50,TRUE,5,0.00425691066977399,45,0.05,iid,5000,ho_reconstruction,7,10
dev,adjacent_pointwise,0.005,50,TRUE,1,-0.00076095863883149,1,0.05,iid,5000,ho_reconstruction,7,10
dev,adjacent_simultaneous,0.005,50,TRUE,1,-0.000539113589274469,9,0.05,iid,5000,ho_reconstruction,7,10
dev,total_gain,0.005,50,TRUE,5,0.00425691066977399,45,0.05,iid,5000,ho_reconstruction,7,10
dev,adjacent_pointwise,0.01,40,TRUE,1,0.00713009734868812,1,0.05,iid,4708,ho_completion,7,10
dev,adjacent_simultaneous,0.01,40,TRUE,1,0.00861063633663266,9,0.05,iid,4708,ho_completion,7,10
dev,total_gain,0.01,40,TRUE,6,0.00947085121392401,45,0.05,iid,4708,ho_completion,7,10
dev,adjacent_pointwise,0.005,50,TRUE,1,-0.00105531495442299,1,0.05,iid,4708,ho_completion,7,10
dev,adjacent_simultaneous,0.005,50,TRUE,1,0.000210137358408435,9,0.05,iid,4708,ho_completion,7,10
dev,total_gain,0.005,50,TRUE,5,0.00337163408954119,45,0.05,iid,4708,ho_completion,7,10
dev,adjacent_pointwise,0.01,40,TRUE,1,0.00540485136161021,1,0.05,iid,5000,ho_reconstruction,8,1
dev,adjacent_simultaneous,0.01,40,TRUE,1,0.00580650940740109,9,0.05,iid,5000,ho_reconstruction,8,1
dev,total_gain,0.01,50,TRUE,5,0.00846322851183441,45,0.05,iid,5000,ho_reconstruction,8,1
dev,adjacent_pointwise,0.005,50,TRUE,1,0.00440120439627935,1,0.05,iid,5000,ho_reconstruction,8,1
dev,adjacent_simultaneous,0.005,50,TRUE,1,0.00463287595857458,9,0.05,iid,5000,ho_reconstruction,8,1
dev,total_gain,0.005,60,TRUE,4,0.00434340964689743,45,0.05,iid,5000,ho_reconstruction,8,1
dev,adjacent_pointwise,0.01,40,TRUE,1,-0.0155524563599325,1,0.05,iid,4030,ho_completion,8,1
dev,adjacent_simultaneous,0.01,40,TRUE,1,-0.0133767002804155,9,0.05,iid,4030,ho_completion,8,1
dev,total_gain,0.01,40,TRUE,6,-0.000426604887023221,45,0.05,iid,4030,ho_completion,8,1
dev,adjacent_pointwise,0.005,40,TRUE,1,-0.0155524563599325,1,0.05,iid,4030,ho_completion,8,1
dev,adjacent_simultaneous,0.005,40,TRUE,1,-0.0133767002804155,9,0.05,iid,4030,ho_completion,8,1
dev,total_gain,0.005,40,TRUE,6,-0.000426604887023221,45,0.05,iid,4030,ho_completion,8,1
dev,adjacent_pointwise,0.01,40,TRUE,1,0.00497078805653623,1,0.05,iid,5000,ho_reconstruction,8,2
dev,adjacent_simultaneous,0.01,40,TRUE,1,0.00535749283594998,9,0.05,iid,5000,ho_reconstruction,8,2
dev,total_gain,0.01,50,TRUE,5,0.0083936058933838,45,0.05,iid,5000,ho_reconstruction,8,2
dev,adjacent_pointwise,0.005,40,TRUE,1,0.00497078805653623,1,0.05,iid,5000,ho_reconstruction,8,2
dev,adjacent_simultaneous,0.005,50,TRUE,1,0.00484389166428155,9,0.05,iid,5000,ho_reconstruction,8,2
dev,total_gain,0.005,60,TRUE,4,0.00404928244495164,45,0.05,iid,5000,ho_reconstruction,8,2
dev,adjacent_pointwise,0.01,40,TRUE,1,-0.0113651373422917,1,0.05,iid,4002,ho_completion,8,2
dev,adjacent_simultaneous,0.01,40,TRUE,1,-0.00916776009744921,9,0.05,iid,4002,ho_completion,8,2
dev,total_gain,0.01,40,TRUE,6,0.00136991211195785,45,0.05,iid,4002,ho_completion,8,2
dev,adjacent_pointwise,0.005,40,TRUE,1,-0.0113651373422917,1,0.05,iid,4002,ho_completion,8,2
dev,adjacent_simultaneous,0.005,40,TRUE,1,-0.00916776009744921,9,0.05,iid,4002,ho_completion,8,2
dev,total_gain,0.005,40,TRUE,6,0.00136991211195785,45,0.05,iid,4002,ho_completion,8,2
dev,adjacent_pointwise,0.01,40,TRUE,1,0.00538474964775844,1,0.05,iid,5000,ho_reconstruction,8,3
dev,adjacent_simultaneous,0.01,40,TRUE,1,0.00579921560471799,9,0.05,iid,5000,ho_reconstruction,8,3
dev,total_gain,0.01,50,TRUE,5,0.00842510098267486,45,0.05,iid,5000,ho_reconstruction,8,3
dev,adjacent_pointwise,0.005,50,TRUE,1,0.00499248500436864,1,0.05,iid,5000,ho_reconstruction,8,3
dev,adjacent_simultaneous,0.005,60,TRUE,1,0.000622623061301831,9,0.05,iid,5000,ho_reconstruction,8,3
dev,total_gain,0.005,60,TRUE,4,0.00369843373899631,45,0.05,iid,5000,ho_reconstruction,8,3
dev,adjacent_pointwise,0.01,40,TRUE,1,-0.0112924407157826,1,0.05,iid,4051,ho_completion,8,3
dev,adjacent_simultaneous,0.01,40,TRUE,1,-0.00918778991843937,9,0.05,iid,4051,ho_completion,8,3
dev,total_gain,0.01,40,TRUE,6,0.00249548011353506,45,0.05,iid,4051,ho_completion,8,3
dev,adjacent_pointwise,0.005,40,TRUE,1,-0.0112924407157826,1,0.05,iid,4051,ho_completion,8,3
dev,adjacent_simultaneous,0.005,40,TRUE,1,-0.00918778991843937,9,0.05,iid,4051,ho_completion,8,3
dev,total_gain,0.005,40,TRUE,6,0.00249548011353506,45,0.05,iid,4051,ho_completion,8,3
dev,adjacent_pointwise,0.01,40,TRUE,1,0.00520815882683718,1,0.05,iid,5000,ho_reconstruction,8,4
dev,adjacent_simultaneous,0.01,40,TRUE,1,0.00559549465897575,9,0.05,iid,5000,ho_reconstruction,8,4
dev,total_gain,0.01,50,TRUE,5,0.00817457607343548,45,0.05,iid,5000,ho_reconstruction,8,4
dev,adjacent_pointwise,0.005,50,TRUE,1,0.00411190785118379,1,0.05,iid,5000,ho_reconstruction,8,4
dev,adjacent_simultaneous,0.005,50,TRUE,1,0.00435274664575619,9,0.05,iid,5000,ho_reconstruction,8,4
dev,total_gain,0.005,60,TRUE,4,0.00433716214414245,45,0.05,iid,5000,ho_reconstruction,8,4
dev,adjacent_pointwise,0.01,40,TRUE,1,-0.0134837235787444,1,0.05,iid,3962,ho_completion,8,4
dev,adjacent_simultaneous,0.01,40,TRUE,1,-0.0111070993761594,9,0.05,iid,3962,ho_completion,8,4
dev,total_gain,0.01,40,TRUE,6,5.9980410343068e-05,45,0.05,iid,3962,ho_completion,8,4
dev,adjacent_pointwise,0.005,40,TRUE,1,-0.0134837235787444,1,0.05,iid,3962,ho_completion,8,4
dev,adjacent_simultaneous,0.005,40,TRUE,1,-0.0111070993761594,9,0.05,iid,3962,ho_completion,8,4
dev,total_gain,0.005,40,TRUE,6,5.9980410343068e-05,45,0.05,iid,3962,ho_completion,8,4
dev,adjacent_pointwise,0.01,40,TRUE,1,0.00523204324351229,1,0.05,iid,5000,ho_reconstruction,8,5
dev,adjacent_simultaneous,0.01,40,TRUE,1,0.00563404410210918,9,0.05,iid,5000,ho_reconstruction,8,5
dev,total_gain,0.01,50,TRUE,5,0.00864112509661869,45,0.05,iid,5000,ho_reconstruction,8,5
dev,adjacent_pointwise,0.005,50,TRUE,1,0.00469446510533427,1,0.05,iid,5000,ho_reconstruction,8,5
dev,adjacent_simultaneous,0.005,50,TRUE,1,0.00492565716530117,9,0.05,iid,5000,ho_reconstruction,8,5
dev,total_gain,0.005,60,TRUE,4,0.00422021634146772,45,0.05,iid,5000,ho_reconstruction,8,5
dev,adjacent_pointwise,0.01,40,TRUE,1,-0.0143672172683091,1,0.05,iid,4059,ho_completion,8,5
dev,adjacent_simultaneous,0.01,40,TRUE,1,-0.0122600710373811,9,0.05,iid,4059,ho_completion,8,5
dev,total_gain,0.01,40,TRUE,6,-0.000232423351001204,45,0.05,iid,4059,ho_completion,8,5
dev,adjacent_pointwise,0.005,40,TRUE,1,-0.0143672172683091,1,0.05,iid,4059,ho_completion,8,5
dev,adjacent_simultaneous,0.005,40,TRUE,1,-0.0122600710373811,9,0.05,iid,4059,ho_completion,8,5
dev,total_gain,0.005,40,TRUE,6,-0.000232423351001204,45,0.05,iid,4059,ho_completion,8,5
dev,adjacent_pointwise,0.01,40,TRUE,1,0.0051255308626519,1,0.05,iid,5000,ho_reconstruction,8,6
dev,adjacent_simultaneous,0.01,40,TRUE,1,0.00553107090547125,9,0.05,iid,5000,ho_reconstruction,8,6
dev,total_gain,0.01,50,TRUE,5,0.00860774077013895,45,0.05,iid,5000,ho_reconstruction,8,6
dev,adjacent_pointwise,0.005,50,TRUE,1,0.00496040240719183,1,0.05,iid,5000,ho_reconstruction,8,6
dev,adjacent_simultaneous,0.005,60,TRUE,1,0.000781256799079637,9,0.05,iid,5000,ho_reconstruction,8,6
dev,total_gain,0.005,60,TRUE,4,0.00389946624827939,45,0.05,iid,5000,ho_reconstruction,8,6
dev,adjacent_pointwise,0.01,40,TRUE,1,-0.0163111469806588,1,0.05,iid,4059,ho_completion,8,6
dev,adjacent_simultaneous,0.01,40,TRUE,1,-0.013916180201272,9,0.05,iid,4059,ho_completion,8,6
dev,total_gain,0.01,40,TRUE,6,-0.00168316255219543,45,0.05,iid,4059,ho_completion,8,6
dev,adjacent_pointwise,0.005,40,TRUE,1,-0.0163111469806588,1,0.05,iid,4059,ho_completion,8,6
dev,adjacent_simultaneous,0.005,40,TRUE,1,-0.013916180201272,9,0.05,iid,4059,ho_completion,8,6
dev,total_gain,0.005,40,TRUE,6,-0.00168316255219543,45,0.05,iid,4059,ho_completion,8,6
dev,adjacent_pointwise,0.01,40,TRUE,1,0.00544180292373823,1,0.05,iid,5000,ho_reconstruction,8,7
dev,adjacent_simultaneous,0.01,40,TRUE,1,0.00583807760932332,9,0.05,iid,5000,ho_reconstruction,8,7
dev,total_gain,0.01,50,TRUE,5,0.00860016478008587,45,0.05,iid,5000,ho_reconstruction,8,7
dev,adjacent_pointwise,0.005,50,TRUE,1,0.00462285350548942,1,0.05,iid,5000,ho_reconstruction,8,7
dev,adjacent_simultaneous,0.005,50,TRUE,1,0.00485101361005588,9,0.05,iid,5000,ho_reconstruction,8,7
dev,total_gain,0.005,60,TRUE,4,0.00424256206763721,45,0.05,iid,5000,ho_reconstruction,8,7
dev,adjacent_pointwise,0.01,40,TRUE,1,-0.016777773135414,1,0.05,iid,3981,ho_completion,8,7
dev,adjacent_simultaneous,0.01,40,TRUE,1,-0.0143589754303896,9,0.05,iid,3981,ho_completion,8,7
dev,total_gain,0.01,40,TRUE,6,0.000352836458517017,45,0.05,iid,3981,ho_completion,8,7
dev,adjacent_pointwise,0.005,40,TRUE,1,-0.016777773135414,1,0.05,iid,3981,ho_completion,8,7
dev,adjacent_simultaneous,0.005,40,TRUE,1,-0.0143589754303896,9,0.05,iid,3981,ho_completion,8,7
dev,total_gain,0.005,40,TRUE,6,0.000352836458517017,45,0.05,iid,3981,ho_completion,8,7
dev,adjacent_pointwise,0.01,40,TRUE,1,0.00531253700782784,1,0.05,iid,5000,ho_reconstruction,8,8
dev,adjacent_simultaneous,0.01,40,TRUE,1,0.00571018594566916,9,0.05,iid,5000,ho_reconstruction,8,8
dev,total_gain,0.01,50,TRUE,5,0.00859483760643395,45,0.05,iid,5000,ho_reconstruction,8,8
dev,adjacent_pointwise,0.005,50,TRUE,1,0.00468419684076073,1,0.05,iid,5000,ho_reconstruction,8,8
dev,adjacent_simultaneous,0.005,50,TRUE,1,0.00492306616833923,9,0.05,iid,5000,ho_reconstruction,8,8
dev,total_gain,0.005,60,TRUE,4,0.0041800135053501,45,0.05,iid,5000,ho_reconstruction,8,8
dev,adjacent_pointwise,0.01,40,TRUE,1,-0.0133397876949416,1,0.05,iid,3947,ho_completion,8,8
dev,adjacent_simultaneous,0.01,40,TRUE,1,-0.0110676774036655,9,0.05,iid,3947,ho_completion,8,8
dev,total_gain,0.01,40,TRUE,6,-0.00143834190178223,45,0.05,iid,3947,ho_completion,8,8
dev,adjacent_pointwise,0.005,40,TRUE,1,-0.0133397876949416,1,0.05,iid,3947,ho_completion,8,8
dev,adjacent_simultaneous,0.005,40,TRUE,1,-0.0110676774036655,9,0.05,iid,3947,ho_completion,8,8
dev,total_gain,0.005,40,TRUE,6,-0.00143834190178223,45,0.05,iid,3947,ho_completion,8,8
dev,adjacent_pointwise,0.01,40,TRUE,1,0.00511921769761592,1,0.05,iid,5000,ho_reconstruction,8,9
dev,adjacent_simultaneous,0.01,40,TRUE,1,0.00552179272690289,9,0.05,iid,5000,ho_reconstruction,8,9
dev,total_gain,0.01,50,TRUE,5,0.00869764110238181,45,0.05,iid,5000,ho_reconstruction,8,9
dev,adjacent_pointwise,0.005,50,TRUE,1,0.00460179475586012,1,0.05,iid,5000,ho_reconstruction,8,9
dev,adjacent_simultaneous,0.005,50,TRUE,1,0.00483714278142175,9,0.05,iid,5000,ho_reconstruction,8,9
dev,total_gain,0.005,60,TRUE,4,0.00439706953073661,45,0.05,iid,5000,ho_reconstruction,8,9
dev,adjacent_pointwise,0.01,40,TRUE,1,-0.0132478835818688,1,0.05,iid,4059,ho_completion,8,9
dev,adjacent_simultaneous,0.01,40,TRUE,1,-0.0110430094585394,9,0.05,iid,4059,ho_completion,8,9
dev,total_gain,0.01,40,TRUE,6,0.00120581321907378,45,0.05,iid,4059,ho_completion,8,9
dev,adjacent_pointwise,0.005,40,TRUE,1,-0.0132478835818688,1,0.05,iid,4059,ho_completion,8,9
dev,adjacent_simultaneous,0.005,40,TRUE,1,-0.0110430094585394,9,0.05,iid,4059,ho_completion,8,9
dev,total_gain,0.005,40,TRUE,6,0.00120581321907378,45,0.05,iid,4059,ho_completion,8,9
dev,adjacent_pointwise,0.01,40,TRUE,1,0.00622176835251846,1,0.05,iid,5000,ho_reconstruction,8,10
dev,adjacent_simultaneous,0.01,40,TRUE,1,0.00663212249162874,9,0.05,iid,5000,ho_reconstruction,8,10
dev,total_gain,0.01,50,TRUE,5,0.0081743353337888,45,0.05,iid,5000,ho_reconstruction,8,10
dev,adjacent_pointwise,0.005,50,TRUE,1,0.00439023134982307,1,0.05,iid,5000,ho_reconstruction,8,10
dev,adjacent_simultaneous,0.005,50,TRUE,1,0.00462052229100857,9,0.05,iid,5000,ho_reconstruction,8,10
dev,total_gain,0.005,60,TRUE,4,0.00406516220025011,45,0.05,iid,5000,ho_reconstruction,8,10
dev,adjacent_pointwise,0.01,40,TRUE,1,-0.00982928190988338,1,0.05,iid,4010,ho_completion,8,10
dev,adjacent_simultaneous,0.01,40,TRUE,1,-0.0076225845403748,9,0.05,iid,4010,ho_completion,8,10
dev,total_gain,0.01,40,TRUE,6,0.00190766684284309,45,0.05,iid,4010,ho_completion,8,10
dev,adjacent_pointwise,0.005,40,TRUE,1,-0.00982928190988338,1,0.05,iid,4010,ho_completion,8,10
dev,adjacent_simultaneous,0.005,40,TRUE,1,-0.0076225845403748,9,0.05,iid,4010,ho_completion,8,10
dev,total_gain,0.005,40,TRUE,6,0.00190766684284309,45,0.05,iid,4010,ho_completion,8,10
dev,adjacent_pointwise,0.01,40,TRUE,1,0.000948056112275994,1,0.05,iid,5000,ho_reconstruction,9,1
dev,adjacent_simultaneous,0.01,40,TRUE,1,0.00116109034748223,9,0.05,iid,5000,ho_reconstruction,9,1
dev,total_gain,0.01,40,TRUE,6,0.00614138365258911,45,0.05,iid,5000,ho_reconstruction,9,1
dev,adjacent_pointwise,0.005,40,TRUE,1,0.000948056112275994,1,0.05,iid,5000,ho_reconstruction,9,1
dev,adjacent_simultaneous,0.005,40,TRUE,1,0.00116109034748223,9,0.05,iid,5000,ho_reconstruction,9,1
dev,total_gain,0.005,70,TRUE,3,0.00231450318787703,45,0.05,iid,5000,ho_reconstruction,9,1
dev,adjacent_pointwise,0.01,40,TRUE,1,0.00349060447690329,1,0.05,iid,4412,ho_completion,9,1
dev,adjacent_simultaneous,0.01,40,TRUE,1,0.00452392522843075,9,0.05,iid,4412,ho_completion,9,1
dev,total_gain,0.01,40,TRUE,6,0.00512429974792371,45,0.05,iid,4412,ho_completion,9,1
dev,adjacent_pointwise,0.005,40,TRUE,1,0.00349060447690329,1,0.05,iid,4412,ho_completion,9,1
dev,adjacent_simultaneous,0.005,40,TRUE,1,0.00452392522843075,9,0.05,iid,4412,ho_completion,9,1
dev,total_gain,0.005,50,TRUE,5,-0.000287201552334679,45,0.05,iid,4412,ho_completion,9,1
dev,adjacent_pointwise,0.01,40,TRUE,1,0.000944559666315953,1,0.05,iid,5000,ho_reconstruction,9,2
dev,adjacent_simultaneous,0.01,40,TRUE,1,0.00116666201197056,9,0.05,iid,5000,ho_reconstruction,9,2
dev,total_gain,0.01,40,TRUE,6,0.00662966910825018,45,0.05,iid,5000,ho_reconstruction,9,2
dev,adjacent_pointwise,0.005,40,TRUE,1,0.000944559666315953,1,0.05,iid,5000,ho_reconstruction,9,2
dev,adjacent_simultaneous,0.005,40,TRUE,1,0.00116666201197056,9,0.05,iid,5000,ho_reconstruction,9,2
dev,total_gain,0.005,70,TRUE,3,0.00241885679969923,45,0.05,iid,5000,ho_reconstruction,9,2
dev,adjacent_pointwise,0.01,40,TRUE,1,0.00164466100318188,1,0.05,iid,4416,ho_completion,9,2
dev,adjacent_simultaneous,0.01,40,TRUE,1,0.00272416661549284,9,0.05,iid,4416,ho_completion,9,2
dev,total_gain,0.01,40,TRUE,6,0.00335137521681349,45,0.05,iid,4416,ho_completion,9,2
dev,adjacent_pointwise,0.005,40,TRUE,1,0.00164466100318188,1,0.05,iid,4416,ho_completion,9,2
dev,adjacent_simultaneous,0.005,40,TRUE,1,0.00272416661549284,9,0.05,iid,4416,ho_completion,9,2
dev,total_gain,0.005,40,TRUE,6,0.00335137521681349,45,0.05,iid,4416,ho_completion,9,2
dev,adjacent_pointwise,0.01,40,TRUE,1,0.000968495414445118,1,0.05,iid,5000,ho_reconstruction,9,3
dev,adjacent_simultaneous,0.01,40,TRUE,1,0.00118583711143895,9,0.05,iid,5000,ho_reconstruction,9,3
dev,total_gain,0.01,40,TRUE,6,0.00707190427455687,45,0.05,iid,5000,ho_reconstruction,9,3
dev,adjacent_pointwise,0.005,40,TRUE,1,0.000968495414445118,1,0.05,iid,5000,ho_reconstruction,9,3
dev,adjacent_simultaneous,0.005,40,TRUE,1,0.00118583711143895,9,0.05,iid,5000,ho_reconstruction,9,3
dev,total_gain,0.005,70,TRUE,3,0.0024515918806184,45,0.05,iid,5000,ho_reconstruction,9,3
dev,adjacent_pointwise,0.01,40,TRUE,1,0.00242174954005611,1,0.05,iid,4455,ho_completion,9,3
dev,adjacent_simultaneous,0.01,40,TRUE,1,0.00344554182847142,9,0.05,iid,4455,ho_completion,9,3
dev,total_gain,0.01,40,TRUE,6,0.00404038017107641,45,0.05,iid,4455,ho_completion,9,3
dev,adjacent_pointwise,0.005,40,TRUE,1,0.00242174954005611,1,0.05,iid,4455,ho_completion,9,3
dev,adjacent_simultaneous,0.005,40,TRUE,1,0.00344554182847142,9,0.05,iid,4455,ho_completion,9,3
dev,total_gain,0.005,40,TRUE,6,0.00404038017107641,45,0.05,iid,4455,ho_completion,9,3
dev,adjacent_pointwise,0.01,40,TRUE,1,0.00150580012280302,1,0.05,iid,5000,ho_reconstruction,9,4
dev,adjacent_simultaneous,0.01,40,TRUE,1,0.00172764417132321,9,0.05,iid,5000,ho_reconstruction,9,4
dev,total_gain,0.01,40,TRUE,6,0.00710286389397571,45,0.05,iid,5000,ho_reconstruction,9,4
dev,adjacent_pointwise,0.005,40,TRUE,1,0.00150580012280302,1,0.05,iid,5000,ho_reconstruction,9,4
dev,adjacent_simultaneous,0.005,40,TRUE,1,0.00172764417132321,9,0.05,iid,5000,ho_reconstruction,9,4
dev,total_gain,0.005,70,TRUE,3,0.00260967352885108,45,0.05,iid,5000,ho_reconstruction,9,4
dev,adjacent_pointwise,0.01,40,TRUE,1,0.00348149238389237,1,0.05,iid,4438,ho_completion,9,4
dev,adjacent_simultaneous,0.01,40,TRUE,1,0.00455807353593003,9,0.05,iid,4438,ho_completion,9,4
dev,total_gain,0.01,40,TRUE,6,0.00518358298291863,45,0.05,iid,4438,ho_completion,9,4
dev,adjacent_pointwise,0.005,40,TRUE,1,0.00348149238389237,1,0.05,iid,4438,ho_completion,9,4
dev,adjacent_simultaneous,0.005,40,TRUE,1,0.00455807353593003,9,0.05,iid,4438,ho_completion,9,4
dev,total_gain,0.005,50,TRUE,5,0.000658741509017668,45,0.05,iid,4438,ho_completion,9,4
dev,adjacent_pointwise,0.01,40,TRUE,1,0.00144406304978975,1,0.05,iid,5000,ho_reconstruction,9,5
dev,adjacent_simultaneous,0.01,40,TRUE,1,0.00166531478013006,9,0.05,iid,5000,ho_reconstruction,9,5
dev,total_gain,0.01,40,TRUE,6,0.00727237410536585,45,0.05,iid,5000,ho_reconstruction,9,5
dev,adjacent_pointwise,0.005,40,TRUE,1,0.00144406304978975,1,0.05,iid,5000,ho_reconstruction,9,5
dev,adjacent_simultaneous,0.005,40,TRUE,1,0.00166531478013006,9,0.05,iid,5000,ho_reconstruction,9,5
dev,total_gain,0.005,70,TRUE,3,0.00293673736668218,45,0.05,iid,5000,ho_reconstruction,9,5
dev,adjacent_pointwise,0.01,40,TRUE,1,0.00127350743237128,1,0.05,iid,4435,ho_completion,9,5
dev,adjacent_simultaneous,0.01,40,TRUE,1,0.00237577231342353,9,0.05,iid,4435,ho_completion,9,5
dev,total_gain,0.01,40,TRUE,6,0.00301620438385033,45,0.05,iid,4435,ho_completion,9,5
dev,adjacent_pointwise,0.005,40,TRUE,1,0.00127350743237128,1,0.05,iid,4435,ho_completion,9,5
dev,adjacent_simultaneous,0.005,40,TRUE,1,0.00237577231342353,9,0.05,iid,4435,ho_completion,9,5
dev,total_gain,0.005,40,TRUE,6,0.00301620438385033,45,0.05,iid,4435,ho_completion,9,5
dev,adjacent_pointwise,0.01,40,TRUE,1,0.000988434147559274,1,0.05,iid,5000,ho_reconstruction,9,6
dev,adjacent_simultaneous,0.01,40,TRUE,1,0.00120713199683917,9,0.05,iid,5000,ho_reconstruction,9,6
dev,total_gain,0.01,40,TRUE,6,0.00708783775715695,45,0.05,iid,5000,ho_reconstruction,9,6
dev,adjacent_pointwise,0.005,40,TRUE,1,0.000988434147559274,1,0.05,iid,5000,ho_reconstruction,9,6
dev,adjacent_simultaneous,0.005,40,TRUE,1,0.00120713199683917,9,0.05,iid,5000,ho_reconstruction,9,6
dev,total_gain,0.005,70,TRUE,3,0.00291395893093205,45,0.05,iid,5000,ho_reconstruction,9,6
dev,adjacent_pointwise,0.01,40,TRUE,1,0.00129146581584746,1,0.05,iid,4424,ho_completion,9,6
dev,adjacent_simultaneous,0.01,40,TRUE,1,0.00228682333799537,9,0.05,iid,4424,ho_completion,9,6
dev,total_gain,0.01,40,TRUE,6,0.00286514066414981,45,0.05,iid,4424,ho_completion,9,6
dev,adjacent_pointwise,0.005,40,TRUE,1,0.00129146581584746,1,0.05,iid,4424,ho_completion,9,6
dev,adjacent_simultaneous,0.005,40,TRUE,1,0.00228682333799537,9,0.05,iid,4424,ho_completion,9,6
dev,total_gain,0.005,40,TRUE,6,0.00286514066414981,45,0.05,iid,4424,ho_completion,9,6
dev,adjacent_pointwise,0.01,40,TRUE,1,0.00142966457891256,1,0.05,iid,5000,ho_reconstruction,9,7
dev,adjacent_simultaneous,0.01,40,TRUE,1,0.00166080442170584,9,0.05,iid,5000,ho_reconstruction,9,7
dev,total_gain,0.01,40,TRUE,6,0.00724899439982039,45,0.05,iid,5000,ho_reconstruction,9,7
dev,adjacent_pointwise,0.005,40,TRUE,1,0.00142966457891256,1,0.05,iid,5000,ho_reconstruction,9,7
dev,adjacent_simultaneous,0.005,40,TRUE,1,0.00166080442170584,9,0.05,iid,5000,ho_reconstruction,9,7
dev,total_gain,0.005,70,TRUE,3,0.00250365100781999,45,0.05,iid,5000,ho_reconstruction,9,7
dev,adjacent_pointwise,0.01,40,TRUE,1,0.00112007534607956,1,0.05,iid,4428,ho_completion,9,7
dev,adjacent_simultaneous,0.01,40,TRUE,1,0.00213347380484498,9,0.05,iid,4428,ho_completion,9,7
dev,total_gain,0.01,40,TRUE,6,0.00272227317990526,45,0.05,iid,4428,ho_completion,9,7
dev,adjacent_pointwise,0.005,40,TRUE,1,0.00112007534607956,1,0.05,iid,4428,ho_completion,9,7
dev,adjacent_simultaneous,0.005,40,TRUE,1,0.00213347380484498,9,0.05,iid,4428,ho_completion,9,7
dev,total_gain,0.005,40,TRUE,6,0.00272227317990526,45,0.05,iid,4428,ho_completion,9,7
dev,adjacent_pointwise,0.01,40,TRUE,1,0.00111730407543222,1,0.05,iid,5000,ho_reconstruction,9,8
dev,adjacent_simultaneous,0.01,40,TRUE,1,0.00133927892385685,9,0.05,iid,5000,ho_reconstruction,9,8
dev,total_gain,0.01,40,TRUE,6,0.00693260741354188,45,0.05,iid,5000,ho_reconstruction,9,8
dev,adjacent_pointwise,0.005,40,TRUE,1,0.00111730407543222,1,0.05,iid,5000,ho_reconstruction,9,8
dev,adjacent_simultaneous,0.005,40,TRUE,1,0.00133927892385685,9,0.05,iid,5000,ho_reconstruction,9,8
dev,total_gain,0.005,70,TRUE,3,0.00268532776126467,45,0.05,iid,5000,ho_reconstruction,9,8
dev,adjacent_pointwise,0.01,40,TRUE,1,0.00220415782377971,1,0.05,iid,4399,ho_completion,9,8
dev,adjacent_simultaneous,0.01,40,TRUE,1,0.0032792335733943,9,0.05,iid,4399,ho_completion,9,8
dev,total_gain,0.01,40,TRUE,6,0.00390386835948495,45,0.05,iid,4399,ho_completion,9,8
dev,adjacent_pointwise,0.005,40,TRUE,1,0.00220415782377971,1,0.05,iid,4399,ho_completion,9,8
dev,adjacent_simultaneous,0.005,40,TRUE,1,0.0032792335733943,9,0.05,iid,4399,ho_completion,9,8
dev,total_gain,0.005,40,TRUE,6,0.00390386835948495,45,0.05,iid,4399,ho_completion,9,8
dev,adjacent_pointwise,0.01,40,TRUE,1,0.000704165480194211,1,0.05,iid,5000,ho_reconstruction,9,9
dev,adjacent_simultaneous,0.01,40,TRUE,1,0.000923206078476935,9,0.05,iid,5000,ho_reconstruction,9,9
dev,total_gain,0.01,40,TRUE,6,0.0067769014801093,45,0.05,iid,5000,ho_reconstruction,9,9
dev,adjacent_pointwise,0.005,40,TRUE,1,0.000704165480194211,1,0.05,iid,5000,ho_reconstruction,9,9
dev,adjacent_simultaneous,0.005,40,TRUE,1,0.000923206078476935,9,0.05,iid,5000,ho_reconstruction,9,9
dev,total_gain,0.005,70,TRUE,3,0.00303245228916516,45,0.05,iid,5000,ho_reconstruction,9,9
dev,adjacent_pointwise,0.01,40,TRUE,1,-0.000449994658458149,1,0.05,iid,4416,ho_completion,9,9
dev,adjacent_simultaneous,0.01,40,TRUE,1,0.000567132449920518,9,0.05,iid,4416,ho_completion,9,9
dev,total_gain,0.01,40,TRUE,6,0.00115809822511997,45,0.05,iid,4416,ho_completion,9,9
dev,adjacent_pointwise,0.005,40,TRUE,1,-0.000449994658458149,1,0.05,iid,4416,ho_completion,9,9
dev,adjacent_simultaneous,0.005,40,TRUE,1,0.000567132449920518,9,0.05,iid,4416,ho_completion,9,9
dev,total_gain,0.005,40,TRUE,6,0.00115809822511997,45,0.05,iid,4416,ho_completion,9,9
dev,adjacent_pointwise,0.01,40,TRUE,1,0.00189396547281268,1,0.05,iid,5000,ho_reconstruction,9,10
dev,adjacent_simultaneous,0.01,40,TRUE,1,0.00211832356156083,9,0.05,iid,5000,ho_reconstruction,9,10
dev,total_gain,0.01,40,TRUE,6,0.00729623519483856,45,0.05,iid,5000,ho_reconstruction,9,10
dev,adjacent_pointwise,0.005,40,TRUE,1,0.00189396547281268,1,0.05,iid,5000,ho_reconstruction,9,10
dev,adjacent_simultaneous,0.005,40,TRUE,1,0.00211832356156083,9,0.05,iid,5000,ho_reconstruction,9,10
dev,total_gain,0.005,70,TRUE,3,0.00302276322719084,45,0.05,iid,5000,ho_reconstruction,9,10
dev,adjacent_pointwise,0.01,40,TRUE,1,0.00393304882884464,1,0.05,iid,4419,ho_completion,9,10
dev,adjacent_simultaneous,0.01,40,TRUE,1,0.00498759009068968,9,0.05,iid,4419,ho_completion,9,10
dev,total_gain,0.01,40,TRUE,6,0.00560029403806501,45,0.05,iid,4419,ho_completion,9,10
dev,adjacent_pointwise,0.005,40,TRUE,1,0.00393304882884464,1,0.05,iid,4419,ho_completion,9,10
dev,adjacent_simultaneous,0.005,40,TRUE,1,0.00498759009068968,9,0.05,iid,4419,ho_completion,9,10
dev,total_gain,0.005,50,TRUE,5,-0.00191977822444044,45,0.05,iid,4419,ho_completion,9,10
dev,adjacent_pointwise,0.01,40,TRUE,1,0.00644469650298521,1,0.05,iid,5000,ho_reconstruction,10,1
dev,adjacent_simultaneous,0.01,40,TRUE,1,0.00669723589119023,9,0.05,iid,5000,ho_reconstruction,10,1
dev,total_gain,0.01,50,TRUE,5,0.00560551782445854,45,0.05,iid,5000,ho_reconstruction,10,1
dev,adjacent_pointwise,0.005,50,TRUE,1,0.000647547219343554,1,0.05,iid,5000,ho_reconstruction,10,1
dev,adjacent_simultaneous,0.005,50,TRUE,1,0.000813376829458142,9,0.05,iid,5000,ho_reconstruction,10,1
dev,total_gain,0.005,80,TRUE,2,0.00294997722812914,45,0.05,iid,5000,ho_reconstruction,10,1
dev,adjacent_pointwise,0.01,40,TRUE,1,-0.00194409404680572,1,0.05,iid,3957,ho_completion,10,1
dev,adjacent_simultaneous,0.01,40,TRUE,1,-0.000646982613599919,9,0.05,iid,3957,ho_completion,10,1
dev,total_gain,0.01,40,TRUE,6,0.0013000901781488,45,0.05,iid,3957,ho_completion,10,1
dev,adjacent_pointwise,0.005,40,TRUE,1,-0.00194409404680572,1,0.05,iid,3957,ho_completion,10,1
dev,adjacent_simultaneous,0.005,40,TRUE,1,-0.000646982613599919,9,0.05,iid,3957,ho_completion,10,1
dev,total_gain,0.005,40,TRUE,6,0.0013000901781488,45,0.05,iid,3957,ho_completion,10,1
dev,adjacent_pointwise,0.01,40,TRUE,1,0.00723945953957198,1,0.05,iid,5000,ho_reconstruction,10,2
dev,adjacent_simultaneous,0.01,40,TRUE,1,0.00750285416263174,9,0.05,iid,5000,ho_reconstruction,10,2
dev,total_gain,0.01,50,TRUE,5,0.00576107668942491,45,0.05,iid,5000,ho_reconstruction,10,2
dev,adjacent_pointwise,0.005,50,TRUE,1,0.000993703820529594,1,0.05,iid,5000,ho_reconstruction,10,2
dev,adjacent_simultaneous,0.005,50,TRUE,1,0.0011585119486766,9,0.05,iid,5000,ho_reconstruction,10,2
dev,total_gain,0.005,80,TRUE,2,0.00312044243393895,45,0.05,iid,5000,ho_reconstruction,10,2
dev,adjacent_pointwise,0.01,40,TRUE,1,0.00139814130388329,1,0.05,iid,3905,ho_completion,10,2
dev,adjacent_simultaneous,0.01,40,TRUE,1,0.00260029185064013,9,0.05,iid,3905,ho_completion,10,2
dev,total_gain,0.01,40,TRUE,6,0.00329875895855454,45,0.05,iid,3905,ho_completion,10,2
dev,adjacent_pointwise,0.005,40,TRUE,1,0.00139814130388329,1,0.05,iid,3905,ho_completion,10,2
dev,adjacent_simultaneous,0.005,40,TRUE,1,0.00260029185064013,9,0.05,iid,3905,ho_completion,10,2
dev,total_gain,0.005,40,TRUE,6,0.00329875895855454,45,0.05,iid,3905,ho_completion,10,2
dev,adjacent_pointwise,0.01,40,TRUE,1,0.00660373660624721,1,0.05,iid,5000,ho_reconstruction,10,3
dev,adjacent_simultaneous,0.01,40,TRUE,1,0.00685626457892671,9,0.05,iid,5000,ho_reconstruction,10,3
dev,total_gain,0.01,50,TRUE,5,0.00599017865600993,45,0.05,iid,5000,ho_reconstruction,10,3
dev,adjacent_pointwise,0.005,50,TRUE,1,0.000975553357393927,1,0.05,iid,5000,ho_reconstruction,10,3
dev,adjacent_simultaneous,0.005,50,TRUE,1,0.00114049056464443,9,0.05,iid,5000,ho_reconstruction,10,3
dev,total_gain,0.005,80,TRUE,2,0.00277011555681162,45,0.05,iid,5000,ho_reconstruction,10,3
dev,adjacent_pointwise,0.01,40,TRUE,1,0.00244985960630238,1,0.05,iid,3963,ho_completion,10,3
dev,adjacent_simultaneous,0.01,40,TRUE,1,0.0035817768305801,9,0.05,iid,3963,ho_completion,10,3
dev,total_gain,0.01,40,TRUE,6,0.00423943734753671,45,0.05,iid,3963,ho_completion,10,3
dev,adjacent_pointwise,0.005,40,TRUE,1,0.00244985960630238,1,0.05,iid,3963,ho_completion,10,3
dev,adjacent_simultaneous,0.005,40,TRUE,1,0.0035817768305801,9,0.05,iid,3963,ho_completion,10,3
dev,total_gain,0.005,40,TRUE,6,0.00423943734753671,45,0.05,iid,3963,ho_completion,10,3
dev,adjacent_pointwise,0.01,40,TRUE,1,0.00670084165623868,1,0.05,iid,5000,ho_reconstruction,10,4
dev,adjacent_simultaneous,0.01,40,TRUE,1,0.00696026373630683,9,0.05,iid,5000,ho_reconstruction,10,4
dev,total_gain,0.01,50,TRUE,5,0.00565770735601467,45,0.05,iid,5000,ho_reconstruction,10,4
dev,adjacent_pointwise,0.005,50,TRUE,1,0.00042837564481364,1,0.05,iid,5000,ho_reconstruction,10,4
dev,adjacent_simultaneous,0.005,50,TRUE,1,0.000598010531823828,9,0.05,iid,5000,ho_reconstruction,10,4
dev,total_gain,0.005,80,TRUE,2,0.00281127341338393,45,0.05,iid,5000,ho_reconstruction,10,4
dev,adjacent_pointwise,0.01,40,TRUE,1,0.00332188791917457,1,0.05,iid,3931,ho_completion,10,4
dev,adjacent_simultaneous,0.01,40,TRUE,1,0.00451998882826941,9,0.05,iid,3931,ho_completion,10,4
dev,total_gain,0.01,40,TRUE,6,0.00521610303727819,45,0.05,iid,3931,ho_completion,10,4
dev,adjacent_pointwise,0.005,40,TRUE,1,0.00332188791917457,1,0.05,iid,3931,ho_completion,10,4
dev,adjacent_simultaneous,0.005,40,TRUE,1,0.00451998882826941,9,0.05,iid,3931,ho_completion,10,4
dev,total_gain,0.005,50,TRUE,5,0.00371897459056872,45,0.05,iid,3931,ho_completion,10,4
dev,adjacent_pointwise,0.01,40,TRUE,1,0.00584386998545875,1,0.05,iid,5000,ho_reconstruction,10,5
dev,adjacent_simultaneous,0.01,40,TRUE,1,0.00609060394770992,9,0.05,iid,5000,ho_reconstruction,10,5
dev,total_gain,0.01,50,TRUE,5,0.00616952101599828,45,0.05,iid,5000,ho_reconstruction,10,5
dev,adjacent_pointwise,0.005,50,TRUE,1,0.0010978844437017,1,0.05,iid,5000,ho_reconstruction,10,5
dev,adjacent_simultaneous,0.005,50,TRUE,1,0.00126745017413206,9,0.05,iid,5000,ho_reconstruction,10,5
dev,total_gain,0.005,80,TRUE,2,0.00282105197661587,45,0.05,iid,5000,ho_reconstruction,10,5
dev,adjacent_pointwise,0.01,40,TRUE,1,0.00204012862948789,1,0.05,iid,3967,ho_completion,10,5
dev,adjacent_simultaneous,0.01,40,TRUE,1,0.00320053519782575,9,0.05,iid,3967,ho_completion,10,5
dev,total_gain,0.01,40,TRUE,6,0.00589391077830134,45,0.05,iid,3967,ho_completion,10,5
dev,adjacent_pointwise,0.005,40,TRUE,1,0.00204012862948789,1,0.05,iid,3967,ho_completion,10,5
dev,adjacent_simultaneous,0.005,40,TRUE,1,0.00320053519782575,9,0.05,iid,3967,ho_completion,10,5
dev,total_gain,0.005,60,TRUE,4,0.0016568735226163,45,0.05,iid,3967,ho_completion,10,5
dev,adjacent_pointwise,0.01,40,TRUE,1,0.0058603736620689,1,0.05,iid,5000,ho_reconstruction,10,6
dev,adjacent_simultaneous,0.01,40,TRUE,1,0.00611134109881457,9,0.05,iid,5000,ho_reconstruction,10,6
dev,total_gain,0.01,50,TRUE,5,0.00608112705801129,45,0.05,iid,5000,ho_reconstruction,10,6
dev,adjacent_pointwise,0.005,50,TRUE,1,0.00117389580656285,1,0.05,iid,5000,ho_reconstruction,10,6
dev,adjacent_simultaneous,0.005,50,TRUE,1,0.00134460018475661,9,0.05,iid,5000,ho_reconstruction,10,6
dev,total_gain,0.005,80,TRUE,2,0.00286139719812504,45,0.05,iid,5000,ho_reconstruction,10,6
dev,adjacent_pointwise,0.01,40,TRUE,1,0.00109176124305364,1,0.05,iid,3924,ho_completion,10,6
dev,adjacent_simultaneous,0.01,40,TRUE,1,0.00228103151534581,9,0.05,iid,3924,ho_completion,10,6
dev,total_gain,0.01,40,TRUE,6,0.00370805472274342,45,0.05,iid,3924,ho_completion,10,6
dev,adjacent_pointwise,0.005,40,TRUE,1,0.00109176124305364,1,0.05,iid,3924,ho_completion,10,6
dev,adjacent_simultaneous,0.005,40,TRUE,1,0.00228103151534581,9,0.05,iid,3924,ho_completion,10,6
dev,total_gain,0.005,40,TRUE,6,0.00370805472274342,45,0.05,iid,3924,ho_completion,10,6
dev,adjacent_pointwise,0.01,40,TRUE,1,0.00623787490035552,1,0.05,iid,5000,ho_reconstruction,10,7
dev,adjacent_simultaneous,0.01,40,TRUE,1,0.00648695574697608,9,0.05,iid,5000,ho_reconstruction,10,7
dev,total_gain,0.01,50,TRUE,5,0.00556333262556927,45,0.05,iid,5000,ho_reconstruction,10,7
dev,adjacent_pointwise,0.005,50,TRUE,1,0.000974442518711228,1,0.05,iid,5000,ho_reconstruction,10,7
dev,adjacent_simultaneous,0.005,50,TRUE,1,0.001142824804205,9,0.05,iid,5000,ho_reconstruction,10,7
dev,total_gain,0.005,60,TRUE,4,0.00487911537561933,45,0.05,iid,5000,ho_reconstruction,10,7
dev,adjacent_pointwise,0.01,40,TRUE,1,0.00286258978625367,1,0.05,iid,3913,ho_completion,10,7
dev,adjacent_simultaneous,0.01,40,TRUE,1,0.00395889833659702,9,0.05,iid,3913,ho_completion,10,7
dev,total_gain,0.01,40,TRUE,6,0.00459586969147929,45,0.05,iid,3913,ho_completion,10,7
dev,adjacent_pointwise,0.005,40,TRUE,1,0.00286258978625367,1,0.05,iid,3913,ho_completion,10,7
dev,adjacent_simultaneous,0.005,40,TRUE,1,0.00395889833659702,9,0.05,iid,3913,ho_completion,10,7
dev,total_gain,0.005,40,TRUE,6,0.00459586969147929,45,0.05,iid,3913,ho_completion,10,7
dev,adjacent_pointwise,0.01,40,TRUE,1,0.00633353698144854,1,0.05,iid,5000,ho_reconstruction,10,8
dev,adjacent_simultaneous,0.01,40,TRUE,1,0.00658629487204205,9,0.05,iid,5000,ho_reconstruction,10,8
dev,total_gain,0.01,50,TRUE,5,0.00560012869141723,45,0.05,iid,5000,ho_reconstruction,10,8
dev,adjacent_pointwise,0.005,50,TRUE,1,0.00082332679179284,1,0.05,iid,5000,ho_reconstruction,10,8
dev,adjacent_simultaneous,0.005,50,TRUE,1,0.000989498013082394,9,0.05,iid,5000,ho_reconstruction,10,8
dev,total_gain,0.005,80,TRUE,2,0.00231583643120554,45,0.05,iid,5000,ho_reconstruction,10,8
dev,adjacent_pointwise,0.01,40,TRUE,1,0.00121829492548515,1,0.05,iid,3932,ho_completion,10,8
dev,adjacent_simultaneous,0.01,40,TRUE,1,0.00236567738663891,9,0.05,iid,3932,ho_completion,10,8
dev,total_gain,0.01,40,TRUE,6,0.00313457646041857,45,0.05,iid,3932,ho_completion,10,8
dev,adjacent_pointwise,0.005,40,TRUE,1,0.00121829492548515,1,0.05,iid,3932,ho_completion,10,8
dev,adjacent_simultaneous,0.005,40,TRUE,1,0.00236567738663891,9,0.05,iid,3932,ho_completion,10,8
dev,total_gain,0.005,40,TRUE,6,0.00313457646041857,45,0.05,iid,3932,ho_completion,10,8
dev,adjacent_pointwise,0.01,40,TRUE,1,0.00646657323255434,1,0.05,iid,5000,ho_reconstruction,10,9
dev,adjacent_simultaneous,0.01,40,TRUE,1,0.00671787123663276,9,0.05,iid,5000,ho_reconstruction,10,9
dev,total_gain,0.01,50,TRUE,5,0.00586916401534579,45,0.05,iid,5000,ho_reconstruction,10,9
dev,adjacent_pointwise,0.005,50,TRUE,1,0.00128784686511634,1,0.05,iid,5000,ho_reconstruction,10,9
dev,adjacent_simultaneous,0.005,50,TRUE,1,0.00145718112010047,9,0.05,iid,5000,ho_reconstruction,10,9
dev,total_gain,0.005,60,TRUE,4,0.00487456258621048,45,0.05,iid,5000,ho_reconstruction,10,9
dev,adjacent_pointwise,0.01,40,TRUE,1,0.00369553517159499,1,0.05,iid,3885,ho_completion,10,9
dev,adjacent_simultaneous,0.01,40,TRUE,1,0.00488370312829424,9,0.05,iid,3885,ho_completion,10,9
dev,total_gain,0.01,40,TRUE,6,0.00638933761940468,45,0.05,iid,3885,ho_completion,10,9
dev,adjacent_pointwise,0.005,40,TRUE,1,0.00369553517159499,1,0.05,iid,3885,ho_completion,10,9
dev,adjacent_simultaneous,0.005,40,TRUE,1,0.00488370312829424,9,0.05,iid,3885,ho_completion,10,9
dev,total_gain,0.005,60,TRUE,4,0.0019296118827695,45,0.05,iid,3885,ho_completion,10,9
dev,adjacent_pointwise,0.01,40,TRUE,1,0.00683281738015777,1,0.05,iid,5000,ho_reconstruction,10,10
dev,adjacent_simultaneous,0.01,40,TRUE,1,0.00709651633351935,9,0.05,iid,5000,ho_reconstruction,10,10
dev,total_gain,0.01,50,TRUE,5,0.0061877180505326,45,0.05,iid,5000,ho_reconstruction,10,10
dev,adjacent_pointwise,0.005,50,TRUE,1,0.000816529904664034,1,0.05,iid,5000,ho_reconstruction,10,10
dev,adjacent_simultaneous,0.005,50,TRUE,1,0.000982510272104835,9,0.05,iid,5000,ho_reconstruction,10,10
dev,total_gain,0.005,80,TRUE,2,0.00306392396823591,45,0.05,iid,5000,ho_reconstruction,10,10
dev,adjacent_pointwise,0.01,40,TRUE,1,0.000405544329507858,1,0.05,iid,3896,ho_completion,10,10
dev,adjacent_simultaneous,0.01,40,TRUE,1,0.00158130518320152,9,0.05,iid,3896,ho_completion,10,10
dev,total_gain,0.01,40,TRUE,6,0.00400313105055504,45,0.05,iid,3896,ho_completion,10,10
dev,adjacent_pointwise,0.005,40,TRUE,1,0.000405544329507858,1,0.05,iid,3896,ho_completion,10,10
dev,adjacent_simultaneous,0.005,40,TRUE,1,0.00158130518320152,9,0.05,iid,3896,ho_completion,10,10
dev,total_gain,0.005,40,TRUE,6,0.00400313105055504,45,0.05,iid,3896,ho_completion,10,10
