K,metric,gap,se,n,lwr,upr,level,eval,replicate,scenario
10,dev,-0.0017154770153162,0.0112951818273918,879,-0.0238536265958355,0.0204226725652031,0.95,insample,1,A
10,chisq,0.0188931405984271,0.0124288996438209,887,-0.00546705507092461,0.0432533362677788,0.95,insample,1,A
10,se,0.153726920525518,0.0201719802892273,915,0.114190565661781,0.193263275389256,0.95,insample,1,A
20,dev,0.0892774277769233,0.0128496944244819,879,0.0640924894925936,0.114462366061253,0.95,insample,1,A
20,chisq,0.103560868474092,0.0134735401984725,887,0.0771532149408331,0.129968522007351,0.95,insample,1,A
20,se,0.338655661951319,0.0335591577329243,915,0.272880921443289,0.40443040245935,0.95,insample,1,A
30,dev,0.142532381961451,0.0137241815985208,879,0.115633480311063,0.169431283611839,0.95,insample,1,A
30,chisq,0.125969569660079,0.012364692150571,887,0.101735218365034,0.150203920955123,0.95,insample,1,A
30,se,0.505940182280147,0.0524596860978997,915,0.403121086887987,0.608759277672307,0.95,insample,1,A
40,dev,0.171583546861363,0.0145675150866234,879,0.143031741947337,0.200135351775389,0.95,insample,1,A
40,chisq,0.138069137619074,0.0132381233362502,887,0.112122892657124,0.164015382581024,0.95,insample,1,A
40,se,0.647175045325297,0.0624579625728734,915,0.524759688134715,0.76959040251588,0.95,insample,1,A
50,dev,0.163839918717328,0.0142708850280728,879,0.135869498034793,0.191810339399863,0.95,insample,1,A
50,chisq,0.127459908079205,0.0129953719651817,887,0.101989447061747,0.152930369096662,0.95,insample,1,A
50,se,0.639767128526067,0.0605165828818729,915,0.521156805610163,0.758377451441971,0.95,insample,1,A
60,dev,0.158346991081369,0.0144828720363317,879,0.129961083497456,0.186732898665281,0.95,insample,1,A
60,chisq,0.121964954752687,0.0134427071977579,887,0.0956177327903638,0.148312176715009,0.95,insample,1,A
60,se,0.674344058873651,0.0662756955467123,915,0.544446082551754,0.804242035195549,0.95,insample,1,A
70,dev,0.16932377169002,0.0147969080087859,879,0.140322364910248,0.198325178469793,0.95,insample,1,A
70,chisq,0.135085636764495,0.0136524051102973,887,0.108327414445962,0.161843859083028,0.95,insample,1,A
70,se,0.635631245667474,0.0587190334957922,915,0.52054405480872,0.750718436526228,0.95,insample,1,A
80,dev,0.165215143554313,0.0153269024711331,879,0.135174966716334,0.195255320392292,0.95,insample,1,A
80,chisq,0.126529224628127,0.0136045478057666,887,0.0998648009028707,0.153193648353382,0.95,insample,1,A
80,se,0.700518229351498,0.0681949606426301,915,0.566858562564817,0.834177896138179,0.95,insample,1,A
90,dev,0.162298576170903,0.0147609853392846,879,0.133367576529581,0.191229575812225,0.95,insample,1,A
90,chisq,0.127028202055171,0.0131521271188839,887,0.101250506582066,0.152805897528276,0.95,insample,1,A
90,se,0.624978955442184,0.0576008749998016,915,0.512083314964579,0.737874595919789,0.95,insample,1,A
100,dev,0.167034636374046,0.0146818331746514,879,0.138258772124704,0.195810500623388,0.95,insample,1,A
100,chisq,0.131601496365194,0.0132094945265826,887,0.105711362839114,0.157491629891275,0.95,insample,1,A
100,se,0.654545781927411,0.0653284766822719,915,0.526504320465293,0.782587243389528,0.95,insample,1,A
10,dev,-0.00928890357631554,0.00513444275512386,4408,-0.0193522264570409,0.000774419304409826,0.95,ho_reconstruction,1,A
10,chisq,0.016799325143168,0.00619320797072726,4448,0.00466086057177621,0.0289377897145599,0.95,ho_reconstruction,1,A
10,se,0.159406508382847,0.0117859263023706,4594,0.136306517305757,0.182506499459937,0.95,ho_reconstruction,1,A
20,dev,0.0679380814109007,0.0057438554715482,4408,0.0566803315542629,0.0791958312675385,0.95,ho_reconstruction,1,A
20,chisq,0.0901418264080075,0.00602833294078345,4448,0.0783265109572555,0.101957141858759,0.95,ho_reconstruction,1,A
20,se,0.337458765400828,0.0152049607688304,4594,0.307657589907576,0.36725994089408,0.95,ho_reconstruction,1,A
30,dev,0.154665914978597,0.00645161505406526,4408,0.142020981830513,0.167310848126681,0.95,ho_reconstruction,1,A
30,chisq,0.150886937683688,0.00622287892385232,4448,0.138690319112784,0.163083556254592,0.95,ho_reconstruction,1,A
30,se,0.557493320351366,0.0243132254014725,4594,0.509840274216476,0.605146366486257,0.95,ho_reconstruction,1,A
40,dev,0.18802044257262,0.0070043253518324,4408,0.174292217147027,0.201748667998212,0.95,ho_reconstruction,1,A
40,chisq,0.15962224899435,0.00650138651206108,4448,0.146879765581135,0.172364732407564,0.95,ho_reconstruction,1,A
40,se,0.694290956827347,0.0320805992598322,4594,0.631414137675614,0.757167775979081,0.95,ho_reconstruction,1,A
50,dev,0.192536649570915,0.00703560142195508,4408,0.178747124174304,0.206326174967526,0.95,ho_reconstruction,1,A
50,chisq,0.160023678077581,0.00649617046897814,4448,0.147291417920951,0.172755938234211,0.95,ho_reconstruction,1,A
50,se,0.707030735327376,0.0326281217583282,4594,0.643080791797865,0.770980678856887,0.95,ho_reconstruction,1,A
60,dev,0.188649586469597,0.00698618261013391,4408,0.174956920164315,0.20234225277488,0.95,ho_reconstruction,1,A
60,chisq,0.15586373499118,0.0064218454328374,4448,0.143277149228536,0.168450320753825,0.95,ho_reconstruction,1,A
60,se,0.704749291312796,0.0323869350199947,4594,0.641272065103968,0.768226517521625,0.95,ho_reconstruction,1,A
70,dev,0.193003508049309,0.00702168801314735,4408,0.179241252432864,0.206765763665754,0.95,ho_reconstruction,1,A
70,chisq,0.161270098343315,0.00644939026343204,4448,0.148629525704745,0.173910670981885,0.95,ho_reconstruction,1,A
70,se,0.706545411254935,0.0329206512126569,4594,0.642022120530522,0.771068701979347,0.95,ho_reconstruction,1,A
80,dev,0.198677894328178,0.00713885320172664,4408,0.184685999161875,0.21266978949448,0.95,ho_reconstruction,1,A
80,chisq,0.166697305297087,0.00661694035723968,4448,0.153728340509048,0.179666270085127,0.95,ho_reconstruction,1,A
80,se,0.721689131840549,0.0333838166715394,4594,0.656258053497844,0.787120210183254,0.95,ho_reconstruction,1,A
90,dev,0.195087360753927,0.00692982163760377,4408,0.181505159924937,0.208669561582917,0.95,ho_reconstruction,1,A
90,chisq,0.16385534167221,0.00636632100032437,4448,0.151377581797554,0.176333101546867,0.95,ho_reconstruction,1,A
90,se,0.693410317670239,0.0320977141021149,4594,0.63049995404403,0.756320681296448,0.95,ho_reconstruction,1,A
100,dev,0.19502259852588,0.0070135351506189,4408,0.181276322226361,0.208768874825399,0.95,ho_reconstruction,1,A
100,chisq,0.163459055201403,0.00647670293648047,4448,0.150764950707336,0.17615315969547,0.95,ho_reconstruction,1,A
100,se,0.700349778598627,0.0316820890493206,4594,0.638254025106968,0.762445532090286,0.95,ho_reconstruction,1,A
10,dev,0.075985360258902,0.0105031663229264,938,0.0553995325423322,0.0965711879754718,0.95,insample,2,A
10,chisq,0.109855199725545,0.0130678811123945,946,0.0842426233910003,0.135467776060089,0.95,insample,2,A
10,se,0.217506349304944,0.0245975114715222,967,0.16929611271145,0.265716585898439,0.95,insample,2,A
20,dev,0.136398725924187,0.0120795216197576,938,0.112723298598989,0.160074153249385,0.95,insample,2,A
20,chisq,0.13624361135046,0.0121150199066757,946,0.112498608661389,0.15998861403953,0.95,insample,2,A
20,se,0.307792895604294,0.0251197233885833,967,0.258559142461063,0.357026648747526,0.95,insample,2,A
30,dev,0.193244244096494,0.013269512934309,938,0.16723647665286,0.219252011540128,0.95,insample,2,A
30,chisq,0.162240102002482,0.0120130873097256,946,0.138694883532285,0.185785320472679,0.95,insample,2,A
30,se,0.434077015254308,0.0332343084355747,967,0.368938967669486,0.49921506283913,0.95,insample,2,A
40,dev,0.239841889172568,0.0155446127051741,938,0.209375008116803,0.270308770228333,0.95,insample,2,A
40,chisq,0.18429732882437,0.0137261734609967,946,0.157394523195267,0.211200134453473,0.95,insample,2,A
40,se,0.6618707777395,0.0572990622365592,967,0.549566679407925,0.774174876071075,0.95,insample,2,A
50,dev,0.233275774527675,0.0153005790179367,938,0.20328719070991,0.26326435834544,0.95,insample,2,A
50,chisq,0.171795134455202,0.0131665367411757,946,0.145989196641375,0.19760107226903,0.95,insample,2,A
50,se,0.67210581605096,0.0604333927216122,967,0.553658542853035,0.790553089248885,0.95,insample,2,A
60,dev,0.229870975178893,0.0153595931061956,938,0.19976672587356,0.259975224484226,0.95,insample,2,A
60,chisq,0.166112380078693,0.013146910591869,946,0.140344908810662,0.191879851346724,0.95,insample,2,A
60,se,0.679176066646966,0.0593114788133569,967,0.562927704302976,0.795424428990956,0.95,insample,2,A
70,dev,0.228903742286376,0.0154349222900283,938,0.198651850493746,0.259155634079006,0.95,insample,2,A
70,chisq,0.172306753264188,0.0136445203811893,946,0.145563984730734,0.199049521797641,0.95,insample,2,A
70,se,0.643264232537076,0.0560375933670158,967,0.533432567757425,0.753095897316728,0.95,insample,2,A
80,dev,0.23068958592303,0.0150826517389286,938,0.20112813172337,0.260251040122691,0.95,insample,2,A
80,chisq,0.177360944561967,0.0137188012348475,946,0.150472588230602,0.204249300893332,0.95,insample,2,A
80,se,0.654517390557198,0.0613885715398435,967,0.534198001276744,0.774836779837652,0.95,insample,2,A
90,dev,0.224288374628565,0.0145568227155257,938,0.1957575263768,0.25281922288033,0.95,insample,2,A
90,chisq,0.168408407363739,0.0127510625437944,946,0.143416784013285,0.193400030714194,0.95,insample,2,A
90,se,0.60765802320533,0.0507038756989531,967,0.508280252958787,0.707035793451874,0.95,insample,2,A
100,dev,0.229062904929196,0.0152058521044176,938,0.199259982450295,0.258865827408097,0.95,insample,2,A
100,chisq,0.168648106042291,0.0132778764484435,946,0.142623946412169,0.194672265672413,0.95,insample,2,A
100,se,0.662079119437227,0.0595416900097587,967,0.545379551439451,0.778778687435002,0.95,insample,2,A
10,dev,0.0207106998230857,0.00440632678979916,4782,0.0120744580109653,0.029346941635206,0.95,ho_reconstruction,2,A
10,chisq,0.043990371221985,0.00551263598595463,4799,0.0331858032296345,0.0547949392143355,0.95,ho_reconstruction,2,A
10,se,0.146294349926356,0.0104767462847151,4894,0.125760304533151,0.166828395319562,0.95,ho_reconstruction,2,A
20,dev,0.101120796839278,0.00528095689148395,4782,0.0907703115280604,0.111471282150495,0.95,ho_reconstruction,2,A
20,chisq,0.104574610236167,0.00562992081271758,4799,0.0935401682074285,0.115609052264906,0.95,ho_reconstruction,2,A
20,se,0.327078776596875,0.0149672523631254,4894,0.297743501017628,0.356414052176123,0.95,ho_reconstruction,2,A
30,dev,0.150529758650869,0.005619754864727,4782,0.139515241514061,0.161544275787678,0.95,ho_reconstruction,2,A
30,chisq,0.12703313628194,0.00525141413545629,4799,0.116740553708542,0.137325718855339,0.95,ho_reconstruction,2,A
30,se,0.456045788145482,0.0177669284997365,4894,0.4212232481701,0.490868328120864,0.95,ho_reconstruction,2,A
40,dev,0.216166299815867,0.00644956359001285,4782,0.203525387463441,0.228807212168293,0.95,ho_reconstruction,2,A
40,chisq,0.16136893441932,0.00544437990860672,4799,0.150698145880297,0.172039722958342,0.95,ho_reconstruction,2,A
40,se,0.648399098831815,0.0294543104800805,4894,0.590669711101397,0.706128486562234,0.95,ho_reconstruction,2,A
50,dev,0.214119776403933,0.0064338439103867,4782,0.201509674057423,0.226729878750443,0.95,ho_reconstruction,2,A
50,chisq,0.157217108018909,0.00542000661275531,4799,0.14659409026194,0.167840125775879,0.95,ho_reconstruction,2,A
50,se,0.659262342376353,0.0308040554570113,4894,0.598887503102836,0.71963718164987,0.95,ho_reconstruction,2,A
60,dev,0.210510636220928,0.00644495003530593,4782,0.197878766269568,0.223142506172288,0.95,ho_reconstruction,2,A
60,chisq,0.153241962497647,0.0054158667984821,4799,0.142627058627556,0.163856866367738,0.95,ho_reconstruction,2,A
60,se,0.658980582038173,0.0308247121945696,4894,0.598565256303004,0.719395907773342,0.95,ho_reconstruction,2,A
70,dev,0.213615798523796,0.00639261043132427,4782,0.201086512311206,0.226145084736387,0.95,ho_reconstruction,2,A
70,chisq,0.157150841868162,0.00540055300752085,4799,0.146565952476822,0.167735731259502,0.95,ho_reconstruction,2,A
70,se,0.651558807139185,0.0301428315743603,4894,0.592479942861382,0.710637671416988,0.95,ho_reconstruction,2,A
80,dev,0.21497502059643,0.00637331578130116,4782,0.202483551202979,0.227466489989881,0.95,ho_reconstruction,2,A
80,chisq,0.158822983630172,0.00536966764927423,4799,0.148298628428644,0.169347338831699,0.95,ho_reconstruction,2,A
80,se,0.644144836703122,0.0297739511837116,4894,0.585788964705593,0.70250070870065,0.95,ho_reconstruction,2,A
90,dev,0.213268787727998,0.00636571635269799,4782,0.200792212940913,0.225745362515084,0.95,ho_reconstruction,2,A
90,chisq,0.157021231018416,0.00532552935573501,4799,0.146583385282564,0.167459076754267,0.95,ho_reconstruction,2,A
90,se,0.636037394672036,0.0299785900830041,4894,0.577280437802058,0.694794351542014,0.95,ho_reconstruction,2,A
100,dev,0.215951972658664,0.00639753130539613,4782,0.20341304171012,0.228490903607208,0.95,ho_reconstruction,2,A
100,chisq,0.160133958636548,0.00539040354081373,4799,0.149568961834416,0.17069895543868,0.95,ho_reconstruction,2,A
100,se,0.655056874492929,0.0300799236843724,4894,0.596101307413845,0.714012441572012,0.95,ho_reconstruction,2,A
10,dev,0.0367242786857949,0.0103927850078887,892,0.0163547943712653,0.0570937630003244,0.95,insample,3,A
10,chisq,0.0663601957637215,0.0120095366156847,899,0.0428219365259645,0.0898984550014785,0.95,insample,3,A
10,se,0.184928475746541,0.0170042311707748,923,0.151600795067029,0.218256156426053,0.95,insample,3,A
20,dev,0.0876546971578525,0.0126572326509366,892,0.0628469770180724,0.112462417297633,0.95,insample,3,A
20,chisq,0.0984850878898322,0.0126380094103363,899,0.0737150446092947,0.12325513117037,0.95,insample,3,A
20,se,0.399254733293308,0.0475679766964753,923,0.306023212150776,0.492486254435841,0.95,insample,3,A
30,dev,0.157057880138913,0.0131571547950012,892,0.131270330601692,0.182845429676133,0.95,insample,3,A
30,chisq,0.147281975557968,0.0127065348126857,899,0.1223776249568,0.172186326159137,0.95,insample,3,A
30,se,0.480148412240472,0.0412946897347402,923,0.399212307607625,0.561084516873318,0.95,insample,3,A
40,dev,0.164417480611325,0.0150682019435465,892,0.134884347490197,0.193950613732452,0.95,insample,3,A
40,chisq,0.132739678803316,0.0143398754955081,899,0.104634039289331,0.1608453183173,0.95,insample,3,A
40,se,0.791959704150753,0.101229473947777,923,0.593553581039174,0.990365827262332,0.95,insample,3,A
50,dev,0.164668784851967,0.0154229123906945,892,0.134440432029489,0.194897137674445,0.95,insample,3,A
50,chisq,0.128358998665644,0.014491027210205,899,0.099957107234652,0.156760890096636,0.95,insample,3,A
50,se,0.792588034725767,0.0965018451017423,923,0.603447893884689,0.981728175566845,0.95,insample,3,A
60,dev,0.15674048246914,0.0152420420212266,892,0.12686662905669,0.18661433588159,0.95,insample,3,A
60,chisq,0.124236814845219,0.0146529976567294,899,0.0955174671724795,0.152956162517959,0.95,insample,3,A
60,se,0.823984403812674,0.10783017974591,923,0.612641135064209,1.03532767256114,0.95,insample,3,A
70,dev,0.159553676818489,0.0155666963447284,892,0.12904351262455,0.190063841012428,0.95,insample,3,A
70,chisq,0.123888744922789,0.014625705914759,899,0.0952228880813873,0.152554601764192,0.95,insample,3,A
70,se,0.859896048446452,0.114813208335313,923,0.634866295159744,1.08492580173316,0.95,insample,3,A
80,dev,0.15186414544644,0.0146515922977823,892,0.123147552226623,0.180580738666258,0.95,insample,3,A
80,chisq,0.120334903489397,0.0137510382655855,899,0.0933833637388172,0.147286443239977,0.95,insample,3,A
80,se,0.800233042088282,0.107724422907144,923,0.589097052934919,1.01136903124165,0.95,insample,3,A
90,dev,0.158885603409315,0.0150861482650211,892,0.129317296144442,0.188453910674187,0.95,insample,3,A
90,chisq,0.124128201239773,0.0141577040633706,899,0.0963796111717899,0.151876791307756,0.95,insample,3,A
90,se,0.779951598524706,0.0967574906738782,923,0.590310401569435,0.969592795479977,0.95,insample,3,A
100,dev,0.152666979794204,0.0153081952678295,892,0.122663468400952,0.182670491187457,0.95,insample,3,A
100,chisq,0.119502497579819,0.0144571969919149,899,0.0911669121582652,0.147838083001373,0.95,insample,3,A
100,se,0.834803493638158,0.105505434943116,923,0.628016640976417,1.0415903462999,0.95,insample,3,A
10,dev,0.0146073217836506,0.00456015113124228,4457,0.00566958980235619,0.0235450537649451,0.95,ho_reconstruction,3,A
10,chisq,0.0439121881068718,0.00552354658174466,4481,0.033086235739723,0.0547381404740207,0.95,ho_reconstruction,3,A
10,se,0.147606893880608,0.0089440666416021,4627,0.130076845387742,0.165136942373474,0.95,ho_reconstruction,3,A
20,dev,0.036336952258641,0.00567230287999194,4457,0.0252194429044539,0.047454461612828,0.95,ho_reconstruction,3,A
20,chisq,0.0554944151988601,0.00566094880357429,4481,0.0443991594255294,0.0665896709721908,0.95,ho_reconstruction,3,A
20,se,0.330586076659885,0.0205634630977298,4627,0.290282429590917,0.370889723728854,0.95,ho_reconstruction,3,A
30,dev,0.150884963221324,0.00577768350523142,4457,0.139560911636999,0.162209014805648,0.95,ho_reconstruction,3,A
30,chisq,0.14781094411167,0.00554366300705325,4481,0.136945564275418,0.158676323947921,0.95,ho_reconstruction,3,A
30,se,0.459871452250744,0.0166764091613839,4627,0.427186290902977,0.49255661359851,0.95,ho_reconstruction,3,A
40,dev,0.160664472198102,0.00701883778474572,4457,0.146907802926672,0.174421141469533,0.95,ho_reconstruction,3,A
40,chisq,0.127268916386076,0.00605898000680086,4481,0.115393533789698,0.139144298982454,0.95,ho_reconstruction,3,A
40,se,0.669223395577999,0.03395413418354,4627,0.60267451545202,0.735772275703977,0.95,ho_reconstruction,3,A
50,dev,0.164595853782611,0.00686852391727409,4457,0.151133794277802,0.17805791328742,0.95,ho_reconstruction,3,A
50,chisq,0.12975550668231,0.00601734847488558,4481,0.117961720389107,0.141549292975512,0.95,ho_reconstruction,3,A
50,se,0.664700670380113,0.0318351291300762,4627,0.602304963841982,0.727096376918244,0.95,ho_reconstruction,3,A
60,dev,0.164642265963821,0.00694413212358954,4457,0.151032017097698,0.178252514829944,0.95,ho_reconstruction,3,A
60,chisq,0.13031218908689,0.00606576729237594,4481,0.118423503655232,0.142200874518548,0.95,ho_reconstruction,3,A
60,se,0.664284688777001,0.0330496555355958,4627,0.599508554225779,0.729060823328224,0.95,ho_reconstruction,3,A
70,dev,0.170365292124291,0.00701735914433845,4457,0.156611520934804,0.184119063313777,0.95,ho_reconstruction,3,A
70,chisq,0.134647210927427,0.00609118957567405,4481,0.1227086987361,0.146585723118754,0.95,ho_reconstruction,3,A
70,se,0.679208925143743,0.0336450235923779,4627,0.613265890643682,0.745151959643804,0.95,ho_reconstruction,3,A
80,dev,0.16587366591067,0.00701634748159812,4457,0.15212187754372,0.179625454277621,0.95,ho_reconstruction,3,A
80,chisq,0.13096302215986,0.00606961421540913,4481,0.119066796897605,0.142859247422114,0.95,ho_reconstruction,3,A
80,se,0.670956358103436,0.033360037257324,4627,0.605571886556167,0.736340829650705,0.95,ho_reconstruction,3,A
90,dev,0.167023258663555,0.0069564387323341,4457,0.15338888928752,0.180657628039589,0.95,ho_reconstruction,3,A
90,chisq,0.1322598120899,0.00603457855993322,4481,0.120432255450553,0.144087368729246,0.95,ho_reconstruction,3,A
90,se,0.657824951509521,0.0324128861295385,4627,0.594296862060627,0.721353040958414,0.95,ho_reconstruction,3,A
100,dev,0.170283164466783,0.00702582711612787,4457,0.156512796357568,0.184053532575999,0.95,ho_reconstruction,3,A
100,chisq,0.135844838408677,0.00606876401417085,4481,0.12395027951023,0.147739397307125,0.95,ho_reconstruction,3,A
100,se,0.662712880932277,0.0342026530446718,4627,0.595676912789001,0.729748849075553,0.95,ho_reconstruction,3,A
10,dev,0.0281038514363683,0.0110038467208709,912,0.00653670817206223,0.0496709947006743,0.95,insample,4,A
10,chisq,0.046650853540395,0.0122438665804328,921,0.0226533160112331,0.0706483910695568,0.95,insample,4,A
10,se,0.209727527019795,0.0289232825556643,952,0.153038934896017,0.266416119143572,0.95,insample,4,A
20,dev,0.0551076188690655,0.0130740685425708,912,0.0294829153942186,0.0807323223439124,0.95,insample,4,A
20,chisq,0.05867086163019,0.0123196425153314,921,0.0345248059977321,0.0828169172626479,0.95,insample,4,A
20,se,0.412647507648952,0.0769788438926898,952,0.261771746047749,0.563523269250155,0.95,insample,4,A
30,dev,0.108411936255061,0.013439243357396,912,0.0820715032950959,0.134752369215026,0.95,insample,4,A
30,chisq,0.0874434204976008,0.0118456796839227,921,0.0642263149447144,0.110660526050487,0.95,insample,4,A
30,se,0.533539437182965,0.0716135210061066,952,0.393179515204893,0.673899359161036,0.95,insample,4,A
40,dev,0.171562065644495,0.0148440730018471,912,0.142468217176992,0.200655914111999,0.95,insample,4,A
40,chisq,0.123858630382977,0.0122614546439451,921,0.0998266208827734,0.147890639883181,0.95,insample,4,A
40,se,0.683778776449976,0.0805127894577203,952,0.525976608817988,0.841580944081964,0.95,insample,4,A
50,dev,0.178984422616406,0.0153287591479964,912,0.148940606758644,0.209028238474168,0.95,insample,4,A
50,chisq,0.128205903187347,0.0124646960833403,921,0.103775547785763,0.152636258588932,0.95,insample,4,A
50,se,0.70525972279722,0.0836431008298655,952,0.541322257615432,0.869197187979009,0.95,insample,4,A
60,dev,0.169153379625097,0.0153878539694606,912,0.138993740045592,0.199313019204601,0.95,insample,4,A
60,chisq,0.116300049122818,0.012546882290991,921,0.0917086117142121,0.140891486531424,0.95,insample,4,A
60,se,0.700534360817429,0.0786057333325897,952,0.546469954507194,0.854598767127665,0.95,insample,4,A
70,dev,0.177084645697608,0.0151417163067071,912,0.147407427072339,0.206761864322877,0.95,insample,4,A
70,chisq,0.125475492664797,0.01227019764914,921,0.101426347189294,0.149524638140299,0.95,insample,4,A
70,se,0.699954982549666,0.0844976599369107,952,0.534342612295408,0.865567352803924,0.95,insample,4,A
80,dev,0.175946132378705,0.0152211618989471,912,0.146113203253916,0.205779061503495,0.95,insample,4,A
80,chisq,0.127719707742883,0.0125315326913712,921,0.103158354996709,0.152281060489056,0.95,insample,4,A
80,se,0.659750380242211,0.0730991611340403,952,0.516478657119403,0.80302210336502,0.95,insample,4,A
90,dev,0.177872510711307,0.0159534514434887,912,0.14660432045296,0.209140700969653,0.95,insample,4,A
90,chisq,0.122588864382047,0.0129418711101747,921,0.0972232631135455,0.147954465650549,0.95,insample,4,A
90,se,0.764206857871777,0.096956527931709,952,0.574175555059575,0.954238160683978,0.95,insample,4,A
100,dev,0.176491795014356,0.0162650675685576,912,0.144612848373873,0.208370741654839,0.95,insample,4,A
100,chisq,0.121842455309892,0.0129442572309795,921,0.0964721773305499,0.147212733289234,0.95,insample,4,A
100,se,0.745952871873526,0.0911833253114187,952,0.567236838272546,0.924668905474506,0.95,insample,4,A
10,dev,-0.0159479997723326,0.00457684223864747,4645,-0.0249184457230033,-0.00697755382166188,0.95,ho_reconstruction,4,A
10,chisq,-0.000784215914149258,0.00539735410820966,4671,-0.0113628355780495,0.00979440374975097,0.95,ho_reconstruction,4,A
10,se,0.138560039268498,0.0107103713520603,4780,0.11756809715741,0.159551981379586,0.95,ho_reconstruction,4,A
20,dev,0.0374288447444098,0.005562090549852,4645,0.0265273475879493,0.0483303419008703,0.95,ho_reconstruction,4,A
20,chisq,0.0484111709184103,0.00557365332446071,4671,0.0374870111401553,0.0593353306966652,0.95,ho_reconstruction,4,A
20,se,0.342008444118195,0.018747992339224,4780,0.305263054350884,0.378753833885507,0.95,ho_reconstruction,4,A
30,dev,0.0938895598491291,0.00622721417897697,4645,0.0816844443343171,0.106094675363941,0.95,ho_reconstruction,4,A
30,chisq,0.0715228570324247,0.00573074731059166,4671,0.0602907986991653,0.0827549153656841,0.95,ho_reconstruction,4,A
30,se,0.481250878447602,0.0235120254970074,4780,0.43516815526988,0.527333601625324,0.95,ho_reconstruction,4,A
40,dev,0.161321009021726,0.00624666218355859,4645,0.149077776118363,0.173564241925089,0.95,ho_reconstruction,4,A
40,chisq,0.119278283749928,0.00542285429078226,4671,0.108649684646587,0.12990688285327,0.95,ho_reconstruction,4,A
40,se,0.583971328688176,0.0263800933001383,4780,0.532267295911099,0.635675361465254,0.95,ho_reconstruction,4,A
50,dev,0.171466882340595,0.00623338214580538,4645,0.159249677832941,0.183684086848248,0.95,ho_reconstruction,4,A
50,chisq,0.127413496803413,0.00537941818101784,4671,0.116870030910838,0.137956962695988,0.95,ho_reconstruction,4,A
50,se,0.588677392341358,0.0263443572061431,4780,0.537043401021459,0.640311383661257,0.95,ho_reconstruction,4,A
60,dev,0.168852707874912,0.00628978946058625,4645,0.156524947061823,0.181180468688001,0.95,ho_reconstruction,4,A
60,chisq,0.123763673935853,0.00542864303074285,4671,0.113123729110672,0.134403618761033,0.95,ho_reconstruction,4,A
60,se,0.594324972469448,0.0269978067378631,4780,0.541410243601663,0.647239701337232,0.95,ho_reconstruction,4,A
70,dev,0.174753667811316,0.00632056370883537,4645,0.162365590580008,0.187141745042624,0.95,ho_reconstruction,4,A
70,chisq,0.130532016097758,0.00547898323285721,4671,0.119793406289459,0.141270625906057,0.95,ho_reconstruction,4,A
70,se,0.591585344834672,0.0269211739070217,4780,0.53882081355537,0.644349876113974,0.95,ho_reconstruction,4,A
80,dev,0.173802309147632,0.00624066025283509,4645,0.161570839812325,0.186033778482939,0.95,ho_reconstruction,4,A
80,chisq,0.130333341037946,0.00540735604948855,4671,0.119735117929363,0.140931564146528,0.95,ho_reconstruction,4,A
80,se,0.58018187558769,0.0261015938313265,4780,0.529023691739197,0.631340059436182,0.95,ho_reconstruction,4,A
90,dev,0.175692350242647,0.00633853719403776,4645,0.163269045627665,0.188115654857628,0.95,ho_reconstruction,4,A
90,chisq,0.131194426252306,0.00548150498246332,4671,0.120450873905601,0.141937978599011,0.95,ho_reconstruction,4,A
90,se,0.600822723252213,0.0278166241219764,4780,0.546303141801651,0.655342304702775,0.95,ho_reconstruction,4,A
100,dev,0.171847977119725,0.00623879209970262,4645,0.159620169297275,0.184075784942175,0.95,ho_reconstruction,4,A
100,chisq,0.128089388849224,0.00537991135703069,4671,0.117544956349426,0.138633821349022,0.95,ho_reconstruction,4,A
100,se,0.588447321127042,0.0271817778413239,4780,0.535172015522278,0.641722626731805,0.95,ho_reconstruction,4,A
10,dev,0.0662290363407211,0.0111220088157758,944,0.0444302996260636,0.0880277730553785,0.95,insample,5,A
10,chisq,0.092488401654617,0.012913217458782,951,0.0671789605108704,0.117797842798364,0.95,insample,5,A
10,se,0.215166286429938,0.0238148392207132,969,0.168490059259728,0.261842513600148,0.95,insample,5,A
20,dev,0.126161069710305,0.0127045682234203,944,0.101260573553269,0.151061565867341,0.95,insample,5,A
20,chisq,0.133233737383556,0.0129330964524052,951,0.107885334128259,0.158582140638853,0.95,insample,5,A
20,se,0.417607206937955,0.0512875712241112,969,0.317085414484164,0.518128999391745,0.95,insample,5,A
30,dev,0.172835190895204,0.0139005099375323,944,0.145590692050899,0.200079689739508,0.95,insample,5,A
30,chisq,0.145840878570324,0.0129359474173555,951,0.120486887526404,0.171194869614245,0.95,insample,5,A
30,se,0.628380422933964,0.107922544275734,969,0.416856123033596,0.839904722834332,0.95,insample,5,A
40,dev,0.227790003389431,0.0149179830372599,944,0.198551293914422,0.25702871286444,0.95,insample,5,A
40,chisq,0.169971419352508,0.0126950370959865,951,0.145089603861975,0.194853234843042,0.95,insample,5,A
40,se,0.739737312981606,0.0775317080376914,969,0.587777957567856,0.891696668395355,0.95,insample,5,A
50,dev,0.238604173888243,0.0165041940389791,944,0.206256547977983,0.270951799798503,0.95,insample,5,A
50,chisq,0.171619424320652,0.0140346964798057,951,0.144111924686282,0.199126923955022,0.95,insample,5,A
50,se,0.85880266551253,0.0879331442802375,969,0.686456869675901,1.03114846134916,0.95,insample,5,A
60,dev,0.235426862656027,0.0167640637011924,944,0.202569901567155,0.2682838237449,0.95,insample,5,A
60,chisq,0.170920652220903,0.0142340557603606,951,0.143022415576661,0.198818888865145,0.95,insample,5,A
60,se,0.827134679752373,0.0867903611978781,969,0.657028697599309,0.997240661905436,0.95,insample,5,A
70,dev,0.227748777038274,0.0157159025034945,944,0.196946174146882,0.258551379929666,0.95,insample,5,A
70,chisq,0.163093791863097,0.0134115307395179,951,0.13680767463609,0.189379909090104,0.95,insample,5,A
70,se,0.834855920594885,0.0928972604072501,969,0.652780635934236,1.01693120525553,0.95,insample,5,A
80,dev,0.223658874981845,0.0163115001918477,944,0.191688922072005,0.255628827891684,0.95,insample,5,A
80,chisq,0.16019232175889,0.0140707743930804,951,0.132614110713864,0.187770532803916,0.95,insample,5,A
80,se,0.828903702162836,0.0858339846502847,969,0.660672183598714,0.997135220726958,0.95,insample,5,A
90,dev,0.227049490486653,0.0157172901031079,944,0.196244167949994,0.257854813023312,0.95,insample,5,A
90,chisq,0.167216047320328,0.0135964685457718,951,0.140567458653684,0.193864635986973,0.95,insample,5,A
90,se,0.791342568475995,0.079172505960625,969,0.636167308227387,0.946517828724603,0.95,insample,5,A
100,dev,0.232432330788097,0.0172889426045361,944,0.198546625952426,0.266318035623768,0.95,insample,5,A
100,chisq,0.164592202729834,0.0145877992338551,951,0.136000641617777,0.193183763841891,0.95,insample,5,A
100,se,0.926775497889342,0.0985720518065033,969,0.733577826466379,1.1199731693123,0.95,insample,5,A
10,dev,0.0133986170394073,0.00464907743921863,4802,0.00428659269720109,0.0225106413816135,0.95,ho_reconstruction,5,A
10,chisq,0.0387753622646652,0.00566521892749859,4817,0.0276717372022333,0.049878987327097,0.95,ho_reconstruction,5,A
10,se,0.136176966296473,0.0115226015246187,4880,0.113593082300014,0.158760850292932,0.95,ho_reconstruction,5,A
20,dev,0.064080734433137,0.00525078752530938,4802,0.0537893799930584,0.0743720888732156,0.95,ho_reconstruction,5,A
20,chisq,0.0727477986998618,0.00530715241858122,4817,0.0623459710989779,0.0831496263007456,0.95,ho_reconstruction,5,A
20,se,0.301525932439057,0.0167085528274601,4880,0.268777770663451,0.334274094214664,0.95,ho_reconstruction,5,A
30,dev,0.130015657529729,0.00543120937346777,4802,0.119370682765236,0.140660632294222,0.95,ho_reconstruction,5,A
30,chisq,0.109794498565429,0.00500639769464256,4817,0.099982139391645,0.119606857739213,0.95,ho_reconstruction,5,A
30,se,0.472885009639926,0.0281919918414891,4880,0.41762972097816,0.528140298301691,0.95,ho_reconstruction,5,A
40,dev,0.188199568877249,0.00570513179031036,4802,0.177017716041186,0.199381421713312,0.95,ho_reconstruction,5,A
40,chisq,0.14146080019607,0.004927988789828,4817,0.13180211965179,0.15111948074035,0.95,ho_reconstruction,5,A
40,se,0.575223151104896,0.0291926040993323,4880,0.518006698455268,0.632439603754524,0.95,ho_reconstruction,5,A
50,dev,0.188265727506371,0.0057913658926817,4802,0.176914858935422,0.199616596077321,0.95,ho_reconstruction,5,A
50,chisq,0.136981988237223,0.00491101546498515,4817,0.127356574798333,0.146607401676113,0.95,ho_reconstruction,5,A
50,se,0.612144005375148,0.0326772439322895,4880,0.548097784153831,0.676190226596466,0.95,ho_reconstruction,5,A
60,dev,0.187198212808691,0.00574639290701675,4802,0.175935489669922,0.19846093594746,0.95,ho_reconstruction,5,A
60,chisq,0.136118985309419,0.00489686932875712,4817,0.126521297788056,0.145716672830782,0.95,ho_reconstruction,5,A
60,se,0.60898223581553,0.0325035347046626,4880,0.545276478424144,0.672687993206917,0.95,ho_reconstruction,5,A
70,dev,0.188595186950911,0.00578899404880032,4802,0.177248967108546,0.199941406793277,0.95,ho_reconstruction,5,A
70,chisq,0.137079475606533,0.00490288704149764,4817,0.127469993584929,0.146688957628136,0.95,ho_reconstruction,5,A
70,se,0.607530154416394,0.0320337746336606,4880,0.544745109845546,0.670315198987241,0.95,ho_reconstruction,5,A
80,dev,0.187697785666912,0.00576813496245166,4802,0.17639244888254,0.199003122451283,0.95,ho_reconstruction,5,A
80,chisq,0.135812965283814,0.00491487588769469,4817,0.126179985555448,0.14544594501218,0.95,ho_reconstruction,5,A
80,se,0.608605406695716,0.0319298548431451,4880,0.54602404117156,0.671186772219872,0.95,ho_reconstruction,5,A
90,dev,0.185793281649885,0.00569845709717056,4802,0.174624510971984,0.196962052327786,0.95,ho_reconstruction,5,A
90,chisq,0.136565782503143,0.00489720426455004,4817,0.126967438519689,0.146164126486597,0.95,ho_reconstruction,5,A
90,se,0.59756161811691,0.0327832297583824,4880,0.533307668493579,0.661815567740241,0.95,ho_reconstruction,5,A
100,dev,0.190175702645128,0.00574678994705299,4802,0.178912201322188,0.201439203968069,0.95,ho_reconstruction,5,A
100,chisq,0.140025219523773,0.00489591770249961,4817,0.130429397155602,0.149621041891945,0.95,ho_reconstruction,5,A
100,se,0.596237873744114,0.0316995150396254,4880,0.534107965939063,0.658367781549166,0.95,ho_reconstruction,5,A
10,dev,0.0656686243424412,0.0126608756250464,935,0.0408537641046092,0.0904834845802733,0.95,insample,6,A
10,chisq,0.0899654091121075,0.0140399925547365,939,0.0624475293616135,0.117483288862602,0.95,insample,6,A
10,se,0.269737006025343,0.0310679298536048,958,0.208844982438061,0.330629029612625,0.95,insample,6,A
20,dev,0.0786411921512408,0.0124157453624512,935,0.0543067783996164,0.102975605902865,0.95,insample,6,A
20,chisq,0.0940689756076261,0.0128866774177483,939,0.0688115519884539,0.119326399226798,0.95,insample,6,A
20,se,0.311283549682212,0.0388079548599241,958,0.235221355843105,0.38734574352132,0.95,insample,6,A
30,dev,0.130627048758075,0.0129232042674823,935,0.105298033828955,0.155956063687195,0.95,insample,6,A
30,chisq,0.119373733729362,0.0126824006299586,939,0.0945166852571351,0.144230782201589,0.95,insample,6,A
30,se,0.495009051106468,0.065111825032698,958,0.367392219074706,0.622625883138229,0.95,insample,6,A
40,dev,0.177518301295409,0.0133823287553233,935,0.151289418905701,0.203747183685118,0.95,insample,6,A
40,chisq,0.137210970280208,0.0122957034001582,939,0.113111834451311,0.161310106109105,0.95,insample,6,A
40,se,0.610470799335373,0.071404333325798,958,0.470520877676716,0.75042072099403,0.95,insample,6,A
50,dev,0.172226751439038,0.0143079254056181,935,0.144183732950541,0.200269769927535,0.95,insample,6,A
50,chisq,0.128047426766652,0.0133383021783885,939,0.101904834882098,0.154190018651205,0.95,insample,6,A
50,se,0.711752575725725,0.0891611661722577,958,0.536999901208509,0.886505250242941,0.95,insample,6,A
60,dev,0.166086766158052,0.0136255499083332,935,0.139381179068166,0.192792353247938,0.95,insample,6,A
60,chisq,0.126211975610277,0.0124993415573473,939,0.101713716327412,0.150710234893143,0.95,insample,6,A
60,se,0.648211739348549,0.0810482075690534,958,0.489360171501678,0.80706330719542,0.95,insample,6,A
70,dev,0.173297168461879,0.0141472573870693,935,0.145569053503205,0.201025283420553,0.95,insample,6,A
70,chisq,0.13343021738314,0.0132248164477253,939,0.107510053443445,0.159350381322834,0.95,insample,6,A
70,se,0.635728036353445,0.0750464013915582,958,0.488639792456655,0.782816280250236,0.95,insample,6,A
80,dev,0.169663135413177,0.0145972585037349,935,0.141053034472836,0.198273236353519,0.95,insample,6,A
80,chisq,0.122929609604944,0.0135526316250181,939,0.0963669397241701,0.149492279485718,0.95,insample,6,A
80,se,0.748292996396873,0.0936423823631946,958,0.564757299538483,0.931828693255263,0.95,insample,6,A
90,dev,0.16762091718495,0.0139525691552793,935,0.140274384148799,0.194967450221102,0.95,insample,6,A
90,chisq,0.127118754907808,0.0130446642637257,939,0.101551682760489,0.152685827055127,0.95,insample,6,A
90,se,0.654388903149394,0.0790359425021236,958,0.499481302361053,0.809296503937734,0.95,insample,6,A
100,dev,0.174038374077814,0.0144939497373892,935,0.145630754598797,0.20244599355683,0.95,insample,6,A
100,chisq,0.132115161879142,0.0134087691428144,939,0.105834457282214,0.15839586647607,0.95,insample,6,A
100,se,0.695342486936882,0.086122425619057,958,0.526545634462301,0.864139339411464,0.95,insample,6,A
10,dev,0.0192330564156298,0.00490063595362626,4693,0.00962798644518023,0.0288381263860794,0.95,ho_reconstruction,6,A
10,chisq,0.0481895850822454,0.00583862892888628,4712,0.0367460826625346,0.0596330875019562,0.95,ho_reconstruction,6,A
10,se,0.15567914460686,0.0101372092729279,4822,0.135810579528176,0.175547709685544,0.95,ho_reconstruction,6,A
20,dev,0.0601697693935352,0.00613676105894357,4693,0.0481419387362779,0.0721976000507925,0.95,ho_reconstruction,6,A
20,chisq,0.0703220634080761,0.00627648736519913,4712,0.0580203742228652,0.0826237525932871,0.95,ho_reconstruction,6,A
20,se,0.345462666781668,0.0201558474714778,4822,0.305957931659689,0.384967401903647,0.95,ho_reconstruction,6,A
30,dev,0.110680144714204,0.00613635958841676,4693,0.0986531009247198,0.122707188503688,0.95,ho_reconstruction,6,A
30,chisq,0.096782582568866,0.00554582272970985,4712,0.085912969753991,0.107652195383741,0.95,ho_reconstruction,6,A
30,se,0.48866743061939,0.0276261381624821,4822,0.434521194788998,0.542813666449783,0.95,ho_reconstruction,6,A
40,dev,0.166151577838927,0.00608924979826798,4693,0.154216867541454,0.1780862881364,0.95,ho_reconstruction,6,A
40,chisq,0.128451279978739,0.00532047899532154,4712,0.118023332767407,0.138879227190071,0.95,ho_reconstruction,6,A
40,se,0.581206316029084,0.0293161544747093,4822,0.523747709093441,0.638664922964727,0.95,ho_reconstruction,6,A
50,dev,0.163477734886999,0.00614415987283612,4693,0.151435402820984,0.175520066953014,0.95,ho_reconstruction,6,A
50,chisq,0.12493803660522,0.00536228578374957,4712,0.11442814959426,0.13544792361618,0.95,ho_reconstruction,6,A
50,se,0.583143962194364,0.0292439217947921,4822,0.525826928709866,0.640460995678863,0.95,ho_reconstruction,6,A
60,dev,0.165064574473671,0.00608237843018847,4693,0.153143331810158,0.176985817137184,0.95,ho_reconstruction,6,A
60,chisq,0.127876954669427,0.00532707215620505,4712,0.117436085100219,0.138317824238635,0.95,ho_reconstruction,6,A
60,se,0.57630724694877,0.0286076188830934,4822,0.520237344254459,0.632377149643081,0.95,ho_reconstruction,6,A
70,dev,0.165832376021418,0.00608915794330157,4693,0.153897845756371,0.177766906286465,0.95,ho_reconstruction,6,A
70,chisq,0.128390241490485,0.00529673098481139,4712,0.118008839524458,0.138771643456513,0.95,ho_reconstruction,6,A
70,se,0.566381860449122,0.0285860828953619,4822,0.510354167515137,0.622409553383108,0.95,ho_reconstruction,6,A
80,dev,0.162926881547403,0.00608271817035825,4693,0.151004973005393,0.174848790089412,0.95,ho_reconstruction,6,A
80,chisq,0.125184229558717,0.00527038554364475,4712,0.114854463708533,0.135513995408901,0.95,ho_reconstruction,6,A
80,se,0.563728245112222,0.0274561937197109,4822,0.509915094269034,0.61754139595541,0.95,ho_reconstruction,6,A
90,dev,0.165179696720668,0.00601105939363585,4693,0.15339823680021,0.176961156641125,0.95,ho_reconstruction,6,A
90,chisq,0.128847062142856,0.00527265186673525,4712,0.118512854381037,0.139181269904675,0.95,ho_reconstruction,6,A
90,se,0.572790183414691,0.029393519401029,4822,0.515179944009795,0.630400422819587,0.95,ho_reconstruction,6,A
100,dev,0.16957265694171,0.00607594397642065,4693,0.157664025575842,0.181481288307577,0.95,ho_reconstruction,6,A
100,chisq,0.132063458712477,0.00531539432766421,4712,0.121645477266626,0.142481440158327,0.95,ho_reconstruction,6,A
100,se,0.569581204691667,0.0282228311808608,4822,0.514265472035426,0.624896937347908,0.95,ho_reconstruction,6,A
10,dev,0.0234474734836066,0.0111404166673363,953,0.00161265804285778,0.0452822889243554,0.95,insample,7,A
10,chisq,0.0382222545647849,0.0133974905872138,956,0.0119636555306314,0.0644808535989384,0.95,insample,7,A
10,se,0.157933089528306,0.0220802265511455,970,0.114656640717576,0.201209538339037,0.95,insample,7,A
20,dev,0.114333769738486,0.0128674226955573,953,0.08911408468134,0.139553454795631,0.95,insample,7,A
20,chisq,0.117671393215336,0.0130673902362899,956,0.0920597789802776,0.143283007450395,0.95,insample,7,A
20,se,0.407385570883655,0.0695795448911095,970,0.271012168836392,0.543758972930917,0.95,insample,7,A
30,dev,0.140742534181407,0.0127291289485969,953,0.115793899887591,0.165691168475223,0.95,insample,7,A
30,chisq,0.108594594960297,0.011305401723355,956,0.0864364147517645,0.13075277516883,0.95,insample,7,A
30,se,0.455469172479499,0.0428799701046744,970,0.371425975416183,0.539512369542815,0.95,insample,7,A
40,dev,0.187468121167807,0.0138177373297149,953,0.160385853653731,0.214550388681883,0.95,insample,7,A
40,chisq,0.136127580462383,0.0121034032400045,956,0.112405346021609,0.159849814903157,0.95,insample,7,A
40,se,0.626871117504711,0.0745852148502598,970,0.48068678261902,0.773055452390402,0.95,insample,7,A
50,dev,0.179994004552681,0.0140950477476702,953,0.152368218606875,0.207619790498487,0.95,insample,7,A
50,chisq,0.125051347903894,0.0123755547639203,956,0.100795706277907,0.149306989529881,0.95,insample,7,A
50,se,0.659294993450144,0.0673773976055408,970,0.527237720771249,0.791352266129039,0.95,insample,7,A
60,dev,0.18156901294273,0.0145016265355922,953,0.153146347215719,0.209991678669741,0.95,insample,7,A
60,chisq,0.126174046939208,0.0125609778935779,956,0.101554982657191,0.150793111221224,0.95,insample,7,A
60,se,0.709914425976113,0.0804677762610367,970,0.552200482588454,0.867628369363771,0.95,insample,7,A
70,dev,0.177739474237988,0.014200598983044,953,0.149906811672326,0.205572136803651,0.95,insample,7,A
70,chisq,0.119537862093496,0.0121566408672887,956,0.0957112838206229,0.14336444036637,0.95,insample,7,A
70,se,0.668331208202328,0.0684392412066495,970,0.534192760308046,0.802469656096611,0.95,insample,7,A
80,dev,0.167745244995445,0.0139448143345101,953,0.140413911128707,0.195076578862183,0.95,insample,7,A
80,chisq,0.118625514597786,0.0122297590871238,956,0.094655627247422,0.14259540194815,0.95,insample,7,A
80,se,0.636794020935979,0.0685148525728649,970,0.502507377487092,0.771080664384865,0.95,insample,7,A
90,dev,0.170749791676122,0.0132132178102175,953,0.144852360648213,0.196647222704032,0.95,insample,7,A
90,chisq,0.122062331855209,0.0115099844060426,956,0.099503176956748,0.14462148675367,0.95,insample,7,A
90,se,0.583999834430903,0.0601539115567791,970,0.466100334250408,0.701899334611397,0.95,insample,7,A
100,dev,0.171099050723246,0.0135444540337142,953,0.144552408626908,0.197645692819584,0.95,insample,7,A
100,chisq,0.122767395529481,0.0118648866778715,956,0.099512644960204,0.146022146098758,0.95,insample,7,A
100,se,0.606598962289827,0.0593728989640318,970,0.490230218662589,0.722967705917064,0.95,insample,7,A
10,dev,-0.0125482825675721,0.0042698118418119,4740,-0.020916959998286,-0.00417960513685812,0.95,ho_reconstruction,7,A
10,chisq,0.0038066981116141,0.00520691216403248,4754,-0.00639866220055308,0.0140120584237813,0.95,ho_reconstruction,7,A
10,se,0.13136319440918,0.0104096079567159,4862,0.110960737720835,0.151765651097524,0.95,ho_reconstruction,7,A
20,dev,0.0576913421273118,0.00518766748686054,4740,0.0475237006892957,0.0678589835653279,0.95,ho_reconstruction,7,A
20,chisq,0.0678132289659634,0.00533277121029241,4754,0.0573611894559982,0.0782652684759286,0.95,ho_reconstruction,7,A
20,se,0.329500355662052,0.0219647788627971,4862,0.286450180162583,0.372550531161521,0.95,ho_reconstruction,7,A
30,dev,0.120619250501076,0.00550828472790579,4740,0.109823210817789,0.131415290184364,0.95,ho_reconstruction,7,A
30,chisq,0.10130516839658,0.00517769411362573,4754,0.0911570744109089,0.111453262382252,0.95,ho_reconstruction,7,A
30,se,0.474643584750152,0.030989681346875,4862,0.413904925417904,0.5353822440824,0.95,ho_reconstruction,7,A
40,dev,0.155643779191665,0.00583351902232773,4740,0.144210292004773,0.167077266378556,0.95,ho_reconstruction,7,A
40,chisq,0.114919574102788,0.00524718050824217,4754,0.104635289286253,0.125203858919323,0.95,ho_reconstruction,7,A
40,se,0.594486618056003,0.0351175600715379,4862,0.525657465090867,0.663315771021139,0.95,ho_reconstruction,7,A
50,dev,0.14728236921271,0.00578553996962206,4740,0.135942919241134,0.158621819184286,0.95,ho_reconstruction,7,A
50,chisq,0.106403204314623,0.00510804796601801,4754,0.0963916142699245,0.116414794359321,0.95,ho_reconstruction,7,A
50,se,0.582138734244281,0.035430553063673,4862,0.512696126287147,0.651581342201415,0.95,ho_reconstruction,7,A
60,dev,0.150714599366439,0.00579394737774089,4740,0.139358671177747,0.162070527555132,0.95,ho_reconstruction,7,A
60,chisq,0.110195264182022,0.00510972701617406,4754,0.10018038325949,0.120210145104554,0.95,ho_reconstruction,7,A
60,se,0.584698858404722,0.0344619169263485,4862,0.517154742390868,0.652242974418576,0.95,ho_reconstruction,7,A
70,dev,0.147971881836339,0.00583055209222397,4740,0.136544209725596,0.159399553947083,0.95,ho_reconstruction,7,A
70,chisq,0.107702400781021,0.00516788976869956,4754,0.0975735229582973,0.117831278603746,0.95,ho_reconstruction,7,A
70,se,0.582146936664681,0.0353355351279779,4862,0.512890560439394,0.651403312889967,0.95,ho_reconstruction,7,A
80,dev,0.149959449974302,0.0057635830781678,4740,0.138663034719189,0.161255865229416,0.95,ho_reconstruction,7,A
80,chisq,0.10962119723341,0.00507095668198811,4754,0.0996823047695508,0.11956008969727,0.95,ho_reconstruction,7,A
80,se,0.570430160942949,0.0337078378613536,4862,0.504364012737981,0.636496309147918,0.95,ho_reconstruction,7,A
90,dev,0.151780737778612,0.00574751877790634,4740,0.140515807973448,0.163045667583776,0.95,ho_reconstruction,7,A
90,chisq,0.112668937786886,0.00510366655843794,4754,0.102665935143246,0.122671940430526,0.95,ho_reconstruction,7,A
90,se,0.576266617462796,0.0336550591298474,4862,0.510303913670729,0.642229321254863,0.95,ho_reconstruction,7,A
100,dev,0.152187135963772,0.00580927809386345,4740,0.140801160123622,0.163573111803922,0.95,ho_reconstruction,7,A
100,chisq,0.111634146338216,0.00511122829713017,4754,0.101616322959079,0.121651969717353,0.95,ho_reconstruction,7,A
100,se,0.583432469036572,0.0360888181807472,4862,0.512699685157693,0.654165252915451,0.95,ho_reconstruction,7,A
10,dev,0.0276013426933527,0.0102385881851482,896,0.00753407859792495,0.0476686067887804,0.95,insample,8,A
10,chisq,0.0523727400513471,0.011962407637727,903,0.0289268519130153,0.0758186281896789,0.95,insample,8,A
10,se,0.151322829052376,0.0167539275668885,935,0.118485734421682,0.18415992368307,0.95,insample,8,A
20,dev,0.0801636912152393,0.0121538501282575,896,0.056342582690357,0.103984799740122,0.95,insample,8,A
20,chisq,0.0918155573513677,0.0125369913050812,903,0.0672435059189167,0.116387608783819,0.95,insample,8,A
20,se,0.38792527889865,0.0450177551492811,935,0.299692100141217,0.476158457656084,0.95,insample,8,A
30,dev,0.0992789491218327,0.012187697879503,896,0.0753915002235516,0.123166398020114,0.95,insample,8,A
30,chisq,0.0869205604580081,0.0112744338901171,903,0.0648230760873008,0.109018044828715,0.95,insample,8,A
30,se,0.468409468143355,0.0528762728819966,935,0.36477387765793,0.572045058628781,0.95,insample,8,A
40,dev,0.152281995991962,0.0130057712092657,896,0.126791152830633,0.177772839153291,0.95,insample,8,A
40,chisq,0.116109233877246,0.0115022850381478,903,0.0935651694625628,0.13865329829193,0.95,insample,8,A
40,se,0.610698249520704,0.0596167618260296,935,0.493851543466784,0.727544955574625,0.95,insample,8,A
50,dev,0.165530852531524,0.0137193140933534,896,0.138641491015959,0.19242021404709,0.95,insample,8,A
50,chisq,0.118891697916073,0.0117185394618013,903,0.0959237826195314,0.141859613212615,0.95,insample,8,A
50,se,0.761474866568536,0.0867454409834195,935,0.591456926417989,0.931492806719083,0.95,insample,8,A
60,dev,0.161646116287318,0.0135244567046411,896,0.135138668235751,0.188153564338886,0.95,insample,8,A
60,chisq,0.118885024853093,0.0117935101294842,903,0.0957701697479953,0.14199987995819,0.95,insample,8,A
60,se,0.733514249545162,0.0827431447645079,935,0.571340665839143,0.895687833251181,0.95,insample,8,A
70,dev,0.16032753824015,0.0139450361661261,896,0.132995769591434,0.187659306888866,0.95,insample,8,A
70,chisq,0.11207997551671,0.0118297941565645,903,0.0888940050253208,0.135265946008098,0.95,insample,8,A
70,se,0.761341019108385,0.0836889531976942,935,0.597313684937046,0.925368353279724,0.95,insample,8,A
80,dev,0.160794799895621,0.0138388783914493,896,0.13367109666195,0.187918503129291,0.95,insample,8,A
80,chisq,0.115694571325409,0.0121574199002733,903,0.0918664661759423,0.139522676474875,0.95,insample,8,A
80,se,0.769620508596595,0.0892946295141438,935,0.594606250736026,0.944634766457164,0.95,insample,8,A
90,dev,0.161889929845795,0.0135960242870198,896,0.135242211910304,0.188537647781286,0.95,insample,8,A
90,chisq,0.120459413532788,0.0118798315562837,903,0.0971753715400694,0.143743455525506,0.95,insample,8,A
90,se,0.726155803265875,0.081210469684423,935,0.566986207516824,0.885325399014926,0.95,insample,8,A
100,dev,0.155154660397896,0.0132863703002695,896,0.129113853124105,0.181195467671687,0.95,insample,8,A
100,chisq,0.114366468723737,0.0115785859429399,903,0.0916728572836731,0.137060080163801,0.95,insample,8,A
100,se,0.69787657881155,0.0768979791701827,935,0.54715930915408,0.848593848469019,0.95,insample,8,A
10,dev,-0.000498099901666417,0.00445359868386534,4569,-0.00922699292363746,0.00823079312030463,0.95,ho_reconstruction,8,A
10,chisq,0.022483947939134,0.00561215366881953,4585,0.0114843288725434,0.0334835670057246,0.95,ho_reconstruction,8,A
10,se,0.129271568537892,0.0101146698418239,4752,0.109447179932404,0.14909595714338,0.95,ho_reconstruction,8,A
20,dev,0.0756984011960098,0.00564862982714169,4569,0.0646272901728134,0.0867695122192062,0.95,ho_reconstruction,8,A
20,chisq,0.086269704099674,0.00601970325258046,4585,0.0744713025269976,0.0980681056723503,0.95,ho_reconstruction,8,A
20,se,0.344190265059878,0.0164310058803142,4752,0.311986085304696,0.37639444481506,0.95,ho_reconstruction,8,A
30,dev,0.107757244452816,0.00630434569472156,4569,0.0954009539450717,0.120113534960561,0.95,ho_reconstruction,8,A
30,chisq,0.0919463810144019,0.00587076568789768,4585,0.080439891704449,0.103452870324355,0.95,ho_reconstruction,8,A
30,se,0.555970878912882,0.0300700659051912,4752,0.497034632725961,0.614907125099803,0.95,ho_reconstruction,8,A
40,dev,0.174470589877907,0.00666575840783265,4569,0.16140594346891,0.187535236286904,0.95,ho_reconstruction,8,A
40,chisq,0.136137245051147,0.0060566064880429,4585,0.124266514466051,0.148007975636243,0.95,ho_reconstruction,8,A
40,se,0.674370268174551,0.0329193408035925,4752,0.60984954580471,0.738890990544392,0.95,ho_reconstruction,8,A
50,dev,0.192630363870323,0.00683214992389729,4569,0.179239596082506,0.206021131658139,0.95,ho_reconstruction,8,A
50,chisq,0.147461509463302,0.00618964633630277,4585,0.135330025567108,0.159592993359495,0.95,ho_reconstruction,8,A
50,se,0.724557698146092,0.0375179406455907,4752,0.651023885706623,0.798091510585561,0.95,ho_reconstruction,8,A
60,dev,0.192062778643183,0.00679038287396748,4569,0.178753872768969,0.205371684517397,0.95,ho_reconstruction,8,A
60,chisq,0.147205370416841,0.00611855246818091,4585,0.135213227941688,0.159197512891994,0.95,ho_reconstruction,8,A
60,se,0.716617956596451,0.0367574109045554,4752,0.644574755058583,0.78866115813432,0.95,ho_reconstruction,8,A
70,dev,0.190081026390094,0.00674074312617465,4569,0.176869412633756,0.203292640146432,0.95,ho_reconstruction,8,A
70,chisq,0.14682189904943,0.00616572946572446,4585,0.134737291358193,0.158906506740667,0.95,ho_reconstruction,8,A
70,se,0.709944041985021,0.0373105339556484,4752,0.636816739187991,0.78307134478205,0.95,ho_reconstruction,8,A
80,dev,0.190913731404874,0.00675143577707023,4569,0.177681160437881,0.204146302371867,0.95,ho_reconstruction,8,A
80,chisq,0.145815421441534,0.0060913408330794,4585,0.13387661279114,0.157754230091928,0.95,ho_reconstruction,8,A
80,se,0.713018330041582,0.0377931787472576,4752,0.638945060835673,0.787091599247492,0.95,ho_reconstruction,8,A
90,dev,0.191308746550716,0.00672683657781757,4569,0.178124389128307,0.204493103973125,0.95,ho_reconstruction,8,A
90,chisq,0.147823553464454,0.00618745035086329,4585,0.135696373620632,0.159950733308275,0.95,ho_reconstruction,8,A
90,se,0.714198851497418,0.0377157289689755,4752,0.640277381067552,0.788120321927284,0.95,ho_reconstruction,8,A
100,dev,0.191923829044365,0.00673229534074153,4569,0.178728772643225,0.205118885445506,0.95,ho_reconstruction,8,A
100,chisq,0.148449862615904,0.00616389459030288,4585,0.136368851214409,0.160530874017399,0.95,ho_reconstruction,8,A
100,se,0.71597610877188,0.0380836681222167,4752,0.64133349085316,0.790618726690601,0.95,ho_reconstruction,8,A
10,dev,0.0419601433649664,0.0109740370899902,915,0.0204514259035788,0.0634688608263539,0.95,insample,9,A
10,chisq,0.062824677352753,0.0123802626459591,921,0.0385598084475267,0.0870895462579793,0.95,insample,9,A
10,se,0.205240497573736,0.0302530347092057,943,0.145945639120653,0.26453535602682,0.95,insample,9,A
20,dev,0.0926331302434432,0.0113348283854077,915,0.0704172748371019,0.114848985649784,0.95,insample,9,A
20,chisq,0.102190058257363,0.0109907388563919,921,0.0806486059353502,0.123731510579376,0.95,insample,9,A
20,se,0.313507880064641,0.0393446029379438,943,0.236393875320242,0.39062188480904,0.95,insample,9,A
30,dev,0.160354355029328,0.0134613100256248,915,0.133970672194376,0.186738037864281,0.95,insample,9,A
30,chisq,0.134003006166445,0.0112674818412806,921,0.111919147561076,0.156086864771814,0.95,insample,9,A
30,se,0.418357938351238,0.0353351796999118,943,0.34910225875216,0.487613617950316,0.95,insample,9,A
40,dev,0.198595068261315,0.0150903088500583,915,0.169018606399615,0.228171530123016,0.95,insample,9,A
40,chisq,0.143649178829033,0.0117513152490681,921,0.120617024169883,0.166681333488183,0.95,insample,9,A
40,se,0.574379234062202,0.0491207727135182,943,0.478104288650929,0.670654179473476,0.95,insample,9,A
50,dev,0.20082765751539,0.015407386136144,915,0.170629735592646,0.231025579438134,0.95,insample,9,A
50,chisq,0.142589675481827,0.0117544886056232,921,0.119551301158119,0.165628049805535,0.95,insample,9,A
50,se,0.596509917230232,0.0555331074832949,943,0.487667026613382,0.705352807847081,0.95,insample,9,A
60,dev,0.193661304792843,0.0154482080818327,915,0.16338337332677,0.223939236258915,0.95,insample,9,A
60,chisq,0.135852836896759,0.0119961831933761,921,0.112340749885797,0.159364923907721,0.95,insample,9,A
60,se,0.623451679368283,0.0557389270707143,943,0.514205389772779,0.732697968963788,0.95,insample,9,A
70,dev,0.205628866948427,0.0157060482996545,915,0.174845577941657,0.236412155955196,0.95,insample,9,A
70,chisq,0.149322810141101,0.0123583546941072,921,0.125100880032479,0.173544740249722,0.95,insample,9,A
70,se,0.587211796057287,0.0515966596966302,943,0.486084201329322,0.688339390785251,0.95,insample,9,A
80,dev,0.194759322077026,0.0153873862480024,915,0.164600599214734,0.224918044939318,0.95,insample,9,A
80,chisq,0.13718430298537,0.0119459435686988,921,0.113770683829372,0.160597922141367,0.95,insample,9,A
80,se,0.610393151404437,0.0553359770245947,943,0.501936629386896,0.718849673421978,0.95,insample,9,A
90,dev,0.194164380943848,0.0150267050721222,915,0.164712580196183,0.223616181691513,0.95,insample,9,A
90,chisq,0.139420460954036,0.0116114685378804,921,0.11666240081217,0.162178521095901,0.95,insample,9,A
90,se,0.582628961423755,0.0493996883515793,943,0.485807351407157,0.679450571440353,0.95,insample,9,A
100,dev,0.190160602872786,0.0146852431438615,915,0.161378055206603,0.218943150538968,0.95,insample,9,A
100,chisq,0.138575430811311,0.0116062772785324,921,0.115827545350802,0.16132331627182,0.95,insample,9,A
100,se,0.564099457157538,0.0505811217632905,943,0.464962280203853,0.663236634111222,0.95,insample,9,A
10,dev,0.00256568401448891,0.00461120851690374,4596,-0.00647211860384678,0.0116034866328246,0.95,ho_reconstruction,9,A
10,chisq,0.0236367765316417,0.00556274924370017,4618,0.0127339883589619,0.0345395647043214,0.95,ho_reconstruction,9,A
10,se,0.136614780041567,0.0110961882379057,4743,0.114866650729595,0.158362909353539,0.95,ho_reconstruction,9,A
20,dev,0.0905645492797341,0.00553177830152017,4596,0.0797224630382944,0.101406635521174,0.95,ho_reconstruction,9,A
20,chisq,0.106226235386827,0.00560853087338602,4618,0.0952337168688089,0.117218753904844,0.95,ho_reconstruction,9,A
20,se,0.354597901313707,0.0189896148019931,4743,0.317378940221511,0.391816862405902,0.95,ho_reconstruction,9,A
30,dev,0.161509489392075,0.00628895491051857,4596,0.149183364267063,0.173835614517088,0.95,ho_reconstruction,9,A
30,chisq,0.141967954227188,0.0058206432314907,4618,0.13055970312661,0.153376205327767,0.95,ho_reconstruction,9,A
30,se,0.556841886434117,0.0270630330491261,4743,0.503799316345412,0.609884456522821,0.95,ho_reconstruction,9,A
40,dev,0.203773431721223,0.00695174050905677,4596,0.190148270693604,0.217398592748842,0.95,ho_reconstruction,9,A
40,chisq,0.155634812864535,0.00601157154013994,4618,0.143852349155375,0.167417276573695,0.95,ho_reconstruction,9,A
40,se,0.750263151868757,0.0397061697720292,4743,0.672440489151547,0.828085814585968,0.95,ho_reconstruction,9,A
50,dev,0.214833026414688,0.00700794894699854,4596,0.201097698873076,0.228568353956301,0.95,ho_reconstruction,9,A
50,chisq,0.165575684898812,0.00603709706144213,4618,0.153743192087213,0.177408177710411,0.95,ho_reconstruction,9,A
50,se,0.747937476043946,0.0389654513285383,4743,0.671566594798662,0.824308357289229,0.95,ho_reconstruction,9,A
60,dev,0.212954660195113,0.00696322609761786,4596,0.199306987827573,0.226602332562654,0.95,ho_reconstruction,9,A
60,chisq,0.163831618617161,0.0060187884228324,4618,0.152035010077843,0.175628227156479,0.95,ho_reconstruction,9,A
60,se,0.748344050394291,0.0398052728169486,4743,0.670327149278281,0.826360951510302,0.95,ho_reconstruction,9,A
70,dev,0.210957136482768,0.00693005357636767,4596,0.197374481062154,0.224539791903382,0.95,ho_reconstruction,9,A
70,chisq,0.164210953172358,0.00599638956151257,4618,0.152458245594522,0.175963660750195,0.95,ho_reconstruction,9,A
70,se,0.729772154830607,0.0390365184106209,4743,0.653261984663956,0.806282324997259,0.95,ho_reconstruction,9,A
80,dev,0.214458989844485,0.0069681597453368,4596,0.200801647705103,0.228116331983867,0.95,ho_reconstruction,9,A
80,chisq,0.165113345496841,0.00602419053320646,4618,0.153306149015749,0.176920541977933,0.95,ho_reconstruction,9,A
80,se,0.741232054181518,0.0384813644995187,4743,0.665809965686503,0.816654142676533,0.95,ho_reconstruction,9,A
90,dev,0.214962253712347,0.00703055971432962,4596,0.201182609881103,0.228741897543591,0.95,ho_reconstruction,9,A
90,chisq,0.166370022663128,0.00605693673731101,4618,0.154498644801361,0.178241400524895,0.95,ho_reconstruction,9,A
90,se,0.751380928082055,0.0401687218693431,4743,0.672651679913137,0.830110176250974,0.95,ho_reconstruction,9,A
100,dev,0.214447830323051,0.00692007328502948,4596,0.200884735914015,0.228010924732086,0.95,ho_reconstruction,9,A
100,chisq,0.165699968951598,0.00598830784781912,4618,0.153963101241534,0.177436836661662,0.95,ho_reconstruction,9,A
100,se,0.736721027197067,0.0384366357370448,4743,0.661386605465574,0.81205544892856,0.95,ho_reconstruction,9,A
10,dev,0.0640603852374765,0.0132276054205572,898,0.0381347550114776,0.0899860154634753,0.95,insample,10,A
10,chisq,0.0984283089109169,0.0143542594766211,906,0.0702944773119969,0.126562140509837,0.95,insample,10,A
10,se,0.292656356578608,0.0412868459196568,930,0.211735625540827,0.37357708761639,0.95,insample,10,A
20,dev,0.0569436885098747,0.0141245656443708,898,0.0292600485496362,0.0846273284701132,0.95,insample,10,A
20,chisq,0.0785773730263737,0.0135660240801658,906,0.0519884544158457,0.105166291636902,0.95,insample,10,A
20,se,0.336082216984307,0.0381858144549632,930,0.26123939593225,0.410925038036364,0.95,insample,10,A
30,dev,0.125518812220426,0.0146699436601362,898,0.0967662509913277,0.154271373449525,0.95,insample,10,A
30,chisq,0.114363909235305,0.0136515447879948,906,0.0876073731175001,0.141120445353111,0.95,insample,10,A
30,se,0.553857403132074,0.0634767901229585,930,0.429445180636867,0.67826962562728,0.95,insample,10,A
40,dev,0.180890027531128,0.0148700775362849,898,0.151745211112692,0.210034843949565,0.95,insample,10,A
40,chisq,0.147197314128641,0.0130395765642155,906,0.121640213689127,0.172754414568156,0.95,insample,10,A
40,se,0.627381171725592,0.0577244550685808,930,0.514243318763973,0.740519024687211,0.95,insample,10,A
50,dev,0.177312817679218,0.0163409329046255,898,0.145285177712367,0.20934045764607,0.95,insample,10,A
50,chisq,0.134329210784525,0.0142029164226834,906,0.106492006120633,0.162166415448417,0.95,insample,10,A
50,se,0.794146853314611,0.0817728776739671,930,0.633874958161436,0.954418748467786,0.95,insample,10,A
60,dev,0.179714123508631,0.0162066727152332,898,0.147949628677546,0.211478618339716,0.95,insample,10,A
60,chisq,0.14034337252697,0.0141442679789376,906,0.112621116700569,0.168065628353371,0.95,insample,10,A
60,se,0.765583136287978,0.0842613893036264,930,0.600433847965562,0.930732424610394,0.95,insample,10,A
70,dev,0.176413875999135,0.0160709238307788,898,0.144915444092522,0.207912307905748,0.95,insample,10,A
70,chisq,0.137811869230989,0.0139534435836069,906,0.110463622346808,0.16516011611517,0.95,insample,10,A
70,se,0.735388639535676,0.0800190067273767,930,0.578554268271349,0.892223010800002,0.95,insample,10,A
80,dev,0.174113878982821,0.016032660736352,898,0.142690441363222,0.205537316602421,0.95,insample,10,A
80,chisq,0.138880419662529,0.0138238404182519,906,0.111786190314726,0.165974649010332,0.95,insample,10,A
80,se,0.720056657395976,0.0781353714615705,930,0.566914143412639,0.873199171379313,0.95,insample,10,A
90,dev,0.171132271707161,0.0156436695112533,898,0.140471242879057,0.201793300535265,0.95,insample,10,A
90,chisq,0.13474976718156,0.013485703196244,906,0.108318274610725,0.161181259752395,0.95,insample,10,A
90,se,0.711423001308995,0.076479679632545,930,0.561525583680045,0.861320418937945,0.95,insample,10,A
100,dev,0.168280372898372,0.0155769074434293,898,0.137750195318737,0.198810550478007,0.95,insample,10,A
100,chisq,0.133246821218753,0.0132360512546414,906,0.107304637462129,0.159189004975376,0.95,insample,10,A
100,se,0.678547462137952,0.0724755691295824,930,0.536497956884928,0.820596967390977,0.95,insample,10,A
10,dev,-0.000695027480516869,0.00529140933001709,4521,-0.0110659991948096,0.00967594423377583,0.95,ho_reconstruction,10,A
10,chisq,0.0205026519066526,0.00609970203724728,4535,0.00854745559722234,0.0324578482160829,0.95,ho_reconstruction,10,A
10,se,0.202191491550198,0.0161151180104061,4671,0.17060644064319,0.233776542457207,0.95,ho_reconstruction,10,A
20,dev,0.038544169183515,0.00615914281683919,4521,0.0264724710868716,0.0506158672801584,0.95,ho_reconstruction,10,A
20,chisq,0.0533100213830537,0.00609253105526493,4535,0.0413688799400426,0.0652511628260647,0.95,ho_reconstruction,10,A
20,se,0.365670896446342,0.0238909604597408,4671,0.31884547438918,0.412496318503505,0.95,ho_reconstruction,10,A
30,dev,0.103010708844433,0.00664215639273543,4521,0.0899923215349893,0.116029096153877,0.95,ho_reconstruction,10,A
30,chisq,0.0929836175121394,0.00613146776701112,4535,0.0809661615164294,0.105001073507849,0.95,ho_reconstruction,10,A
30,se,0.551167684719743,0.0330598042895367,4671,0.486371658976308,0.615963710463177,0.95,ho_reconstruction,10,A
40,dev,0.180885646656732,0.00640791808516909,4521,0.168326357993918,0.193444935319546,0.95,ho_reconstruction,10,A
40,chisq,0.151982924269796,0.00565936793986224,4535,0.140890766932405,0.163075081607187,0.95,ho_reconstruction,10,A
40,se,0.580480006047108,0.027969338608637,4671,0.525661109702774,0.635298902391442,0.95,ho_reconstruction,10,A
50,dev,0.17061034493726,0.00662110071919678,4521,0.157633225989622,0.183587463884898,0.95,ho_reconstruction,10,A
50,chisq,0.137529282936132,0.00572028642952985,4535,0.126317727553,0.148740838319263,0.95,ho_reconstruction,10,A
50,se,0.610847066976791,0.0298187615763609,4671,0.552403368223537,0.669290765730045,0.95,ho_reconstruction,10,A
60,dev,0.170226630230749,0.00648929110147756,4521,0.157507853386657,0.182945407074842,0.95,ho_reconstruction,10,A
60,chisq,0.138421850681095,0.00564391348071326,4535,0.127359983527037,0.149483717835153,0.95,ho_reconstruction,10,A
60,se,0.598583272400252,0.0285440769369314,4671,0.542637909631926,0.654528635168578,0.95,ho_reconstruction,10,A
70,dev,0.171545621633904,0.00653665489199125,4521,0.158734013466234,0.184357229801575,0.95,ho_reconstruction,10,A
70,chisq,0.139704895358473,0.00567468378339807,4535,0.128582719519359,0.150827071197587,0.95,ho_reconstruction,10,A
70,se,0.597612116858418,0.0285353169968681,4671,0.541683923257122,0.653540310459713,0.95,ho_reconstruction,10,A
80,dev,0.173503937036127,0.00655596941688552,4521,0.160654473095285,0.186353400976968,0.95,ho_reconstruction,10,A
80,chisq,0.141885443667974,0.00568310396133605,4535,0.130746764583359,0.15302412275259,0.95,ho_reconstruction,10,A
80,se,0.597947381467566,0.0296613671830712,4671,0.539812170056528,0.656082592878604,0.95,ho_reconstruction,10,A
90,dev,0.173186306302497,0.00659896927145486,4521,0.160252564195358,0.186120048409635,0.95,ho_reconstruction,10,A
90,chisq,0.141609383348883,0.00570907859434109,4535,0.130419794919066,0.1527989717787,0.95,ho_reconstruction,10,A
90,se,0.59324047686069,0.0280752924467647,4671,0.538213914809602,0.648267038911778,0.95,ho_reconstruction,10,A
100,dev,0.172639900289593,0.00659748823588097,4521,0.159709060958839,0.185570739620346,0.95,ho_reconstruction,10,A
100,chisq,0.140337567676864,0.0056825030535475,4535,0.129200066349872,0.151475069003856,0.95,ho_reconstruction,10,A
100,se,0.600628830735066,0.0293572199306888,4671,0.543089736984695,0.658167924485437,0.95,ho_reconstruction,10,A
10,dev,0.0138077525790227,0.00132721677980596,1000,0.0112064554909258,0.0164090496671196,0.95,insample,1,B
10,chisq,0.0269402107751798,0.00217904839074988,1000,0.0226693544087401,0.0312110671416195,0.95,insample,1,B
10,se,-0.00872900795407835,0.00245172132368282,1000,-0.0135342934486256,-0.00392372245953115,0.95,insample,1,B
20,dev,0.0176150346481629,0.00127053260515964,1000,0.0151248365008661,0.0201052327954596,0.95,insample,1,B
20,chisq,0.0260526411495945,0.00164194505102257,1000,0.0228344879849965,0.0292707943141925,0.95,insample,1,B
20,se,-0.0101551450177312,0.00195800262386096,1000,-0.0139927596421336,-0.00631753039332882,0.95,insample,1,B
30,dev,0.0200996830355443,0.00127947696633533,1000,0.0175919542624785,0.0226074118086102,0.95,insample,1,B
30,chisq,0.0230969501233158,0.00130462898501603,1000,0.0205399242994973,0.0256539759471342,0.95,insample,1,B
30,se,-0.00156003144098946,0.00117619492797422,1000,-0.00386533113861761,0.000745268256638697,0.95,insample,1,B
40,dev,0.0188155703308641,0.0011632040727022,1000,0.0165357322416974,0.0210954084200307,0.95,insample,1,B
40,chisq,0.0182083588483626,0.00102466250199342,1000,0.0162000572481468,0.0202166604485784,0.95,insample,1,B
40,se,0.00369987991299906,0.00093797797057547,1000,0.00186147687237917,0.00553828295361895,0.95,insample,1,B
50,dev,0.0203699955518748,0.00120352085659795,1000,0.0180111380183001,0.0227288530854496,0.95,insample,1,B
50,chisq,0.0191811960899655,0.00101245639295153,1000,0.0171968180238632,0.0211655741560679,0.95,insample,1,B
50,se,0.00691351362463738,0.00101439178279535,1000,0.00492534226414513,0.00890168498512963,0.95,insample,1,B
60,dev,0.0200531066896849,0.00120879400031073,1000,0.0176839139843477,0.022422299395022,0.95,insample,1,B
60,chisq,0.0185994783072706,0.00100929378196198,1000,0.0166212988448049,0.0205776577697363,0.95,insample,1,B
60,se,0.00860808405732937,0.00100457391430318,1000,0.00663915536548671,0.010577012749172,0.95,insample,1,B
70,dev,0.0206951289320323,0.00122667534526388,1000,0.0182908894345919,0.0230993684294728,0.95,insample,1,B
70,chisq,0.0192056481790372,0.00102002127921203,1000,0.0172064432083171,0.0212048531497572,0.95,insample,1,B
70,se,0.0085214486633882,0.00106904985452752,1000,0.00642614945083647,0.0106167478759399,0.95,insample,1,B
80,dev,0.0202706042582513,0.00122918673238096,1000,0.0178614425325102,0.0226797659839925,0.95,insample,1,B
80,chisq,0.0191088313956755,0.00104435551289781,1000,0.0170619322033399,0.021155730588011,0.95,insample,1,B
80,se,0.00756724201656642,0.00105341954681301,1000,0.00550257764420241,0.00963190638893042,0.95,insample,1,B
90,dev,0.020378969873213,0.00121383626320515,1000,0.0179998945142023,0.0227580452322238,0.95,insample,1,B
90,chisq,0.0192720121131954,0.00103565342338379,1000,0.0172421687028975,0.0213018555234932,0.95,insample,1,B
90,se,0.00807107716471703,0.000952815845185013,1000,0.00620359242425531,0.00993856190517874,0.95,insample,1,B
100,dev,0.020603465601284,0.00125150692248042,1000,0.0181505571068198,0.0230563740957482,0.95,insample,1,B
100,chisq,0.0196865456222863,0.00108110278889793,1000,0.0175676230924605,0.021805468152112,0.95,insample,1,B
100,se,0.00755989006905049,0.00104434177203958,1000,0.00551301780830218,0.0096067623297988,0.95,insample,1,B
10,dev,0.0129980347099489,0.000557522121905337,5000,0.0119053114304301,0.0140907579894677,0.95,ho_reconstruction,1,B
10,chisq,0.0285445459130213,0.0010984014749481,5000,0.0263917185815573,0.0306973732444852,0.95,ho_reconstruction,1,B
10,se,-0.0144434094814351,0.00105398200965469,5000,-0.0165091762607115,-0.0123776427021588,0.95,ho_reconstruction,1,B
20,dev,0.0179713517259566,0.0005898988398749,5000,0.0168151712452799,0.0191275322066334,0.95,ho_reconstruction,1,B
20,chisq,0.0289688361534516,0.000893329823607473,5000,0.0272179418728654,0.0307197304340377,0.95,ho_reconstruction,1,B
20,se,-0.0126041114045674,0.00091328852869912,5000,-0.0143941240283113,-0.0108140987808236,0.95,ho_reconstruction,1,B
30,dev,0.0208093140161518,0.00062880969689506,5000,0.0195768696571079,0.0220417583751957,0.95,ho_reconstruction,1,B
30,chisq,0.0258867730769579,0.000744305657500891,5000,0.0244279607947668,0.0273455853591491,0.95,ho_reconstruction,1,B
30,se,-0.00294661333551308,0.000562861510710434,5000,-0.00404980162478934,-0.00184342504623683,0.95,ho_reconstruction,1,B
40,dev,0.0199016437361879,0.000557245444098578,5000,0.0188094627352056,0.0209938247371701,0.95,ho_reconstruction,1,B
40,chisq,0.0206874389502385,0.000555476138019488,5000,0.0195987257254489,0.0217761521750281,0.95,ho_reconstruction,1,B
40,se,0.00297369551061828,0.00054325589646815,5000,0.00190893351915169,0.00403845750208488,0.95,ho_reconstruction,1,B
50,dev,0.0209404512853804,0.000554013562236315,5000,0.0198546046564505,0.0220262979143103,0.95,ho_reconstruction,1,B
50,chisq,0.0210938862563855,0.00052473351025871,5000,0.0200654274747971,0.0221223450379738,0.95,ho_reconstruction,1,B
50,se,0.00559962613715183,0.00051616917646914,5000,0.00458795314134262,0.00661129913296104,0.95,ho_reconstruction,1,B
60,dev,0.0209684375604733,0.000556510175872083,5000,0.019877697658734,0.0220591774622126,0.95,ho_reconstruction,1,B
60,chisq,0.0212387688528602,0.000532894645394975,5000,0.0201943145403318,0.0222832231653886,0.95,ho_reconstruction,1,B
60,se,0.00556189406285897,0.000514613297745076,5000,0.00455327053331323,0.0065705175924047,0.95,ho_reconstruction,1,B
70,dev,0.0208324527249174,0.000553081275102019,5000,0.019748433345194,0.0219164721046409,0.95,ho_reconstruction,1,B
70,chisq,0.0209056487332801,0.000524229084589705,5000,0.0198781786078359,0.0219331188587243,0.95,ho_reconstruction,1,B
70,se,0.00590928088799068,0.00052860945079547,5000,0.00487322540254406,0.0069453363734373,0.95,ho_reconstruction,1,B
80,dev,0.0208302650425306,0.000550665978063687,5000,0.0197509795580143,0.021909550527047,0.95,ho_reconstruction,1,B
80,chisq,0.0209436122266031,0.000521995515566825,5000,0.0199205198160007,0.0219667046372055,0.95,ho_reconstruction,1,B
80,se,0.00582332633772401,0.000507189754241559,5000,0.00482925268608283,0.00681739998936519,0.95,ho_reconstruction,1,B
90,dev,0.0209520930449515,0.000552344350696403,5000,0.0198695180105224,0.0220346680793806,0.95,ho_reconstruction,1,B
90,chisq,0.0210173471166063,0.000521027604339465,5000,0.0199961517771497,0.0220385424560628,0.95,ho_reconstruction,1,B
90,se,0.00599630080983607,0.000510127992412134,5000,0.00499646831720257,0.00699613330246958,0.95,ho_reconstruction,1,B
100,dev,0.0207663294757049,0.000547643432926472,5000,0.0196929680707991,0.0218396908806106,0.95,ho_reconstruction,1,B
100,chisq,0.0209153881389982,0.000518834650807405,5000,0.0198984909094843,0.0219322853685122,0.95,ho_reconstruction,1,B
100,se,0.00564497904901152,0.000525817766970376,5000,0.00461439516331831,0.00667556293470473,0.95,ho_reconstruction,1,B
10,dev,0.0116073050910564,0.00115192923593605,1000,0.00934956527588302,0.0138650449062298,0.95,insample,2,B
10,chisq,0.0262616090753755,0.00202161931984325,1000,0.0222993080180323,0.0302239101327186,0.95,insample,2,B
10,se,-0.0112621332589617,0.00217431326500272,1000,-0.0155237089494747,-0.00700055756844866,0.95,insample,2,B
20,dev,0.0175813944164439,0.00122772968869753,1000,0.0151750884438462,0.0199877003890417,0.95,insample,2,B
20,chisq,0.0274183682540506,0.00162116231034879,1000,0.0242409485126732,0.030595787995428,0.95,insample,2,B
20,se,-0.00460471436922716,0.00178293131453631,1000,-0.00809919553262697,-0.00111023320582735,0.95,insample,2,B
30,dev,0.0196289808610734,0.00123985215672443,1000,0.0171989152877392,0.0220590464344076,0.95,insample,2,B
30,chisq,0.0238363171826905,0.00135281104331109,1000,0.0211848562599127,0.0264877781054682,0.95,insample,2,B
30,se,-0.00114358539817806,0.00115099950329083,1000,-0.00339950297085157,0.00111233217449545,0.95,insample,2,B
40,dev,0.0186944716199918,0.00116130133884171,1000,0.0164183628206639,0.0209705804193197,0.95,insample,2,B
40,chisq,0.018939593366524,0.00107357012935011,1000,0.0168354345781197,0.0210437521549282,0.95,insample,2,B
40,se,0.00482385938350053,0.000982126971347891,1000,0.00289892589141327,0.0067487928755878,0.95,insample,2,B
50,dev,0.0193111999873636,0.00116586431251455,1000,0.0170261479239745,0.0215962520507526,0.95,insample,2,B
50,chisq,0.0191628769625666,0.00102489819272523,1000,0.0171541134170049,0.0211716405081282,0.95,insample,2,B
50,se,0.007011811916841,0.00116235577369127,1000,0.00473363646318393,0.00928998737049808,0.95,insample,2,B
60,dev,0.0192024846935448,0.00114319199677804,1000,0.0169618695524454,0.0214430998346442,0.95,insample,2,B
60,chisq,0.0191396982763227,0.00101242412280908,1000,0.0171553834585373,0.0211240130941081,0.95,insample,2,B
60,se,0.0073140457881667,0.00104418848612088,1000,0.00526747396229838,0.00936061761403502,0.95,insample,2,B
70,dev,0.0199475864575037,0.0012118921021509,1000,0.0175723215841394,0.022322851330868,0.95,insample,2,B
70,chisq,0.0199513159534575,0.00106991151501446,1000,0.0178543279173845,0.0220483039895305,0.95,insample,2,B
70,se,0.00813631234443069,0.0016161869746351,1000,0.00496864408186315,0.0113039806069982,0.95,insample,2,B
80,dev,0.0193921248372265,0.00117800488746462,1000,0.0170832776841837,0.0217009719902693,0.95,insample,2,B
80,chisq,0.0195298774745383,0.00105411773314551,1000,0.0174638446821081,0.0215959102669685,0.95,insample,2,B
80,se,0.00689952671924612,0.00125134720963339,1000,0.00444693125620997,0.00935212218228226,0.95,insample,2,B
90,dev,0.019934810774814,0.00118776311682474,1000,0.0176068378436725,0.0222627837059555,0.95,insample,2,B
90,chisq,0.019859730925634,0.00105892973947709,1000,0.0177842667741005,0.0219351950771675,0.95,insample,2,B
90,se,0.00923298078279117,0.00132839160257496,1000,0.0066293810843788,0.0118365804812035,0.95,insample,2,B
100,dev,0.0199534680323848,0.00121381602613726,1000,0.0175744323372982,0.0223325037274713,0.95,insample,2,B
100,chisq,0.0200919842227724,0.00107562737299684,1000,0.0179837933109132,0.0222001751346316,0.95,insample,2,B
100,se,0.00803526291192731,0.00141623338606683,1000,0.0052594964815331,0.0108110293423215,0.95,insample,2,B
10,dev,0.0110703064620685,0.000474900024344527,5000,0.0101395195180961,0.012001093406041,0.95,ho_reconstruction,2,B
10,chisq,0.0263837906017963,0.000926739257791405,5000,0.0245674150334658,0.0282001661701269,0.95,ho_reconstruction,2,B
10,se,-0.0124505218355628,0.00102525545454094,5000,-0.0144599856014163,-0.0104410580697094,0.95,ho_reconstruction,2,B
20,dev,0.0178167842248497,0.000566339504126427,5000,0.0167067791937396,0.0189267892559598,0.95,ho_reconstruction,2,B
20,chisq,0.0283334592540302,0.000811683669174091,5000,0.0267425884956097,0.0299243300124508,0.95,ho_reconstruction,2,B
20,se,-0.008982411562849,0.000851330440835439,5000,-0.0106509885658291,-0.00731383455986894,0.95,ho_reconstruction,2,B
30,dev,0.0204242729492348,0.00056048744947137,5000,0.0193257377344842,0.0215228081639854,0.95,ho_reconstruction,2,B
30,chisq,0.0256072430442317,0.000659587369006517,5000,0.0243144755563214,0.026900010532142,0.95,ho_reconstruction,2,B
30,se,-0.00327003779104887,0.000551140741091933,5000,-0.00435025379400177,-0.00218982178809597,0.95,ho_reconstruction,2,B
40,dev,0.0197051330340303,0.000500882976156659,5000,0.018723420440294,0.0206868456277666,0.95,ho_reconstruction,2,B
40,chisq,0.0207264496897203,0.000493496140745984,5000,0.0197592150273487,0.021693684352092,0.95,ho_reconstruction,2,B
40,se,0.00403446943690083,0.000434000006409548,5000,0.00318384505504797,0.0048850938187537,0.95,ho_reconstruction,2,B
50,dev,0.0194271387714354,0.000489151693747591,5000,0.0184684190687134,0.0203858584741575,0.95,ho_reconstruction,2,B
50,chisq,0.0201023497672497,0.000465116847678088,5000,0.0191907374971979,0.0210139620373016,0.95,ho_reconstruction,2,B
50,se,0.00483770508531395,0.000476960113097915,5000,0.00390288044157989,0.00577252972904802,0.95,ho_reconstruction,2,B
60,dev,0.0194730857552416,0.000489732498424048,5000,0.0185132276962717,0.0204329438142116,0.95,ho_reconstruction,2,B
60,chisq,0.0201172306423736,0.00046305090763767,5000,0.0192096675403952,0.0210247937443521,0.95,ho_reconstruction,2,B
60,se,0.00502851984028286,0.000493274063819897,5000,0.00406172044068815,0.00599531923987757,0.95,ho_reconstruction,2,B
70,dev,0.019557784267447,0.000489250075849413,5000,0.0185988717393487,0.0205166967955453,0.95,ho_reconstruction,2,B
70,chisq,0.0202290800498812,0.000466096135267464,5000,0.0193155484114236,0.0211426116883387,0.95,ho_reconstruction,2,B
70,se,0.00509828959249861,0.000462993866534361,5000,0.00419083828902832,0.0060057408959689,0.95,ho_reconstruction,2,B
80,dev,0.0194990919058301,0.000488843107926014,5000,0.0185409770202045,0.0204572067914558,0.95,ho_reconstruction,2,B
80,chisq,0.020179013787877,0.000464396922858742,5000,0.0192688125445426,0.0210892150312113,0.95,ho_reconstruction,2,B
80,se,0.00475483515670991,0.000447005406630395,5000,0.00387872065881965,0.00563094965460016,0.95,ho_reconstruction,2,B
90,dev,0.0194660297904522,0.000489372502903715,5000,0.0185068773097367,0.0204251822711677,0.95,ho_reconstruction,2,B
90,chisq,0.0200978183172989,0.000464278868783223,5000,0.0191878484557008,0.021007788178897,0.95,ho_reconstruction,2,B
90,se,0.00506499756273661,0.000466626359435208,5000,0.00415042670400656,0.00597956842146666,0.95,ho_reconstruction,2,B
100,dev,0.0193353914023494,0.00048527236724183,5000,0.018384275039863,0.0202865077648359,0.95,ho_reconstruction,2,B
100,chisq,0.0199608059939165,0.000458904380493551,5000,0.0190613699358014,0.0208602420520315,0.95,ho_reconstruction,2,B
100,se,0.00520555746186878,0.000473419078912105,5000,0.00427767311760692,0.00613344180613063,0.95,ho_reconstruction,2,B
10,dev,0.0129741787505126,0.00115217013279853,1000,0.0107159667861647,0.0152323907148604,0.95,insample,3,B
10,chisq,0.0271081701839399,0.00200439556667348,1000,0.0231796270624881,0.0310367133053916,0.95,insample,3,B
10,se,-0.00740651113760103,0.00223533204211397,1000,-0.0117876814336328,-0.00302534084156927,0.95,insample,3,B
20,dev,0.0161788232879476,0.00108552492924666,1000,0.0140512335223038,0.0183064130535914,0.95,insample,3,B
20,chisq,0.0257043198767722,0.00153434406244996,1000,0.0226970607744774,0.028711578979067,0.95,insample,3,B
20,se,-0.0075305073388034,0.00172698706409325,1000,-0.0109153397861927,-0.00414567489141406,0.95,insample,3,B
30,dev,0.017123196907019,0.00112194836318222,1000,0.0149242185226682,0.0193221752913699,0.95,insample,3,B
30,chisq,0.0209079349724567,0.00121952976674866,1000,0.0185177005515548,0.0232981693933586,0.95,insample,3,B
30,se,-0.00463637395051799,0.00104621557250289,1000,-0.00668691879268861,-0.00258582910834736,0.95,insample,3,B
40,dev,0.017382747186175,0.00102455955288317,1000,0.0153746473625075,0.0193908470098425,0.95,insample,3,B
40,chisq,0.0171000693387068,0.000899299574945444,1000,0.0153374745605015,0.018862664116912,0.95,insample,3,B
40,se,0.00358610591596136,0.0006140278853626,1000,0.00238263337514738,0.00478957845677535,0.95,insample,3,B
50,dev,0.0179209194242581,0.00104031479239849,1000,0.0158819398985728,0.0199598989499434,0.95,insample,3,B
50,chisq,0.0175546622256473,0.000910975575483206,1000,0.0157691829069045,0.01934014154439,0.95,insample,3,B
50,se,0.00483735537120582,0.000691796758949805,1000,0.00348145863904267,0.00619325210336898,0.95,insample,3,B
60,dev,0.0179604806197276,0.00104353386194333,1000,0.0159151918336707,0.0200057694057845,0.95,insample,3,B
60,chisq,0.0177029234176585,0.000914491387542684,1000,0.0159105532339028,0.0194952936014142,0.95,insample,3,B
60,se,0.00418093316699435,0.000640391724000269,1000,0.0029257884519563,0.00543607788203239,0.95,insample,3,B
70,dev,0.0178349427032494,0.0010346999656857,1000,0.0158069680357006,0.0198629173707981,0.95,insample,3,B
70,chisq,0.0172653259155403,0.000896180064368414,1000,0.0155088452657154,0.0190218065653652,0.95,insample,3,B
70,se,0.00501511784662452,0.000679312250282078,1000,0.00368369030181479,0.00634654539143426,0.95,insample,3,B
80,dev,0.0181388119263417,0.00105279250914546,1000,0.016075376525223,0.0202022473274603,0.95,insample,3,B
80,chisq,0.0176779622481446,0.000912435037048866,1000,0.0158896224372963,0.0194663020589928,0.95,insample,3,B
80,se,0.00464749029657456,0.000671695343141653,1000,0.00333099161543365,0.00596398897771548,0.95,insample,3,B
90,dev,0.0179938240304946,0.00105701997450097,1000,0.0159221029495333,0.020065545111456,0.95,insample,3,B
90,chisq,0.0178394776783349,0.000937489862123023,1000,0.0160020313127023,0.0196769240439674,0.95,insample,3,B
90,se,0.00438754094200777,0.000696483216981657,1000,0.00302245892088712,0.00575262296312841,0.95,insample,3,B
100,dev,0.0180988679098282,0.00105785660463801,1000,0.0160255070639299,0.0201722287557266,0.95,insample,3,B
100,chisq,0.0179532870706149,0.000944342187225478,1000,0.0161024103945712,0.0198041637466586,0.95,insample,3,B
100,se,0.00480357250186296,0.000652530901427456,1000,0.00352463543626569,0.00608250956746023,0.95,insample,3,B
10,dev,0.012792016633644,0.000529292938949657,5000,0.0117546215360313,0.0138294117312567,0.95,ho_reconstruction,3,B
10,chisq,0.0290527846482428,0.00107232162051571,5000,0.0269510728921883,0.0311544964042972,0.95,ho_reconstruction,3,B
10,se,-0.00535590336291304,0.0009550415834961,5000,-0.00722775047030349,-0.00348405625552258,0.95,ho_reconstruction,3,B
20,dev,0.0162304506952886,0.000508947409209254,5000,0.0152329321032135,0.0172279692873637,0.95,ho_reconstruction,3,B
20,chisq,0.0271152733619978,0.000806995878915591,5000,0.0255335905036509,0.0286969562203446,0.95,ho_reconstruction,3,B
20,se,-0.00887361522742425,0.00075993874476669,5000,-0.0103630677976235,-0.00738416265722496,0.95,ho_reconstruction,3,B
30,dev,0.017745117734156,0.000540638816813196,5000,0.0166854851245578,0.0188047503437542,0.95,ho_reconstruction,3,B
30,chisq,0.0227078051324879,0.000665055975984729,5000,0.0214043193718547,0.0240112908931211,0.95,ho_reconstruction,3,B
30,se,-0.00654915618636184,0.000470211962640941,5000,-0.00747075469823797,-0.0056275576744857,0.95,ho_reconstruction,3,B
40,dev,0.0176166606130555,0.000479424845709402,5000,0.0166770051821714,0.0185563160439396,0.95,ho_reconstruction,3,B
40,chisq,0.0182707206621562,0.000477680898847209,5000,0.017334483304313,0.0192069580199995,0.95,ho_reconstruction,3,B
40,se,0.00231078526442664,0.000256902905186166,5000,0.00180726482273805,0.00281430570611523,0.95,ho_reconstruction,3,B
50,dev,0.0176044278076055,0.000471525778339958,5000,0.0166802542642769,0.018528601350934,0.95,ho_reconstruction,3,B
50,chisq,0.0183471787296329,0.000469109629805839,5000,0.0174277407504125,0.0192666167088532,0.95,ho_reconstruction,3,B
50,se,0.00218603704757108,0.000244737243301994,5000,0.00170636086502356,0.00266571323011861,0.95,ho_reconstruction,3,B
60,dev,0.0176850833895661,0.000472452016668325,5000,0.0167590944524729,0.0186110723266594,0.95,ho_reconstruction,3,B
60,chisq,0.0182190375192571,0.00046329451152587,5000,0.0173109969624313,0.0191270780760829,0.95,ho_reconstruction,3,B
60,se,0.00279769340903892,0.000263485884035418,5000,0.0022812705658948,0.00331411625218303,0.95,ho_reconstruction,3,B
70,dev,0.0175681271849864,0.000470469258055663,5000,0.016646024383364,0.0184902299866088,0.95,ho_reconstruction,3,B
70,chisq,0.0180978484714561,0.000460647432986483,5000,0.0171949960932318,0.0190007008496804,0.95,ho_reconstruction,3,B
70,se,0.00268428752144111,0.000266642216027223,5000,0.0021616783812698,0.00320689666161241,0.95,ho_reconstruction,3,B
80,dev,0.01751011243477,0.000468093142639854,5000,0.0165926667337857,0.0184275581357543,0.95,ho_reconstruction,3,B
80,chisq,0.0180560067850401,0.000459029122483829,5000,0.0171563262371168,0.0189556873329635,0.95,ho_reconstruction,3,B
80,se,0.00262508181091219,0.000255745075491209,5000,0.00212383067372594,0.00312633294809844,0.95,ho_reconstruction,3,B
90,dev,0.0174609869373775,0.000468802757786427,5000,0.016542150416263,0.0183798234584919,0.95,ho_reconstruction,3,B
90,chisq,0.0180322133629805,0.000460537410222662,5000,0.0171295766254108,0.0189348501005503,0.95,ho_reconstruction,3,B
90,se,0.00243731496802892,0.000246411817233735,5000,0.00195435668088574,0.00292027325517211,0.95,ho_reconstruction,3,B
100,dev,0.0174527239854551,0.000467556077264813,5000,0.0165363309132632,0.018369117057647,0.95,ho_reconstruction,3,B
100,chisq,0.0180278976341995,0.000459790742999896,5000,0.0171267243374948,0.0189290709309042,0.95,ho_reconstruction,3,B
100,se,0.00260976406210951,0.000252338960364544,5000,0.00211518878789872,0.0031043393363203,0.95,ho_reconstruction,3,B
10,dev,0.0135663823547196,0.00118758356190034,1000,0.0112387613447631,0.015894003364676,0.95,insample,4,B
10,chisq,0.0281344136136983,0.00206409661523523,1000,0.0240888585872262,0.0321799686401704,0.95,insample,4,B
10,se,-0.00761458592800056,0.00236413471052522,1000,-0.012248204815231,-0.00298096704077011,0.95,insample,4,B
20,dev,0.0201967588173989,0.00130428709557011,1000,0.0176404030845811,0.0227531145502166,0.95,insample,4,B
20,chisq,0.0295548763201964,0.00170777051077806,1000,0.0262077076252118,0.0329020450151809,0.95,insample,4,B
20,se,-0.0039142616456224,0.00175667990829852,1000,-0.00735729099825263,-0.000471232292992175,0.95,insample,4,B
30,dev,0.0201702679319334,0.00126100518958122,1000,0.0176987431760361,0.0226417926878307,0.95,insample,4,B
30,chisq,0.0236762254950873,0.00131624079748165,1000,0.021096440937041,0.0262560100531336,0.95,insample,4,B
30,se,-0.00204793606194258,0.00102542881471275,1000,-0.00405773960748917,-3.81325163959943e-05,0.95,insample,4,B
40,dev,0.0202711146914591,0.00117882271092627,1000,0.0179606646338857,0.0225815647490324,0.95,insample,4,B
40,chisq,0.0194921663637023,0.00106533892549846,1000,0.0174041404383967,0.0215801922890079,0.95,insample,4,B
40,se,0.00319744992527669,0.000713361325015167,1000,0.0017992874202832,0.00459561243027019,0.95,insample,4,B
50,dev,0.0208529106427251,0.00120081239363918,1000,0.018499361599003,0.0232064596864473,0.95,insample,4,B
50,chisq,0.0193934281345607,0.00103259009672883,1000,0.0173695887341794,0.0214172675349419,0.95,insample,4,B
50,se,0.00623656266350486,0.000745651085646056,1000,0.0047751133906054,0.00769801193640433,0.95,insample,4,B
60,dev,0.0207807159184378,0.00119400691909496,1000,0.01844050535972,0.0231209264771555,0.95,insample,4,B
60,chisq,0.0192985851151919,0.00102959428922518,1000,0.0172806173896225,0.0213165528407614,0.95,insample,4,B
60,se,0.00706770999532583,0.000798032917546586,1000,0.0055035942184571,0.00863182577219456,0.95,insample,4,B
70,dev,0.021398356854736,0.00122974032587619,1000,0.0189881101056821,0.0238086036037899,0.95,insample,4,B
70,chisq,0.0198315659263881,0.00104303218005551,1000,0.017787260418763,0.0218758714340132,0.95,insample,4,B
70,se,0.00690567927821911,0.000820903430124693,1000,0.00529673812038932,0.0085146204360489,0.95,insample,4,B
80,dev,0.0218569764673839,0.00123929911005923,1000,0.0194279948455953,0.0242859580891725,0.95,insample,4,B
80,chisq,0.0205567484592283,0.00107019937543117,1000,0.018459196227106,0.0226543006913507,0.95,insample,4,B
80,se,0.00777622661686678,0.000948645576160488,1000,0.00591691545349898,0.00963553778023459,0.95,insample,4,B
90,dev,0.0213854683975932,0.00122390963671027,1000,0.0189866495893096,0.0237842872058768,0.95,insample,4,B
90,chisq,0.0199751515645174,0.00106531288012622,1000,0.0178871766872034,0.0220631264418315,0.95,insample,4,B
90,se,0.00684481673270592,0.000809658529182123,1000,0.00525791517573329,0.00843171828967855,0.95,insample,4,B
100,dev,0.0217534293141082,0.00122646947702742,1000,0.0193495933109967,0.0241572653172196,0.95,insample,4,B
100,chisq,0.0201533825015415,0.00105571430861061,1000,0.0180842204787012,0.0222225445243819,0.95,insample,4,B
100,se,0.00773594132851139,0.000828910395667781,1000,0.00611130680659169,0.00936057585043108,0.95,insample,4,B
10,dev,0.0120087773270517,0.000489971019052842,5000,0.0110484517762397,0.0129691028778636,0.95,ho_reconstruction,4,B
10,chisq,0.0268274865215763,0.000942884454805845,5000,0.0249794669485741,0.0286755060945784,0.95,ho_reconstruction,4,B
10,se,-0.00937163755889016,0.000984049469841675,5000,-0.0113003390787856,-0.00744293603899474,0.95,ho_reconstruction,4,B
20,dev,0.0180100945174194,0.000555718238113317,5000,0.0169209067851653,0.0190992822496736,0.95,ho_reconstruction,4,B
20,chisq,0.0275589151302366,0.000774319105317964,5000,0.0260412775712721,0.0290765526892011,0.95,ho_reconstruction,4,B
20,se,-0.00754577121510347,0.000810595894283901,5000,-0.00913450997391595,-0.00595703245629098,0.95,ho_reconstruction,4,B
30,dev,0.0188336590969692,0.00053561518115639,5000,0.0177838726323298,0.0198834455616086,0.95,ho_reconstruction,4,B
30,chisq,0.0228605837257303,0.000607639989884335,5000,0.0216696312299907,0.0240515362214698,0.95,ho_reconstruction,4,B
30,se,-0.00354640265014302,0.000466670470561713,5000,-0.00446105996509233,-0.0026317453351937,0.95,ho_reconstruction,4,B
40,dev,0.0189382992917543,0.000499061576477326,5000,0.0179601565757909,0.0199164420077176,0.95,ho_reconstruction,4,B
40,chisq,0.0197733341147928,0.000491418280985511,5000,0.0188101719827167,0.020736496246869,0.95,ho_reconstruction,4,B
40,se,0.000773216869925004,0.000312762894055481,5000,0.000160212861875745,0.00138622087797426,0.95,ho_reconstruction,4,B
50,dev,0.0188670214039345,0.000480577426399355,5000,0.0179251069564088,0.0198089358514601,0.95,ho_reconstruction,4,B
50,chisq,0.0187136282127737,0.000437919234654846,5000,0.0178553222847128,0.0195719341408345,0.95,ho_reconstruction,4,B
50,se,0.00332098034420036,0.000274678784668625,5000,0.00278261981893262,0.0038593408694681,0.95,ho_reconstruction,4,B
60,dev,0.0187616960010118,0.000477179859637273,5000,0.0178264406619749,0.0196969513400488,0.95,ho_reconstruction,4,B
60,chisq,0.0187000259302354,0.000437560004743554,5000,0.0178424240798628,0.0195576277806079,0.95,ho_reconstruction,4,B
60,se,0.00342381191008307,0.000281212985050677,5000,0.00287264458739874,0.0039749792327674,0.95,ho_reconstruction,4,B
70,dev,0.0188717406187131,0.000479816919562964,5000,0.0179313167371968,0.0198121645002295,0.95,ho_reconstruction,4,B
70,chisq,0.0187626940260656,0.000437783634631546,5000,0.0179046538691668,0.0196207341829645,0.95,ho_reconstruction,4,B
70,se,0.003436301094404,0.000274485885326361,5000,0.00289831864489974,0.00397428354390826,0.95,ho_reconstruction,4,B
80,dev,0.0187883182935899,0.000478470905132094,5000,0.0178505325518807,0.0197261040352991,0.95,ho_reconstruction,4,B
80,chisq,0.0186533902943695,0.000435550310481561,5000,0.0177997273723704,0.0195070532163686,0.95,ho_reconstruction,4,B
80,se,0.00355517983047563,0.000276078263877716,5000,0.00301407637636097,0.0040962832845903,0.95,ho_reconstruction,4,B
90,dev,0.0187644022666246,0.00047569402910016,5000,0.0178320591019275,0.0196967454313216,0.95,ho_reconstruction,4,B
90,chisq,0.0185333401663467,0.000430339918739457,5000,0.0176898894245074,0.0193767909081859,0.95,ho_reconstruction,4,B
90,se,0.00371820044185875,0.000274326801550818,5000,0.00318052979082507,0.00425587109289242,0.95,ho_reconstruction,4,B
100,dev,0.0188319522696656,0.00047542491059607,5000,0.0179001365675441,0.0197637679717871,0.95,ho_reconstruction,4,B
100,chisq,0.0186098993057897,0.000430815559998162,5000,0.0177655163242139,0.0194542822873656,0.95,ho_reconstruction,4,B
100,se,0.00390024556920375,0.000287715459448565,5000,0.00333633363088917,0.00446415750751833,0.95,ho_reconstruction,4,B
10,dev,0.01256652358481,0.00108502608931625,1000,0.0104399115274638,0.0146931356421562,0.95,insample,5,B
10,chisq,0.0256142305370474,0.00183999072205358,1000,0.0220079149899345,0.0292205460841603,0.95,insample,5,B
10,se,-0.0125991638248055,0.00230113757341216,1000,-0.0171093105921652,-0.00808901705744579,0.95,insample,5,B
20,dev,0.0165675263086635,0.0011698381218707,1000,0.0142746857220549,0.018860366895272,0.95,insample,5,B
20,chisq,0.0245070394343205,0.00149145458837405,1000,0.0215838421565303,0.0274302367121106,0.95,insample,5,B
20,se,-0.0108028869564806,0.00193263049098619,1000,-0.0145907731142375,-0.00701500079872374,0.95,insample,5,B
30,dev,0.0189355850733899,0.00114350401972046,1000,0.016694358378561,0.0211768117682188,0.95,insample,5,B
30,chisq,0.0217887623013937,0.00122925840609977,1000,0.0193794600977451,0.0241980645050424,0.95,insample,5,B
30,se,-0.00313410304085976,0.00107402258863306,1000,-0.00523914863316304,-0.00102905744855647,0.95,insample,5,B
40,dev,0.0204399494481728,0.00112342584976074,1000,0.0182380752433405,0.0226418236530052,0.95,insample,5,B
40,chisq,0.018983072296755,0.000982994487839392,1000,0.0170564385035884,0.0209097060899216,0.95,insample,5,B
40,se,0.0048049482224834,0.000841671981730224,1000,0.0031553014514957,0.00645459499347109,0.95,insample,5,B
50,dev,0.0199379953675061,0.00112375723113237,1000,0.0177354716671202,0.022140519067892,0.95,insample,5,B
50,chisq,0.0187731807318992,0.00100455974582132,1000,0.0168042798097707,0.0207420816540277,0.95,insample,5,B
50,se,0.00427585212687668,0.000735850636082938,1000,0.00283361138215323,0.00571809287160013,0.95,insample,5,B
60,dev,0.0206115095593057,0.00113902444572753,1000,0.018379062668169,0.0228439564504424,0.95,insample,5,B
60,chisq,0.0192758864623335,0.000993594509096468,1000,0.0173284770092677,0.0212232959153993,0.95,insample,5,B
60,se,0.00670264649719166,0.000911404925103336,1000,0.0049163256686567,0.00848896732572662,0.95,insample,5,B
70,dev,0.0203192862033468,0.00111755690445804,1000,0.018128914919935,0.0225096574867586,0.95,insample,5,B
70,chisq,0.0185910597045484,0.000959783642525556,1000,0.0167099183322476,0.0204722010768492,0.95,insample,5,B
70,se,0.00663143762302032,0.00100147680347141,1000,0.00466857915686406,0.00859429608917659,0.95,insample,5,B
80,dev,0.0209153283610227,0.00112832645405431,1000,0.0187038491482725,0.023126807573773,0.95,insample,5,B
80,chisq,0.0192499054104648,0.000982662302757218,1000,0.0173239226880955,0.0211758881328342,0.95,insample,5,B
80,se,0.00739634266274206,0.000887563061411826,1000,0.00565675102836677,0.00913593429711735,0.95,insample,5,B
90,dev,0.0207336796522584,0.00115238290449982,1000,0.0184750506630391,0.0229923086414778,0.95,insample,5,B
90,chisq,0.0190077593316267,0.00100128776077338,1000,0.0170452713823501,0.0209702472809032,0.95,insample,5,B
90,se,0.00796736342163152,0.000995856785500416,1000,0.00601551998829087,0.00991920685497216,0.95,insample,5,B
100,dev,0.0204024816270472,0.00114137401050699,1000,0.0181654296735635,0.022639533580531,0.95,insample,5,B
100,chisq,0.0187465141858386,0.000996936168446963,1000,0.0167925552007972,0.02070047317088,0.95,insample,5,B
100,se,0.00819130328849864,0.00104294009067471,1000,0.00614717827274327,0.010235428304254,0.95,insample,5,B
10,dev,0.0117920460344089,0.000516630674555521,5000,0.0107794685189715,0.0128046235498464,0.95,ho_reconstruction,5,B
10,chisq,0.0282040036926669,0.00106623392912491,5000,0.0261142235924875,0.0302937837928464,0.95,ho_reconstruction,5,B
10,se,-0.0104950274006706,0.000993367450355713,5000,-0.0124419918267822,-0.00854806297455906,0.95,ho_reconstruction,5,B
20,dev,0.0161843949314977,0.0005819263166089,5000,0.0150438403092882,0.0173249495537072,0.95,ho_reconstruction,5,B
20,chisq,0.0272237125110798,0.000900291862866917,5000,0.0254591728842861,0.0289882521378734,0.95,ho_reconstruction,5,B
20,se,-0.0130529999980704,0.000854203903302638,5000,-0.0147272088839971,-0.0113787911121437,0.95,ho_reconstruction,5,B
30,dev,0.0190199032990036,0.000595678580996807,5000,0.0178523947338879,0.0201874118641193,0.95,ho_reconstruction,5,B
30,chisq,0.0242168282868562,0.000731486592925994,5000,0.0227831409095473,0.025650515664165,0.95,ho_reconstruction,5,B
30,se,-0.0042099707166029,0.000600478201863304,5000,-0.00538688636575634,-0.00303305506744945,0.95,ho_reconstruction,5,B
40,dev,0.019697783701224,0.000521249539412809,5000,0.0186761533770168,0.0207194140254312,0.95,ho_reconstruction,5,B
40,chisq,0.0206871905785706,0.000518328202605449,5000,0.0196712859692925,0.0217030951878487,0.95,ho_reconstruction,5,B
40,se,0.00344396913503528,0.00044643856742684,5000,0.00256896562156902,0.00431897264850155,0.95,ho_reconstruction,5,B
50,dev,0.0193800202215283,0.000512068600821746,5000,0.0183763842063038,0.0203836562367527,0.95,ho_reconstruction,5,B
50,chisq,0.0208598481000311,0.000524560179424892,5000,0.0198317290406344,0.0218879671594277,0.95,ho_reconstruction,5,B
50,se,0.00273945428519075,0.000461715073293317,5000,0.00183450937041658,0.00364439919996493,0.95,ho_reconstruction,5,B
60,dev,0.0195719787559892,0.000516041598901042,5000,0.0185605558076187,0.0205834017043597,0.95,ho_reconstruction,5,B
60,chisq,0.0203932497280497,0.000505774471207248,5000,0.0194019499801837,0.0213845494759157,0.95,ho_reconstruction,5,B
60,se,0.00466085106912761,0.000501583664312558,5000,0.00367776515184137,0.00564393698641386,0.95,ho_reconstruction,5,B
70,dev,0.0194704286163269,0.000510366293824146,5000,0.0184701290615084,0.0204707281711454,0.95,ho_reconstruction,5,B
70,chisq,0.0202923030061176,0.000502361737620298,5000,0.0193076920931708,0.0212769139190643,0.95,ho_reconstruction,5,B
70,se,0.00432580284377058,0.000435408642234034,5000,0.00347241758643439,0.00517918810110677,0.95,ho_reconstruction,5,B
80,dev,0.0194564769682821,0.00050991041235595,5000,0.0184570709247225,0.0204558830118418,0.95,ho_reconstruction,5,B
80,chisq,0.0202921499154694,0.000500775605594944,5000,0.0193106477641671,0.0212736520667718,0.95,ho_reconstruction,5,B
80,se,0.00442692445399765,0.000466026196125593,5000,0.00351352989373929,0.00534031901425601,0.95,ho_reconstruction,5,B
90,dev,0.0193845571217576,0.00050719417191615,5000,0.0183904748116333,0.0203786394318818,0.95,ho_reconstruction,5,B
90,chisq,0.0202570043617059,0.000499468700200866,5000,0.0192780636979072,0.0212359450255047,0.95,ho_reconstruction,5,B
90,se,0.0042851580329176,0.000449684547702435,5000,0.00340379251501664,0.00516652355081855,0.95,ho_reconstruction,5,B
100,dev,0.019202403865424,0.000508227911336398,5000,0.0182062954632667,0.0201985122675814,0.95,ho_reconstruction,5,B
100,chisq,0.0200657665850115,0.000501312673254071,5000,0.01908321180044,0.021048321369583,0.95,ho_reconstruction,5,B
100,se,0.00441787263130581,0.000439626724644037,5000,0.00355622008436219,0.00527952517824943,0.95,ho_reconstruction,5,B
10,dev,0.0151952474295829,0.00120187659456658,1000,0.0128396125903708,0.0175508822687951,0.95,insample,6,B
10,chisq,0.0327524416867789,0.00250294736503224,1000,0.0278467549961163,0.0376581283774415,0.95,insample,6,B
10,se,-0.00984570058362235,0.00194518339280671,1000,-0.0136581899768489,-0.00603321119039577,0.95,insample,6,B
20,dev,0.0186255105195211,0.00125284721836475,1000,0.016169975093395,0.0210810459456472,0.95,insample,6,B
20,chisq,0.029209832807048,0.00179515145170742,1000,0.0256914006149067,0.0327282649991894,0.95,insample,6,B
20,se,-0.0147671900244866,0.00187636280119837,1000,-0.0184447935367661,-0.0110895865122071,0.95,insample,6,B
30,dev,0.0198886840606797,0.00124287945735282,1000,0.0174526850871435,0.022324683034216,0.95,insample,6,B
30,chisq,0.0244235043535909,0.0014539360044485,1000,0.0215738421490458,0.027273166558136,0.95,insample,6,B
30,se,-0.00563495220887823,0.00116340616813434,1000,-0.00791518639781328,-0.00335471801994317,0.95,insample,6,B
40,dev,0.020958402379122,0.00117728615288546,1000,0.0186509639199688,0.0232658408382753,0.95,insample,6,B
40,chisq,0.0211242038324692,0.00116147815008375,1000,0.0188477484894749,0.0234006591754636,0.95,insample,6,B
40,se,0.00422220678383305,0.0008552252972104,1000,0.0025459960026331,0.005898417565033,0.95,insample,6,B
50,dev,0.0215733510117132,0.00118467287004673,1000,0.0192514348529599,0.0238952671704665,0.95,insample,6,B
50,chisq,0.0213279248011147,0.00113272046258555,1000,0.0191078334898954,0.0235480161123339,0.95,insample,6,B
50,se,0.00669636727216424,0.00100766504739528,1000,0.00472138007078965,0.00867135447353884,0.95,insample,6,B
60,dev,0.0219075661082456,0.00119694193820533,1000,0.0195616030177776,0.0242535291987136,0.95,insample,6,B
60,chisq,0.0217825919421963,0.00116846726013473,1000,0.0194924381952181,0.0240727456891746,0.95,insample,6,B
60,se,0.00676194243740252,0.00106680114700034,1000,0.00467105061061583,0.0088528342641892,0.95,insample,6,B
70,dev,0.0212568565491087,0.00117785721577332,1000,0.0189482988272624,0.0235654142709551,0.95,insample,6,B
70,chisq,0.0205149873564514,0.00110211623223069,1000,0.0183548792345023,0.0226750954784006,0.95,insample,6,B
70,se,0.00882176464029265,0.00119503993933896,1000,0.00647952939910137,0.0111639998814839,0.95,insample,6,B
80,dev,0.0217487051106899,0.00122324906312354,1000,0.0193511810028454,0.0241462292185344,0.95,insample,6,B
80,chisq,0.0212355430962747,0.00117646360938206,1000,0.0189297167927639,0.0235413693997856,0.95,insample,6,B
80,se,0.00855177888649331,0.00115695250627844,1000,0.00628419364236421,0.0108193641306224,0.95,insample,6,B
90,dev,0.0213618509194671,0.00118544169947923,1000,0.0190384278827159,0.0236852739562184,0.95,insample,6,B
90,chisq,0.0208412421370164,0.00111971323722917,1000,0.0186466445190344,0.0230358397549983,0.95,insample,6,B
90,se,0.00775604704913906,0.00108513354119197,1000,0.00562922438998639,0.00988286970829173,0.95,insample,6,B
100,dev,0.0219144512722919,0.00121660317941066,1000,0.01952995285717,0.0242989496874137,0.95,insample,6,B
100,chisq,0.0214536262302593,0.00117535976862781,1000,0.0191499634148714,0.0237572890456471,0.95,insample,6,B
100,se,0.00861436358320996,0.00117370184436454,1000,0.00631395023966722,0.0109147769267527,0.95,insample,6,B
10,dev,0.0128202697999502,0.00052463950547525,5000,0.0117919952643518,0.0138485443355486,0.95,ho_reconstruction,6,B
10,chisq,0.0293990703247801,0.00107160595607161,5000,0.0272987612452612,0.0314993794042991,0.95,ho_reconstruction,6,B
10,se,-0.00993358418253169,0.000980959857048693,5000,-0.0118562301726267,-0.00801093819243669,0.95,ho_reconstruction,6,B
20,dev,0.0180844385670138,0.000596064991175902,5000,0.0169161726518638,0.0192527044821638,0.95,ho_reconstruction,6,B
20,chisq,0.0296730399555879,0.000890287989391745,5000,0.0279281075605115,0.0314179723506643,0.95,ho_reconstruction,6,B
20,se,-0.0108441249294891,0.00143945592401838,5000,-0.0136654066978979,-0.00802284316108021,0.95,ho_reconstruction,6,B
30,dev,0.0188548924873295,0.000566762554782733,5000,0.0177440582921694,0.0199657266824895,0.95,ho_reconstruction,6,B
30,chisq,0.0251097548964305,0.000702503371848184,5000,0.0237328735885901,0.0264866362042709,0.95,ho_reconstruction,6,B
30,se,-0.00578226499324909,0.000531287436624939,5000,-0.00682356923447257,-0.0047409607520256,0.95,ho_reconstruction,6,B
40,dev,0.0196946281234425,0.000523814479690715,5000,0.0186679706086681,0.0207212856382169,0.95,ho_reconstruction,6,B
40,chisq,0.0214261045931805,0.000547335785951294,5000,0.020353346165266,0.0224988630210949,0.95,ho_reconstruction,6,B
40,se,0.00305118059053317,0.000759450934710756,5000,0.00156268411047481,0.00453967707059153,0.95,ho_reconstruction,6,B
50,dev,0.0195914934409192,0.000510504052782994,5000,0.0185909238835028,0.0205920629983356,0.95,ho_reconstruction,6,B
50,chisq,0.0209134916208067,0.000516258869243978,5000,0.0199016428303892,0.0219253404112243,0.95,ho_reconstruction,6,B
50,se,0.00403633174934398,0.000636014088077649,5000,0.0027897670430517,0.00528289645563625,0.95,ho_reconstruction,6,B
60,dev,0.0197813240164547,0.000510348001124945,5000,0.0187810603146678,0.0207815877182416,0.95,ho_reconstruction,6,B
60,chisq,0.0212439031403395,0.000519798779189699,5000,0.0202251162539198,0.0222626900267592,0.95,ho_reconstruction,6,B
60,se,0.0035976952911472,0.00055485564510314,5000,0.00251019821012631,0.00468519237216809,0.95,ho_reconstruction,6,B
70,dev,0.0196102626909774,0.000502829104894194,5000,0.0186247357550063,0.0205957896269485,0.95,ho_reconstruction,6,B
70,chisq,0.0207436104176625,0.00049910395775043,5000,0.0197653846359302,0.0217218361993947,0.95,ho_reconstruction,6,B
70,se,0.00470503165365124,0.00075247113779928,5000,0.00323021532415878,0.00617984798314371,0.95,ho_reconstruction,6,B
80,dev,0.0196738849513828,0.000505243837493561,5000,0.0186836252264846,0.020664144676281,0.95,ho_reconstruction,6,B
80,chisq,0.0209314409273376,0.000508040220549656,5000,0.0199357003923625,0.0219271814623127,0.95,ho_reconstruction,6,B
80,se,0.00407404637096679,0.000590108636730896,5000,0.0029174546960082,0.00523063804592537,0.95,ho_reconstruction,6,B
90,dev,0.0194477197779922,0.000501324117087044,5000,0.0184651425639202,0.0204302969920641,0.95,ho_reconstruction,6,B
90,chisq,0.0206682032494642,0.000501102007725933,5000,0.0196860613617407,0.0216503451371877,0.95,ho_reconstruction,6,B
90,se,0.0043322294001717,0.00065530545003128,5000,0.00304785431923758,0.00561660448110582,0.95,ho_reconstruction,6,B
100,dev,0.0194466307423113,0.000505802815474525,5000,0.0184552754407022,0.0204379860439203,0.95,ho_reconstruction,6,B
100,chisq,0.0205921677688072,0.00050338881081958,5000,0.0196055438293804,0.021578791708234,0.95,ho_reconstruction,6,B
100,se,0.00467728840282746,0.000637052080681748,5000,0.00342868926841493,0.00592588753723999,0.95,ho_reconstruction,6,B
10,dev,0.0170233542220974,0.00138371822600757,1000,0.0143113163343709,0.0197353921098239,0.95,insample,7,B
10,chisq,0.0322456089643073,0.00225427866200558,1000,0.0278273039756592,0.0366639139529554,0.95,insample,7,B
10,se,-0.0139550998427469,0.00261706567573485,1000,-0.0190844543123631,-0.00882574537313059,0.95,insample,7,B
20,dev,0.0237984071816057,0.00145099075221239,1000,0.0209545175653687,0.0266422967978426,0.95,insample,7,B
20,chisq,0.0328497458963734,0.00183259949995586,1000,0.0292579168783738,0.036441574914373,0.95,insample,7,B
20,se,-0.00751400986336801,0.00221750327029863,1000,-0.0118602364087531,-0.0031677833179829,0.95,insample,7,B
30,dev,0.0246431068054975,0.00141362344306315,1000,0.0218724557693922,0.0274137578416028,0.95,insample,7,B
30,chisq,0.0268211165096784,0.00140832943505565,1000,0.0240608415386017,0.0295813914807551,0.95,insample,7,B
30,se,-0.000536416483849264,0.00175107902061737,1000,-0.00396846829834297,0.00289563533064444,0.95,insample,7,B
40,dev,0.0244161342486232,0.00133207962319003,1000,0.0218053061626311,0.0270269623346154,0.95,insample,7,B
40,chisq,0.0220991627353432,0.00112886347502007,1000,0.0198866309808411,0.0243116944898453,0.95,insample,7,B
40,se,0.00795747652118431,0.0014593979440991,1000,0.00509710911163827,0.0108178439307304,0.95,insample,7,B
50,dev,0.0246062952366714,0.00133438231998429,1000,0.0219909539478952,0.0272216365254476,0.95,insample,7,B
50,chisq,0.0216540115864297,0.00110008728015904,1000,0.0194978801374674,0.0238101430353921,0.95,insample,7,B
50,se,0.0102685901500505,0.00173887282753851,1000,0.00686046203437968,0.0136767182657213,0.95,insample,7,B
60,dev,0.024881602756346,0.00137246134900209,1000,0.0221916279421286,0.0275715775705633,0.95,insample,7,B
60,chisq,0.0223068120881872,0.00113441723546462,1000,0.0200833951632351,0.0245302290131394,0.95,insample,7,B
60,se,0.0104702857855454,0.00176429428663534,1000,0.00701233252561037,0.0139282390454805,0.95,insample,7,B
70,dev,0.0251304823113168,0.00136349062822743,1000,0.0224580897867332,0.0278028748359005,0.95,insample,7,B
70,chisq,0.02235309668546,0.00111083210619958,1000,0.020175905764438,0.0245302876064819,0.95,insample,7,B
70,se,0.0110485330187302,0.00148217295305886,1000,0.00814352741187551,0.013953538625585,0.95,insample,7,B
80,dev,0.024952236153451,0.00134213500200689,1000,0.0223216998871269,0.0275827724197751,0.95,insample,7,B
80,chisq,0.0224330163044915,0.0011172398719979,1000,0.0202432663932834,0.0246227662156995,0.95,insample,7,B
80,se,0.0107725292789267,0.00160518089914855,1000,0.00762643252792394,0.0139186260299295,0.95,insample,7,B
90,dev,0.0254781603979178,0.00138278716285358,1000,0.0227679473604404,0.0281883734353951,0.95,insample,7,B
90,chisq,0.0225925044535039,0.00112545959244275,1000,0.020386644186261,0.0247983647207469,0.95,insample,7,B
90,se,0.0123068330861706,0.00183384693581013,1000,0.0087125591388236,0.0159011070335176,0.95,insample,7,B
100,dev,0.0248617591251673,0.0013557208623018,1000,0.0222045950619662,0.0275189231883685,0.95,insample,7,B
100,chisq,0.0225007249126611,0.00114995274628261,1000,0.0202468589460242,0.0247545908792979,0.95,insample,7,B
100,se,0.0104800769074042,0.00169758822854812,1000,0.00715286511887072,0.0138072886959377,0.95,insample,7,B
10,dev,0.0148547024216966,0.000546308496788699,5000,0.0137839574435426,0.0159254473998507,0.95,ho_reconstruction,7,B
10,chisq,0.0308239758191913,0.00101084797745749,5000,0.0288427501895294,0.0328052014488531,0.95,ho_reconstruction,7,B
10,se,-0.0131456604157142,0.00113713829666882,5000,-0.0153744105226263,-0.010916910308802,0.95,ho_reconstruction,7,B
20,dev,0.0208351169441068,0.00060059982837574,5000,0.0196579629113694,0.0220122709768442,0.95,ho_reconstruction,7,B
20,chisq,0.0316119818099896,0.000848988511624931,5000,0.0299479949039165,0.0332759687160627,0.95,ho_reconstruction,7,B
20,se,-0.00727515867201916,0.000941465254069192,5000,-0.00912039666269063,-0.0054299206813477,0.95,ho_reconstruction,7,B
30,dev,0.0226866696399328,0.000627067904300752,5000,0.0214576391316423,0.0239157001482233,0.95,ho_reconstruction,7,B
30,chisq,0.0264042970089688,0.00068960601337136,5000,0.0250526940592387,0.0277558999586989,0.95,ho_reconstruction,7,B
30,se,6.56236804153922e-06,0.000538195761394501,5000,-0.00104828194092379,0.00106140667700687,0.95,ho_reconstruction,7,B
40,dev,0.0225639033965105,0.000562196185514612,5000,0.0214620191206561,0.023665787672365,0.95,ho_reconstruction,7,B
40,chisq,0.0221317986523711,0.000523122400120038,5000,0.0211064975886297,0.0231570997161125,0.95,ho_reconstruction,7,B
40,se,0.00488683790585444,0.000397789432651776,5000,0.00410718494442634,0.00566649086728254,0.95,ho_reconstruction,7,B
50,dev,0.0220996583517289,0.000551042176057578,5000,0.0210196355326935,0.0231796811707643,0.95,ho_reconstruction,7,B
50,chisq,0.0212672464040882,0.000496451517590202,5000,0.0202942193095412,0.0222402734986353,0.95,ho_reconstruction,7,B
50,se,0.00565429748333548,0.000369110270763533,5000,0.00493085464631513,0.00637774032035583,0.95,ho_reconstruction,7,B
60,dev,0.0216533039582049,0.000547928311681365,5000,0.0205793842011996,0.0227272237152102,0.95,ho_reconstruction,7,B
60,chisq,0.0208658117719034,0.000500330747576944,5000,0.0198851815262946,0.0218464420175123,0.95,ho_reconstruction,7,B
60,se,0.00521706392213378,0.000376808691984193,5000,0.00447853245678312,0.00595559538748445,0.95,ho_reconstruction,7,B
70,dev,0.021849531855525,0.00054840583802468,5000,0.0207746761640851,0.0229243875469649,0.95,ho_reconstruction,7,B
70,chisq,0.0210349628515057,0.000493221777761302,5000,0.0200682659307027,0.0220016597723086,0.95,ho_reconstruction,7,B
70,se,0.00566520461192752,0.000378175993023982,5000,0.00492399328578285,0.0064064159380722,0.95,ho_reconstruction,7,B
80,dev,0.021869788744164,0.000547533461813351,5000,0.0207966428786793,0.0229429346096487,0.95,ho_reconstruction,7,B
80,chisq,0.0209149003399589,0.000489119266258896,5000,0.0199562441939468,0.021873556485971,0.95,ho_reconstruction,7,B
80,se,0.00565448396613178,0.000380588432875343,5000,0.00490854434476356,0.00640042358749999,0.95,ho_reconstruction,7,B
90,dev,0.0219204613046964,0.0005471745040992,5000,0.0208480189834034,0.0229929036259894,0.95,ho_reconstruction,7,B
90,chisq,0.021104002163357,0.00049284464299808,5000,0.0201380444131073,0.0220699599136067,0.95,ho_reconstruction,7,B
90,se,0.00591752675182517,0.000386454660903897,5000,0.00516008953479589,0.00667496396885445,0.95,ho_reconstruction,7,B
100,dev,0.0217943144094797,0.000544390973560785,5000,0.0207273277077919,0.0228613011111676,0.95,ho_reconstruction,7,B
100,chisq,0.021007783304495,0.000490391117354773,5000,0.0200466343761413,0.0219689322328487,0.95,ho_reconstruction,7,B
100,se,0.00569392412450931,0.000365858020756709,5000,0.00497685558037105,0.00641099266864757,0.95,ho_reconstruction,7,B
10,dev,0.0138066515758557,0.00136411017873197,1000,0.0111330447545965,0.0164802583971148,0.95,insample,8,B
10,chisq,0.030296072328684,0.00276094029203402,1000,0.0248847287928318,0.0357074158645362,0.95,insample,8,B
10,se,-0.0150844409853033,0.00231754168962994,1000,-0.0196267392296481,-0.0105421427409585,0.95,insample,8,B
20,dev,0.019704006889899,0.00156553695270955,1000,0.0166356108461217,0.0227724029336763,0.95,insample,8,B
20,chisq,0.0306994305200454,0.00227369039138013,1000,0.0262430792409456,0.0351557817991452,0.95,insample,8,B
20,se,-0.0090402189453449,0.00200271925390349,1000,-0.0129654765541407,-0.00511496133654913,0.95,insample,8,B
30,dev,0.0218812013026522,0.00139553143886028,1000,0.0191460099431927,0.0246163926621117,0.95,insample,8,B
30,chisq,0.0260252228780698,0.00165043534014787,1000,0.0227904290525678,0.0292600167035717,0.95,insample,8,B
30,se,-0.00238371775582264,0.00103217793160997,1000,-0.00440674932741522,-0.000360686184230053,0.95,insample,8,B
40,dev,0.020981223079173,0.00123530871916683,1000,0.0185600624798177,0.0234023836785283,0.95,insample,8,B
40,chisq,0.0211486785844264,0.00121018206071451,1000,0.0187767653306895,0.0235205918381633,0.95,insample,8,B
40,se,0.00441887247470888,0.000999211298634235,1000,0.00246045431644029,0.00637729063297748,0.95,insample,8,B
50,dev,0.0213244671174921,0.00126093821360101,1000,0.0188530736321038,0.0237958606028803,0.95,insample,8,B
50,chisq,0.0209726605115039,0.00120223128527064,1000,0.0186163304912862,0.0233289905317217,0.95,insample,8,B
50,se,0.00756600681682265,0.00131124623303212,1000,0.00499601142521588,0.0101360022084294,0.95,insample,8,B
60,dev,0.021535805142886,0.00125538496733429,1000,0.0190752958201778,0.0239963144655942,0.95,insample,8,B
60,chisq,0.0212460880307625,0.00121135621582033,1000,0.018871873475306,0.0236203025862191,0.95,insample,8,B
60,se,0.00727472711589785,0.00113119545383518,1000,0.00505762476690545,0.00949182946489025,0.95,insample,8,B
70,dev,0.0217835413386681,0.00128332810777433,1000,0.0192682644670825,0.0242988182102537,0.95,insample,8,B
70,chisq,0.0218618918883268,0.00126419176908219,1000,0.0193841215513737,0.0243396622252798,0.95,insample,8,B
70,se,0.00761849194775628,0.00123545762449521,1000,0.00519703949932025,0.0100399443961923,0.95,insample,8,B
80,dev,0.0216556522979371,0.00129012195931149,1000,0.0191270597220223,0.0241842448738519,0.95,insample,8,B
80,chisq,0.0216387470541967,0.00125417351526114,1000,0.0191806121339208,0.0240968819744725,0.95,insample,8,B
80,se,0.00631860817787556,0.00123531455203962,1000,0.00389743614629967,0.00873978020945144,0.95,insample,8,B
90,dev,0.0216549090105743,0.00128042127306363,1000,0.0191453294303307,0.024164488590818,0.95,insample,8,B
90,chisq,0.0211570657902327,0.00123125756146953,1000,0.0187438453140598,0.0235702862664056,0.95,insample,8,B
90,se,0.00792867701353004,0.00141193487994666,1000,0.00516133550031871,0.0106960185267414,0.95,insample,8,B
100,dev,0.021693919124847,0.0012894672144026,1000,0.0191666098253727,0.0242212284243213,0.95,insample,8,B
100,chisq,0.0212684156271138,0.00123774332037278,1000,0.0188424832970781,0.0236943479571495,0.95,insample,8,B
100,se,0.00861880064484296,0.00134135076282443,1000,0.00598980145907175,0.0112477998306142,0.95,insample,8,B
10,dev,0.0134390453153654,0.00054538972890206,5000,0.0123701010891793,0.0145079895415515,0.95,ho_reconstruction,8,B
10,chisq,0.0305202963952148,0.00106109931948878,5000,0.0284405799449968,0.0326000128454328,0.95,ho_reconstruction,8,B
10,se,-0.0144075768411937,0.0010538530484517,5000,-0.0164730908611568,-0.0123420628212306,0.95,ho_reconstruction,8,B
20,dev,0.019065768463271,0.00059366035447905,5000,0.0179022155494428,0.0202293213770992,0.95,ho_reconstruction,8,B
20,chisq,0.0311602820568091,0.000871768785319493,5000,0.0294516466347367,0.0328689174788815,0.95,ho_reconstruction,8,B
20,se,-0.011552865137275,0.000914375650188017,5000,-0.0133450084799839,-0.00976072179456605,0.95,ho_reconstruction,8,B
30,dev,0.0230413170317269,0.000606439296846257,5000,0.0218527178510985,0.0242299162123554,0.95,ho_reconstruction,8,B
30,chisq,0.0283074275143408,0.000707705780474163,5000,0.0269203496729606,0.029694505355721,0.95,ho_reconstruction,8,B
30,se,-0.001817261671183,0.000508695753775462,5000,-0.00281428702767136,-0.000820236314694644,0.95,ho_reconstruction,8,B
40,dev,0.022340068782221,0.000553577650367623,5000,0.0212550765248541,0.0234250610395878,0.95,ho_reconstruction,8,B
40,chisq,0.0233965672696531,0.000540787250397197,5000,0.0223366437355761,0.02445649080373,0.95,ho_reconstruction,8,B
40,se,0.00520234374630137,0.000747911563455651,5000,0.00373646401830725,0.00666822347429549,0.95,ho_reconstruction,8,B
50,dev,0.0219845045271532,0.000547596770780173,5000,0.0209112345783736,0.0230577744759327,0.95,ho_reconstruction,8,B
50,chisq,0.0226962536851719,0.000524413263724331,5000,0.0216684225752571,0.0237240847950867,0.95,ho_reconstruction,8,B
50,se,0.00630902068591592,0.000857178797347066,5000,0.00462898111480431,0.00798906025702753,0.95,ho_reconstruction,8,B
60,dev,0.021958703416647,0.000546777086783383,5000,0.0208870400189798,0.0230303668143141,0.95,ho_reconstruction,8,B
60,chisq,0.0225806613642714,0.000522188580018273,5000,0.0215571905542974,0.0236041321742453,0.95,ho_reconstruction,8,B
60,se,0.00604433851808322,0.00070772753671612,5000,0.00465721803525238,0.00743145900091407,0.95,ho_reconstruction,8,B
70,dev,0.0219974930617772,0.000544175611941474,5000,0.0209309284611069,0.0230640576624476,0.95,ho_reconstruction,8,B
70,chisq,0.0227425674315047,0.000521096262397457,5000,0.0217212375247273,0.0237638973382822,0.95,ho_reconstruction,8,B
70,se,0.00583419752674115,0.00063586224051273,5000,0.00458793043620726,0.00708046461727505,0.95,ho_reconstruction,8,B
80,dev,0.0217226788559704,0.000543563765853217,5000,0.0206573134515971,0.0227880442603437,0.95,ho_reconstruction,8,B
80,chisq,0.0223955343581563,0.000520521548936045,5000,0.0213753308690647,0.023415737847248,0.95,ho_reconstruction,8,B
80,se,0.00588162946313686,0.000777561461296193,5000,0.00435763700322999,0.00740562192304374,0.95,ho_reconstruction,8,B
90,dev,0.0215698550617185,0.000535419834456196,5000,0.0205204514695759,0.022619258653861,0.95,ho_reconstruction,8,B
90,chisq,0.0222240049454238,0.000510408107684401,5000,0.0212236234369451,0.0232243864539025,0.95,ho_reconstruction,8,B
90,se,0.00591774621744645,0.000746063910036227,5000,0.00445548782361032,0.00738000461128259,0.95,ho_reconstruction,8,B
100,dev,0.0216837853401433,0.000538143740559544,5000,0.020629042990141,0.0227385276901457,0.95,ho_reconstruction,8,B
100,chisq,0.0224168304670341,0.000514037838090948,5000,0.021409334817685,0.0234243261163832,0.95,ho_reconstruction,8,B
100,se,0.00609281669000108,0.000744580968998471,5000,0.00463346480719014,0.00755216857281202,0.95,ho_reconstruction,8,B
10,dev,0.0120743684186227,0.00113965161028745,1000,0.00984069230753618,0.0143080445297092,0.95,insample,9,B
10,chisq,0.0271423644366985,0.00205898599271738,1000,0.0231068260463,0.031177902827097,0.95,insample,9,B
10,se,-0.0105254903098742,0.00207744493201791,1000,-0.0145972075564946,-0.00645377306325381,0.95,insample,9,B
20,dev,0.0162312549909269,0.00114349827607344,1000,0.0139900395534393,0.0184724704284145,0.95,insample,9,B
20,chisq,0.0260746991527539,0.00163373624526199,1000,0.0228726349518027,0.0292767633537051,0.95,insample,9,B
20,se,-0.0108487245585851,0.00188476947741507,1000,-0.014542804853479,-0.00715464426369115,0.95,insample,9,B
30,dev,0.0169893173549606,0.00107736182168028,1000,0.0148777269861488,0.0191009077237724,0.95,insample,9,B
30,chisq,0.0212049315462945,0.00119965307827163,1000,0.0188536547189395,0.0235562083736495,0.95,insample,9,B
30,se,-0.00753899847984765,0.00106927360203865,1000,-0.00963473622946282,-0.00544326073023248,0.95,insample,9,B
40,dev,0.0182784078569076,0.00106677792184531,1000,0.0161875615505883,0.0203692541632269,0.95,insample,9,B
40,chisq,0.0186462607087326,0.00101167882805458,1000,0.0166634066418239,0.0206291147756412,0.95,insample,9,B
40,se,0.00130839304150852,0.00062775394596165,1000,7.80179162707859e-05,0.00253876816674626,0.95,insample,9,B
50,dev,0.0187547668443938,0.00104994279161656,1000,0.0166969167869979,0.0208126169017897,0.95,insample,9,B
50,chisq,0.0178845326863362,0.000915532598993004,1000,0.0160901217656376,0.0196789436070349,0.95,insample,9,B
50,se,0.00563778210223072,0.000742004224445291,1000,0.00418348054594137,0.00709208365852006,0.95,insample,9,B
60,dev,0.0189710480496978,0.00105518368132409,1000,0.0169029260372282,0.0210391700621674,0.95,insample,9,B
60,chisq,0.0182303430734498,0.000920447440267303,1000,0.0164262992408638,0.0200343869060357,0.95,insample,9,B
60,se,0.00604291049033655,0.000805308752465578,1000,0.00446453433906913,0.00762128664160396,0.95,insample,9,B
70,dev,0.0191143118727452,0.00106290137130722,1000,0.0170310634658648,0.0211975602796256,0.95,insample,9,B
70,chisq,0.0181932695545733,0.00091811264110041,1000,0.0163938018442656,0.0199927372648811,0.95,insample,9,B
70,se,0.00620987165315297,0.000852307843387731,1000,0.00453937897637201,0.00788036432993392,0.95,insample,9,B
80,dev,0.0189646582725324,0.00107316294131995,1000,0.0168612975580023,0.0210680189870626,0.95,insample,9,B
80,chisq,0.0180437393129458,0.000932046527779189,1000,0.016216961686583,0.0198705169393086,0.95,insample,9,B
80,se,0.00608003813333098,0.000877482520899213,1000,0.00436020399530511,0.00779987227135686,0.95,insample,9,B
90,dev,0.0189964121072881,0.00105455306253366,1000,0.0169295260849357,0.0210632981296404,0.95,insample,9,B
90,chisq,0.0184929719453276,0.000938772519893161,1000,0.0166530116166611,0.0203329322739941,0.95,insample,9,B
90,se,0.00544857189165937,0.00074057944251387,1000,0.00399706285664144,0.00690008092667731,0.95,insample,9,B
100,dev,0.0193013887857963,0.00108878575038111,1000,0.017167407928169,0.0214353696434237,0.95,insample,9,B
100,chisq,0.0185682880298725,0.000957681907208913,1000,0.0166912659830974,0.0204453100766476,0.95,insample,9,B
100,se,0.00530945831875712,0.000779052463517619,1000,0.00378254354819538,0.00683637308931885,0.95,insample,9,B
10,dev,0.0101866780132699,0.000490080411893246,5000,0.00922613805643054,0.0111472179701092,0.95,ho_reconstruction,9,B
10,chisq,0.0262388258183562,0.000988346243053739,5000,0.0243017027777154,0.028175948858997,0.95,ho_reconstruction,9,B
10,se,-0.011087361916956,0.000913777269999675,5000,-0.0128783324560467,-0.0092963913778653,0.95,ho_reconstruction,9,B
20,dev,0.0153886583762791,0.000501129422907915,5000,0.0144064627557863,0.016370853996772,0.95,ho_reconstruction,9,B
20,chisq,0.0264730545782208,0.000762118552842186,5000,0.0249793296627004,0.0279667794937413,0.95,ho_reconstruction,9,B
20,se,-0.0125377344318483,0.000775612123343947,5000,-0.0140579062595751,-0.0110175626041216,0.95,ho_reconstruction,9,B
30,dev,0.0164628113173017,0.000491001239785072,5000,0.0155004665709584,0.017425156063645,0.95,ho_reconstruction,9,B
30,chisq,0.0224437148440102,0.000606711938013139,5000,0.021254581296514,0.0236328483915065,0.95,ho_reconstruction,9,B
30,se,-0.00818596722842753,0.000506237393561127,5000,-0.00917817428743477,-0.0071937601694203,0.95,ho_reconstruction,9,B
40,dev,0.0175178606111478,0.000474989659710044,5000,0.0165868979850872,0.0184488232372084,0.95,ho_reconstruction,9,B
40,chisq,0.0188871767267047,0.000487353629596904,5000,0.0179319811649599,0.0198423722884495,0.95,ho_reconstruction,9,B
40,se,-0.000156603787541844,0.000255965101855679,5000,-0.000658286168478101,0.000345078593394412,0.95,ho_reconstruction,9,B
50,dev,0.0178801523579745,0.00045769730289348,5000,0.0169830821284822,0.0187772225874669,0.95,ho_reconstruction,9,B
50,chisq,0.0182872738993345,0.000434546491670587,5000,0.017435578426052,0.0191389693726171,0.95,ho_reconstruction,9,B
50,se,0.00313467322130033,0.000270144688308485,5000,0.0026051993616009,0.00366414708099976,0.95,ho_reconstruction,9,B
60,dev,0.017801088067147,0.000455966501645387,5000,0.0169074101457654,0.0186947659885287,0.95,ho_reconstruction,9,B
60,chisq,0.0182032991057434,0.000433137397310066,5000,0.0173543654066582,0.0190522328048285,0.95,ho_reconstruction,9,B
60,se,0.0030384471056553,0.000269889035223806,5000,0.00250947431679438,0.00356741989451623,0.95,ho_reconstruction,9,B
70,dev,0.0178029552689698,0.000455041629718759,5000,0.0169110900632546,0.018694820474685,0.95,ho_reconstruction,9,B
70,chisq,0.0181372172422848,0.000430260528169479,5000,0.0172939221031034,0.0189805123814661,0.95,ho_reconstruction,9,B
70,se,0.00309767673998753,0.000257220820294374,5000,0.00259353319613671,0.00360182028383836,0.95,ho_reconstruction,9,B
80,dev,0.017689885305673,0.000454495119636161,5000,0.0167990912400369,0.0185806793713091,0.95,ho_reconstruction,9,B
80,chisq,0.0180650296085042,0.00043223757130269,5000,0.0172178595359859,0.0189121996810226,0.95,ho_reconstruction,9,B
80,se,0.00271048171569558,0.00025838449867909,5000,0.00220405740412112,0.00321690602727003,0.95,ho_reconstruction,9,B
90,dev,0.0176890023205613,0.000453088624938787,5000,0.0168009649338765,0.0185770397072461,0.95,ho_reconstruction,9,B
90,chisq,0.0180467616077586,0.000428669193615967,5000,0.0172065854269894,0.0188869377885277,0.95,ho_reconstruction,9,B
90,se,0.00302646254969301,0.000265336670888347,5000,0.00250641223097409,0.00354651286841192,0.95,ho_reconstruction,9,B
100,dev,0.0177101398088499,0.000454007598110303,5000,0.0168203012678462,0.0185999783498537,0.95,ho_reconstruction,9,B
100,chisq,0.0179748519081591,0.000427966666277067,5000,0.0171360526556724,0.0188136511606458,0.95,ho_reconstruction,9,B
100,se,0.00315624214549082,0.000260610715241315,5000,0.00264545452963262,0.00366702976134902,0.95,ho_reconstruction,9,B
10,dev,0.0141351592492846,0.00131503025423187,1000,0.0115577473124096,0.0167125711861596,0.95,insample,10,B
10,chisq,0.0301078814268854,0.00260738849455344,1000,0.0249974938838566,0.0352182689699143,0.95,insample,10,B
10,se,-0.00881209007413393,0.00237466215116466,1000,-0.0134663423658671,-0.0041578377824008,0.95,insample,10,B
20,dev,0.0187491907001318,0.00125388927411475,1000,0.0162916128822658,0.0212067685179977,0.95,insample,10,B
20,chisq,0.0287487110594164,0.00186919028876312,1000,0.0250851654131886,0.0324122567056441,0.95,insample,10,B
20,se,-0.00493091477624249,0.00190493667339309,1000,-0.00866452204892249,-0.00119730750356249,0.95,insample,10,B
30,dev,0.0201582792564504,0.00120534543070899,1000,0.0177958456233309,0.0225207128895699,0.95,insample,10,B
30,chisq,0.0228217249829464,0.00140163328334773,1000,0.0200745742280522,0.0255688757378406,0.95,insample,10,B
30,se,0.000386278317524404,0.00109655202493954,1000,-0.00176292415853155,0.00253548079358036,0.95,insample,10,B
40,dev,0.0194650465508653,0.00112243224100655,1000,0.0172651197834059,0.0216649733183247,0.95,insample,10,B
40,chisq,0.018823244466459,0.00110051622193388,1000,0.0166662723070665,0.0209802166258515,0.95,insample,10,B
40,se,0.00465165749488653,0.0010320675860451,1000,0.00262884219662694,0.00667447279314611,0.95,insample,10,B
50,dev,0.0199195052907943,0.00109030639672516,1000,0.0177825440210994,0.0220564665604893,0.95,insample,10,B
50,chisq,0.0188231647919717,0.00100905415404583,1000,0.0168454549915913,0.020800874592352,0.95,insample,10,B
50,se,0.00707547685835073,0.0012381437773685,1000,0.00464875964702609,0.00950219406967537,0.95,insample,10,B
60,dev,0.0199956241263714,0.0011202471415515,1000,0.0177999800751466,0.0221912681775963,0.95,insample,10,B
60,chisq,0.0190912404385458,0.00108869620637946,1000,0.0169574350839367,0.0212250457931549,0.95,insample,10,B
60,se,0.00622266320604744,0.000972390045676822,1000,0.00431681373759561,0.00812851267449927,0.95,insample,10,B
70,dev,0.0204095608572311,0.00112145491188676,1000,0.0182115496196475,0.0226075720948147,0.95,insample,10,B
70,chisq,0.0191299016373101,0.00106653588495211,1000,0.0170395297145844,0.0212202735600358,0.95,insample,10,B
70,se,0.00811863439736468,0.00118176521029478,1000,0.00580241714700451,0.0104348516477249,0.95,insample,10,B
80,dev,0.0201632464098911,0.00111812121847233,1000,0.0179717690913353,0.0223547237284469,0.95,insample,10,B
80,chisq,0.0191166776254257,0.0010752919711009,1000,0.0170091440892029,0.0212242111616486,0.95,insample,10,B
80,se,0.00728782087717657,0.00118922578363955,1000,0.00495698117175663,0.00961866058259651,0.95,insample,10,B
90,dev,0.0202260845462254,0.00114341213430515,1000,0.0179850379435013,0.0224671311489496,0.95,insample,10,B
90,chisq,0.0194236928996295,0.00111245291805887,1000,0.0172433252457377,0.0216040605535214,0.95,insample,10,B
90,se,0.00773857132155414,0.00120866193788678,1000,0.00536963745381167,0.0101075051892966,0.95,insample,10,B
100,dev,0.0206601469766675,0.001140379547203,1000,0.0184250441354435,0.0228952498178915,0.95,insample,10,B
100,chisq,0.0194391850111653,0.00107736034365195,1000,0.0173275975392358,0.0215507724830948,0.95,insample,10,B
100,se,0.00869589687999405,0.00120783180548609,1000,0.00632859004185933,0.0110632037181288,0.95,insample,10,B
10,dev,0.012440876945405,0.000552074761182817,5000,0.0113588302967131,0.0135229235940969,0.95,ho_reconstruction,10,B
10,chisq,0.0280193675794939,0.00110059705552393,5000,0.0258622369891761,0.0301764981698116,0.95,ho_reconstruction,10,B
10,se,-0.0129241318909523,0.00113586007276498,5000,-0.0151503767250487,-0.0106978870568559,0.95,ho_reconstruction,10,B
20,dev,0.0189369275334773,0.000584928902845823,5000,0.017790487950383,0.0200833671165716,0.95,ho_reconstruction,10,B
20,chisq,0.0295740578335702,0.000852947308905619,5000,0.0279023118274048,0.0312458038397356,0.95,ho_reconstruction,10,B
20,se,-0.00923975926066213,0.0009127945300389,5000,-0.0110288036648235,-0.00745071485650072,0.95,ho_reconstruction,10,B
30,dev,0.0203878940301009,0.000602613094313639,5000,0.0192067940686339,0.0215689939915679,0.95,ho_reconstruction,10,B
30,chisq,0.0247457284520443,0.000682979003416404,5000,0.0234071142031511,0.0260843427009375,0.95,ho_reconstruction,10,B
30,se,-0.00310265476036045,0.000631535705260112,5000,-0.00434044199762137,-0.00186486752309953,0.95,ho_reconstruction,10,B
40,dev,0.020013380346831,0.000521796111804528,5000,0.0189906787604211,0.0210360819332409,0.95,ho_reconstruction,10,B
40,chisq,0.0205808950926616,0.000498222233195434,5000,0.0196043974593015,0.0215573927260218,0.95,ho_reconstruction,10,B
40,se,0.00427889411724256,0.000585933934436407,5000,0.00313048470842735,0.00542730352605777,0.95,ho_reconstruction,10,B
50,dev,0.0200596096815426,0.000517429530105369,5000,0.0190454664379986,0.0210737529250866,0.95,ho_reconstruction,10,B
50,chisq,0.0202645462928622,0.000492319257999297,5000,0.0192996182782881,0.0212294743074363,0.95,ho_reconstruction,10,B
50,se,0.0053427754874299,0.000462416550019206,5000,0.00443645570353699,0.00624909527132281,0.95,ho_reconstruction,10,B
60,dev,0.0202956061800555,0.000522222103859129,5000,0.0192720696645609,0.0213191426955501,0.95,ho_reconstruction,10,B
60,chisq,0.0205525777287565,0.000498175157756891,5000,0.0195761723615604,0.0215289830959525,0.95,ho_reconstruction,10,B
60,se,0.00550590737728096,0.000487333119511702,5000,0.00455075201456447,0.00646106273999745,0.95,ho_reconstruction,10,B
70,dev,0.0201937546281391,0.000518187628332093,5000,0.019178125539374,0.0212093837169043,0.95,ho_reconstruction,10,B
70,chisq,0.020347958772514,0.000489667016157934,5000,0.0193882290564273,0.0213076884886008,0.95,ho_reconstruction,10,B
70,se,0.00619851426797416,0.000476115640404041,5000,0.00526534476030602,0.00713168377564231,0.95,ho_reconstruction,10,B
80,dev,0.0202723185842652,0.000516135349569539,5000,0.019260711887961,0.0212839252805695,0.95,ho_reconstruction,10,B
80,chisq,0.0205225021436218,0.000490027637679974,5000,0.0195620656223398,0.0214829386649038,0.95,ho_reconstruction,10,B
80,se,0.00575682474877953,0.000474544770860049,5000,0.00482673408884202,0.00668691540871703,0.95,ho_reconstruction,10,B
90,dev,0.020183668355897,0.000515682192241563,5000,0.0191729498316348,0.0211943868801591,0.95,ho_reconstruction,10,B
90,chisq,0.020311295720546,0.000486293768554404,5000,0.0193581774482731,0.0212644139928189,0.95,ho_reconstruction,10,B
90,se,0.0060189718697672,0.000487869883888393,5000,0.00506276446820421,0.00697517927133018,0.95,ho_reconstruction,10,B
100,dev,0.020149782647854,0.000514755972127429,5000,0.0191408794816573,0.0211586858140507,0.95,ho_reconstruction,10,B
100,chisq,0.0202069619158503,0.000483031518483265,5000,0.0192602375362254,0.0211536862954752,0.95,ho_reconstruction,10,B
100,se,0.00629845310883169,0.000482129382809217,5000,0.00535349688263711,0.00724340933502628,0.95,ho_reconstruction,10,B
10,dev,0.0896661686100048,0.00290108308781835,1000,0.0839801502417226,0.095352186978287,0.95,insample,1,C
10,chisq,0.16330517899218,0.00543546945407178,1000,0.152651854623132,0.173958503361229,0.95,insample,1,C
10,se,0.00385961377033973,0.00414671340038791,1000,-0.00426779514863019,0.0119870226893097,0.95,insample,1,C
20,dev,0.118987114324662,0.00318128776306365,1000,0.112751904884599,0.125222323764724,0.95,insample,1,C
20,chisq,0.166254461959761,0.00472668500648441,1000,0.156990329580786,0.175518594338736,0.95,insample,1,C
20,se,0.00977343130075624,0.00335501408201038,1000,0.00319772453239119,0.0163491380691213,0.95,insample,1,C
30,dev,0.126458123075718,0.00312599181342614,1000,0.120331291705436,0.132584954446,0.95,insample,1,C
30,chisq,0.149657528786913,0.00406684335225558,1000,0.141686662285726,0.1576283952881,0.95,insample,1,C
30,se,0.0263539812017833,0.00233444808861624,1000,0.0217785470243171,0.0309294153792495,0.95,insample,1,C
40,dev,0.12653335846463,0.00308927285096789,1000,0.120478494938316,0.132588221990945,0.95,insample,1,C
40,chisq,0.132455496288793,0.00365340563457878,1000,0.125294952824103,0.139616039753484,0.95,insample,1,C
40,se,0.0395407464019554,0.00336479473332132,1000,0.0329458699092756,0.0461356228946352,0.95,insample,1,C
50,dev,0.127865585486516,0.00311557876117449,1000,0.121759163323616,0.133972007649416,0.95,insample,1,C
50,chisq,0.131042279169171,0.00361176614633571,1000,0.123963347601772,0.13812121073657,0.95,insample,1,C
50,se,0.046510415037366,0.00407595010963886,1000,0.0385216996196917,0.0544991304550402,0.95,insample,1,C
60,dev,0.128287262564525,0.00313774303379471,1000,0.122137399225545,0.134437125903504,0.95,insample,1,C
60,chisq,0.131827096616709,0.00365627384588523,1000,0.124660931561158,0.13899326167226,0.95,insample,1,C
60,se,0.0467917995739323,0.00407784194211488,1000,0.0387993762327402,0.0547842229151243,0.95,insample,1,C
70,dev,0.128648639436045,0.00314873864273952,1000,0.122477225099546,0.134820053772544,0.95,insample,1,C
70,chisq,0.133228340338342,0.00370999461475158,1000,0.125956884510592,0.140499796166093,0.95,insample,1,C
70,se,0.0454027331577974,0.00377494541880353,1000,0.038003976093338,0.0528014902222567,0.95,insample,1,C
80,dev,0.128456523985611,0.00313194393423279,1000,0.122318026672917,0.134595021298306,0.95,insample,1,C
80,chisq,0.13063487557794,0.00362220273883191,1000,0.123535488665128,0.137734262490753,0.95,insample,1,C
80,se,0.0519902751670879,0.00437088818927315,1000,0.043423491735661,0.0605570585985147,0.95,insample,1,C
90,dev,0.128738677626262,0.00314914227909117,1000,0.122566472177051,0.134910883075473,0.95,insample,1,C
90,chisq,0.131638550405276,0.00363967127696332,1000,0.124504925786863,0.138772175023689,0.95,insample,1,C
90,se,0.0496352627222524,0.0042166957287316,1000,0.0413706909601746,0.0578998344843302,0.95,insample,1,C
100,dev,0.128702529292365,0.00317485852203811,1000,0.122479920933161,0.13492513765157,0.95,insample,1,C
100,chisq,0.131338230077071,0.003658906064629,1000,0.124166905967583,0.138509554186559,0.95,insample,1,C
100,se,0.0524278166325698,0.00468110753154686,1000,0.0432530144629788,0.0616026188021609,0.95,insample,1,C
10,dev,0.0766800945333545,0.00112710409009972,5000,0.0744710111099312,0.0788891779567777,0.95,ho_reconstruction,1,C
10,chisq,0.150741700755461,0.00231556443091796,5000,0.14620327786698,0.155280123643942,0.95,ho_reconstruction,1,C
10,se,-0.00124098513993794,0.00181406870467107,5000,-0.00479649446657448,0.00231452418669859,0.95,ho_reconstruction,1,C
20,dev,0.105901618459053,0.00127641588810529,5000,0.103399889289072,0.108403347629034,0.95,ho_reconstruction,1,C
20,chisq,0.161853811516827,0.00208200374010266,5000,0.157773159170548,0.165934463863106,0.95,ho_reconstruction,1,C
20,se,0.0031996494578438,0.00177719626035432,5000,-0.000283591205909929,0.00668289012159753,0.95,ho_reconstruction,1,C
30,dev,0.117850684692247,0.00130683984789412,5000,0.115289325656813,0.120412043727682,0.95,ho_reconstruction,1,C
30,chisq,0.151908456850479,0.00185016569599044,5000,0.148282198720906,0.155534714980051,0.95,ho_reconstruction,1,C
30,se,0.0280147114868734,0.00209670682910098,5000,0.0239052416156963,0.0321241813580505,0.95,ho_reconstruction,1,C
40,dev,0.121090508849204,0.00130271700818653,5000,0.118537230431111,0.123643787267297,0.95,ho_reconstruction,1,C
40,chisq,0.139507900522594,0.00169481846267676,5000,0.136186117375414,0.142829683669774,0.95,ho_reconstruction,1,C
40,se,0.0479081577723546,0.00252744362129488,5000,0.0429544593016611,0.052861856243048,0.95,ho_reconstruction,1,C
50,dev,0.121563432508637,0.00129632914070177,5000,0.119022674080752,0.124104190936522,0.95,ho_reconstruction,1,C
50,chisq,0.137714830927709,0.00166686758131965,5000,0.134447830501325,0.140981831354093,0.95,ho_reconstruction,1,C
50,se,0.0523217831370568,0.00280497450529087,5000,0.0468241341291336,0.0578194321449799,0.95,ho_reconstruction,1,C
60,dev,0.120797845941874,0.00128879224464579,5000,0.118271859558814,0.123323832324934,0.95,ho_reconstruction,1,C
60,chisq,0.136854476601056,0.00165648806670652,5000,0.13360781964949,0.140101133552621,0.95,ho_reconstruction,1,C
60,se,0.050937289621576,0.00267562816486614,5000,0.0456931547824174,0.0561814244607346,0.95,ho_reconstruction,1,C
70,dev,0.120071782246663,0.00128845062423394,5000,0.117546465427306,0.12259709906602,0.95,ho_reconstruction,1,C
70,chisq,0.135892580535051,0.00165161530097478,5000,0.132655474028825,0.139129687041277,0.95,ho_reconstruction,1,C
70,se,0.0510483891460098,0.00286098013998561,5000,0.0454409711111537,0.056655807180866,0.95,ho_reconstruction,1,C
80,dev,0.119905481565156,0.00128386535763786,5000,0.117389151703187,0.122421811427125,0.95,ho_reconstruction,1,C
80,chisq,0.135468535258589,0.00164714553058469,5000,0.132240189341347,0.138696881175831,0.95,ho_reconstruction,1,C
80,se,0.0517926453122935,0.00279537162383695,5000,0.0463138176061679,0.0572714730184192,0.95,ho_reconstruction,1,C
90,dev,0.120148573134714,0.00128414635648156,5000,0.117631692525132,0.122665453744297,0.95,ho_reconstruction,1,C
90,chisq,0.135479453357809,0.00164179579637195,5000,0.132261592726951,0.138697313988667,0.95,ho_reconstruction,1,C
90,se,0.0520483729704423,0.00279146370416071,5000,0.0465772046461365,0.0575195412947481,0.95,ho_reconstruction,1,C
100,dev,0.119336554603525,0.00127654833352413,5000,0.116834565845293,0.121838543361757,0.95,ho_reconstruction,1,C
100,chisq,0.134114775532932,0.00162593472395788,5000,0.130928002032761,0.137301549033102,0.95,ho_reconstruction,1,C
100,se,0.0520733865960548,0.0027770902100374,5000,0.0466303898025627,0.0575163833895469,0.95,ho_reconstruction,1,C
10,dev,0.0942218610174384,0.00322968323221143,1000,0.0878917982008311,0.100551923834046,0.95,insample,2,C
10,chisq,0.163177669045506,0.00567739765560884,1000,0.1520501741146,0.174305163976411,0.95,insample,2,C
10,se,0.00592004873675899,0.00445629340286272,1000,-0.00281412583739538,0.0146542233109134,0.95,insample,2,C
20,dev,0.1228065798042,0.00331004751541495,1000,0.11631900588687,0.129294153721529,0.95,insample,2,C
20,chisq,0.164644813895074,0.00477347128041414,1000,0.155288982104226,0.174000645685922,0.95,insample,2,C
20,se,0.0104065090825718,0.0034579473676328,1000,0.00362905678157641,0.0171839613835672,0.95,insample,2,C
30,dev,0.130053736586694,0.00339546127845585,1000,0.12339875477002,0.136708718403368,0.95,insample,2,C
30,chisq,0.14939798650041,0.00426129188014686,1000,0.141046007887709,0.157749965113111,0.95,insample,2,C
30,se,0.0261773304484915,0.00344437232835521,1000,0.0194264847355689,0.0329281761614141,0.95,insample,2,C
40,dev,0.131971895330034,0.00335830279969016,1000,0.125389742793461,0.138554047866607,0.95,insample,2,C
40,chisq,0.132427354052479,0.00374972596906914,1000,0.125078026201209,0.139776681903749,0.95,insample,2,C
40,se,0.0440950274803146,0.00512002076562123,1000,0.0340599711795998,0.0541300837810294,0.95,insample,2,C
50,dev,0.133897660531177,0.00344462145263783,1000,0.127146326543632,0.140648994518721,0.95,insample,2,C
50,chisq,0.132814135405014,0.0038093043922139,1000,0.125348035990124,0.140280234819903,0.95,insample,2,C
50,se,0.0507677394725457,0.00580367196403422,1000,0.0393927514449538,0.0621427275001376,0.95,insample,2,C
60,dev,0.134057091037588,0.00345475690036703,1000,0.127285891937528,0.140828290137649,0.95,insample,2,C
60,chisq,0.133097225852996,0.00381117648638612,1000,0.125627457200953,0.140566994505039,0.95,insample,2,C
60,se,0.0523034123651295,0.00589944347837833,1000,0.0407407156186783,0.0638661091115807,0.95,insample,2,C
70,dev,0.133566384052543,0.00346064247254252,1000,0.12678364944299,0.140349118662096,0.95,insample,2,C
70,chisq,0.130771159880071,0.00376478968337333,1000,0.123392307691291,0.13815001206885,0.95,insample,2,C
70,se,0.0550596529678016,0.00651373004951703,1000,0.0422929766657319,0.0678263292698713,0.95,insample,2,C
80,dev,0.133612730568246,0.00346034595465406,1000,0.126830577123075,0.140394884013417,0.95,insample,2,C
80,chisq,0.130604217682232,0.00377252388137074,1000,0.123210206743928,0.137998228620536,0.95,insample,2,C
80,se,0.0556744869121254,0.00652764651642758,1000,0.042880534836119,0.0684684389881318,0.95,insample,2,C
90,dev,0.134624350128511,0.00351039988386672,1000,0.127744092784799,0.141504607472224,0.95,insample,2,C
90,chisq,0.132349676293451,0.00382867183568222,1000,0.124845617386891,0.139853735200011,0.95,insample,2,C
90,se,0.0547696396995083,0.00653480926593199,1000,0.041961648892443,0.0675776305065736,0.95,insample,2,C
100,dev,0.133951771765359,0.00347495897888789,1000,0.127140977318985,0.140762566211733,0.95,insample,2,C
100,chisq,0.131760293239124,0.00379121584793563,1000,0.124329646719553,0.139190939758695,0.95,insample,2,C
100,se,0.0538067695833004,0.00616554234771894,1000,0.0417225286366148,0.065891010529986,0.95,insample,2,C
10,dev,0.0799565589690567,0.00138504244891088,5000,0.0772419256521322,0.0826711922859812,0.95,ho_reconstruction,2,C
10,chisq,0.149365311395313,0.00258676881249362,5000,0.144295337686494,0.154435285104132,0.95,ho_reconstruction,2,C
10,se,-0.00653983373535306,0.00199314967263961,5000,-0.0104463353095245,-0.00263333216118163,0.95,ho_reconstruction,2,C
20,dev,0.110031863459355,0.00143464214540226,5000,0.107220016523663,0.112843710395046,0.95,ho_reconstruction,2,C
20,chisq,0.159051700749755,0.00214969774622358,5000,0.15483837058951,0.16326503091,0.95,ho_reconstruction,2,C
20,se,-0.00228667419804189,0.00183261381434936,5000,-0.0058785312717372,0.00130518287565343,0.95,ho_reconstruction,2,C
30,dev,0.120031746588341,0.00147972116077107,5000,0.117131546406068,0.122931946770614,0.95,ho_reconstruction,2,C
30,chisq,0.14689607898632,0.00191413334123875,5000,0.143144446575884,0.150647711396755,0.95,ho_reconstruction,2,C
30,se,0.0227915813077787,0.00212005233781068,5000,0.0186363550803298,0.0269468075352275,0.95,ho_reconstruction,2,C
40,dev,0.124095263297517,0.00145466674599487,5000,0.121244168865859,0.126946357729175,0.95,ho_reconstruction,2,C
40,chisq,0.133937563851075,0.00169742025696259,5000,0.1306106812808,0.13726444642135,0.95,ho_reconstruction,2,C
40,se,0.0495680831281257,0.00296765836565647,5000,0.04375157961302,0.0553845866432313,0.95,ho_reconstruction,2,C
50,dev,0.12425602719673,0.00145515024409551,5000,0.121403985126208,0.127108069267252,0.95,ho_reconstruction,2,C
50,chisq,0.132417164368376,0.00167795210025985,5000,0.129128438684083,0.135705890052668,0.95,ho_reconstruction,2,C
50,se,0.0524701531145436,0.0031153568672292,5000,0.0463641658557848,0.0585761403733024,0.95,ho_reconstruction,2,C
60,dev,0.122993161283144,0.00144297919667092,5000,0.120164974027228,0.125821348539059,0.95,ho_reconstruction,2,C
60,chisq,0.131009449270079,0.00166548010519571,5000,0.127745168246927,0.13427373029323,0.95,ho_reconstruction,2,C
60,se,0.0515212843144748,0.0031901667460232,5000,0.045268672387592,0.0577738962413576,0.95,ho_reconstruction,2,C
70,dev,0.123487411611307,0.00144829434737521,5000,0.120648806851438,0.126326016371175,0.95,ho_reconstruction,2,C
70,chisq,0.131216467352,0.00166421313838577,5000,0.127954669538165,0.134478265165834,0.95,ho_reconstruction,2,C
70,se,0.0527074345349959,0.00316800298717789,5000,0.0464982627772119,0.0589166062927799,0.95,ho_reconstruction,2,C
80,dev,0.123009342000287,0.00144221964874585,5000,0.120182643430949,0.125836040569625,0.95,ho_reconstruction,2,C
80,chisq,0.130958989761552,0.00166008464473659,5000,0.127705283646581,0.134212695876524,0.95,ho_reconstruction,2,C
80,se,0.0516262860643848,0.0030776749608253,5000,0.0455941539850465,0.0576584181437231,0.95,ho_reconstruction,2,C
90,dev,0.122325485795284,0.00143475602461362,5000,0.11951341566044,0.125137555930129,0.95,ho_reconstruction,2,C
90,chisq,0.129909621457823,0.0016466357228048,5000,0.126682274745468,0.133136968170177,0.95,ho_reconstruction,2,C
90,se,0.0521535206083012,0.00318665324961412,5000,0.04590779500784,0.0583992462087624,0.95,ho_reconstruction,2,C
100,dev,0.122277455777858,0.00143683904759925,5000,0.119461302992983,0.125093608562734,0.95,ho_reconstruction,2,C
100,chisq,0.129528314320737,0.00164735874949784,5000,0.126299550502104,0.132757078139369,0.95,ho_reconstruction,2,C
100,se,0.0528464618525917,0.00318212223500622,5000,0.0466096168775755,0.059083306827608,0.95,ho_reconstruction,2,C
10,dev,0.0962212673743066,0.00302205757630146,1000,0.0902981433655493,0.102144391383064,0.95,insample,3,C
10,chisq,0.167094183478198,0.0053066562523531,1000,0.156693328345252,0.177495038611145,0.95,insample,3,C
10,se,0.00590593648179485,0.00454420938011993,1000,-0.0030005502414493,0.014812423205039,0.95,insample,3,C
20,dev,0.120169618336221,0.00307641912376269,1000,0.114139947652296,0.126199289020147,0.95,insample,3,C
20,chisq,0.168599510838175,0.00460399730832429,1000,0.15957584192894,0.17762317974741,0.95,insample,3,C
20,se,0.0184816066669884,0.00376935652239516,1000,0.0110938036382027,0.025869409695774,0.95,insample,3,C
30,dev,0.128969427106531,0.0033238577569738,1000,0.122454785613129,0.135484068599934,0.95,insample,3,C
30,chisq,0.153022207941837,0.00420866882462784,1000,0.14477336862271,0.161271047260964,0.95,insample,3,C
30,se,0.0298610537067082,0.00333179395911981,1000,0.0233308575429252,0.0363912498704911,0.95,insample,3,C
40,dev,0.131076408359081,0.00322635273275273,1000,0.124752873201463,0.137399943516698,0.95,insample,3,C
40,chisq,0.136416198282209,0.00369743437965812,1000,0.129169360062879,0.143663036501539,0.95,insample,3,C
40,se,0.0472203939336406,0.00412198651043241,1000,0.0391414488284331,0.0552993390388481,0.95,insample,3,C
50,dev,0.132703728080412,0.00325676063816621,1000,0.126320594523338,0.139086861637485,0.95,insample,3,C
50,chisq,0.135225775647349,0.00366837942930225,1000,0.128035884084289,0.142415667210409,0.95,insample,3,C
50,se,0.0562032246730502,0.00573844725915078,1000,0.0449560747179321,0.0674503746281683,0.95,insample,3,C
60,dev,0.132756058062945,0.00326535266371062,1000,0.12635608444525,0.13915603168064,0.95,insample,3,C
60,chisq,0.134042520677712,0.00365039513274476,1000,0.126887877688192,0.141197163667232,0.95,insample,3,C
60,se,0.0592318759428525,0.00553434694855163,1000,0.0483847552457422,0.0700789966399628,0.95,insample,3,C
70,dev,0.132579206702146,0.00327200123057793,1000,0.126166202132842,0.138992211271449,0.95,insample,3,C
70,chisq,0.135702298639218,0.00371383068112986,1000,0.128423324259524,0.142981273018913,0.95,insample,3,C
70,se,0.0570974328769699,0.00554516122118903,1000,0.0462291165949713,0.0679657491589686,0.95,insample,3,C
80,dev,0.132949380539159,0.0032597634459941,1000,0.126560361586891,0.139338399491428,0.95,insample,3,C
80,chisq,0.136977027199978,0.0037306082859578,1000,0.129665169319074,0.144288885080882,0.95,insample,3,C
80,se,0.055767515679325,0.00535388070667507,1000,0.045274102316718,0.066260929041932,0.95,insample,3,C
90,dev,0.133434341653293,0.0032793788835545,1000,0.127006877149865,0.139861806156721,0.95,insample,3,C
90,chisq,0.136386293134728,0.00370908655918886,1000,0.129116617063176,0.143655969206279,0.95,insample,3,C
90,se,0.06240434299583,0.00632428361884014,1000,0.0500089748748867,0.0747997111167734,0.95,insample,3,C
100,dev,0.133768611076752,0.0032987517465398,1000,0.127303176459596,0.140234045693909,0.95,insample,3,C
100,chisq,0.137176742151669,0.00376276101312893,1000,0.129801866083505,0.144551618219834,0.95,insample,3,C
100,se,0.0557071045301965,0.00504533170084399,1000,0.0458184361064841,0.0655957729539089,0.95,insample,3,C
10,dev,0.0809187665664711,0.00122286632190337,5000,0.0785219926176335,0.0833155405153087,0.95,ho_reconstruction,3,C
10,chisq,0.153530020082747,0.00234979058625928,5000,0.148924515162467,0.158135525003026,0.95,ho_reconstruction,3,C
10,se,0.000452335838348768,0.00192882549600687,5000,-0.0033280926662873,0.00423276434298483,0.95,ho_reconstruction,3,C
20,dev,0.106406179309215,0.00131381383002191,5000,0.103831151519981,0.108981207098448,0.95,ho_reconstruction,3,C
20,chisq,0.162838694693926,0.00210952863906711,5000,0.158704094536998,0.166973294850853,0.95,ho_reconstruction,3,C
20,se,0.00674399423473811,0.00196393408239803,5000,0.00289475416522724,0.010593234304249,0.95,ho_reconstruction,3,C
30,dev,0.117298724879889,0.00142109695792631,5000,0.114513426023814,0.120084023735964,0.95,ho_reconstruction,3,C
30,chisq,0.150879197075218,0.00190980348766177,5000,0.147136051021852,0.154622343128584,0.95,ho_reconstruction,3,C
30,se,0.0328892966324614,0.00372183242625649,5000,0.0255946391205054,0.0401839541444175,0.95,ho_reconstruction,3,C
40,dev,0.121482315503469,0.00139692975963792,5000,0.118744383485646,0.124220247521291,0.95,ho_reconstruction,3,C
40,chisq,0.13871300543291,0.00172356109123358,5000,0.135334887768938,0.142091123096883,0.95,ho_reconstruction,3,C
40,se,0.0581533001471987,0.00463987839987599,5000,0.0490593055907964,0.067247294703601,0.95,ho_reconstruction,3,C
50,dev,0.121746007369442,0.00139033058924432,5000,0.119021009487919,0.124471005250965,0.95,ho_reconstruction,3,C
50,chisq,0.136566727026548,0.0016947628475748,5000,0.133245052882965,0.139888401170131,0.95,ho_reconstruction,3,C
50,se,0.0625231455691454,0.00482601846038899,5000,0.0530643231980576,0.0719819679402333,0.95,ho_reconstruction,3,C
60,dev,0.121073907104756,0.00138582567995139,5000,0.1183577386832,0.123790075526311,0.95,ho_reconstruction,3,C
60,chisq,0.135954230097433,0.00169311541247038,5000,0.132635784867321,0.139272675327545,0.95,ho_reconstruction,3,C
60,se,0.0607861671695251,0.00456784625753756,5000,0.0518333530178354,0.0697389813212148,0.95,ho_reconstruction,3,C
70,dev,0.120174207138574,0.00137975354150993,5000,0.117469939889673,0.122878474387476,0.95,ho_reconstruction,3,C
70,chisq,0.135306349153206,0.00168726512974825,5000,0.131999370266529,0.138613328039883,0.95,ho_reconstruction,3,C
70,se,0.0601989015722233,0.00461846148894267,5000,0.0511468833899105,0.0692509197545362,0.95,ho_reconstruction,3,C
80,dev,0.120569393594359,0.00138055772011754,5000,0.11786355018435,0.123275237004369,0.95,ho_reconstruction,3,C
80,chisq,0.134816643413443,0.00167751997246208,5000,0.131528764684071,0.138104522142816,0.95,ho_reconstruction,3,C
80,se,0.0628585176271381,0.00484936010068872,5000,0.0533539464817227,0.0723630887725535,0.95,ho_reconstruction,3,C
90,dev,0.119915533410542,0.00137516720235841,5000,0.117220255221199,0.122610811599885,0.95,ho_reconstruction,3,C
90,chisq,0.133712977501681,0.00166515309789884,5000,0.130449337401054,0.136976617602308,0.95,ho_reconstruction,3,C
90,se,0.063228971278714,0.00477037385645961,5000,0.0538792103272618,0.0725787322301663,0.95,ho_reconstruction,3,C
100,dev,0.11997853155745,0.00137420160863423,5000,0.11728514589703,0.12267191721787,0.95,ho_reconstruction,3,C
100,chisq,0.133913749145849,0.00166541412548099,5000,0.130649597440562,0.137177900851136,0.95,ho_reconstruction,3,C
100,se,0.0622624290255492,0.00459552156705563,5000,0.0532553722639431,0.0712694857871553,0.95,ho_reconstruction,3,C
10,dev,0.0962306662640812,0.00358321309451465,1000,0.0892076976499002,0.103253634878262,0.95,insample,4,C
10,chisq,0.172710499022899,0.00634148568997156,1000,0.160281415462079,0.185139582583719,0.95,insample,4,C
10,se,0.0227649210656553,0.00467044563538353,1000,0.0136110158285513,0.0319188263027593,0.95,insample,4,C
20,dev,0.121218118738195,0.00337118561617744,1000,0.114610716345288,0.127825521131103,0.95,insample,4,C
20,chisq,0.16818939714763,0.0049761298945812,1000,0.158436361771858,0.177942432523403,0.95,insample,4,C
20,se,0.00530183331605822,0.00338718139062664,1000,-0.0013369202186743,0.0119405868507907,0.95,insample,4,C
30,dev,0.128292358521555,0.00355740980025811,1000,0.121319963434799,0.135264753608311,0.95,insample,4,C
30,chisq,0.150942547642333,0.00442300830388646,1000,0.142273610663394,0.159611484621272,0.95,insample,4,C
30,se,0.0297241413316697,0.00355665946458751,1000,0.0227532168758047,0.0366950657875347,0.95,insample,4,C
40,dev,0.131528283438378,0.0034324224266117,1000,0.124800859102492,0.138255707774265,0.95,insample,4,C
40,chisq,0.133215502147852,0.00381047082324218,1000,0.125747116570156,0.140683887725547,0.95,insample,4,C
40,se,0.0530454870396965,0.0054067661126495,1000,0.0424484201860718,0.0636425538933211,0.95,insample,4,C
50,dev,0.132365813816559,0.00347176845825444,1000,0.125561272675719,0.1391703549574,0.95,insample,4,C
50,chisq,0.132767451258611,0.00381078491844618,1000,0.125298450065629,0.140236452451594,0.95,insample,4,C
50,se,0.058670177883194,0.00592204425287819,1000,0.0470631844327003,0.0702771713336877,0.95,insample,4,C
60,dev,0.133753724102303,0.00351675360157818,1000,0.126861013700709,0.140646434503898,0.95,insample,4,C
60,chisq,0.13538232545713,0.00390038791958876,1000,0.127737705609001,0.143026945305259,0.95,insample,4,C
60,se,0.059263140452537,0.00590300443506718,1000,0.0476934643592251,0.0708328165458489,0.95,insample,4,C
70,dev,0.13209868345509,0.0034573035132698,1000,0.125322493085458,0.138874873824723,0.95,insample,4,C
70,chisq,0.132116718767664,0.00379047244248684,1000,0.124687529295999,0.13954590823933,0.95,insample,4,C
70,se,0.0623245778610553,0.00659027337112443,1000,0.049407879405378,0.0752412763167325,0.95,insample,4,C
80,dev,0.132884051542845,0.00351733093762162,1000,0.125990209583398,0.139777893502292,0.95,insample,4,C
80,chisq,0.135328805344675,0.0039397660265131,1000,0.127607005825195,0.143050604864155,0.95,insample,4,C
80,se,0.0568461358305921,0.00558317207176802,1000,0.0459033196504369,0.0677889520107473,0.95,insample,4,C
90,dev,0.132760615719496,0.00348855086461063,1000,0.125923181666623,0.139598049772369,0.95,insample,4,C
90,chisq,0.131977038534023,0.00379658727821928,1000,0.124535864204551,0.139418212863496,0.95,insample,4,C
90,se,0.0635076724334905,0.00617917441376479,1000,0.0513967131283201,0.0756186317386609,0.95,insample,4,C
100,dev,0.133364084914759,0.00351204538687438,1000,0.126480602444415,0.140247567385102,0.95,insample,4,C
100,chisq,0.132753351092247,0.0038363723419507,1000,0.125234199470738,0.140272502713756,0.95,insample,4,C
100,se,0.0687312752140712,0.00741249032263065,1000,0.0542030611459635,0.083259489282179,0.95,insample,4,C
10,dev,0.0779424732967808,0.00118427017708435,5000,0.0756213464017306,0.080263600191831,0.95,ho_reconstruction,4,C
10,chisq,0.14912368825975,0.00234878793401815,5000,0.144520148501753,0.153727228017748,0.95,ho_reconstruction,4,C
10,se,-0.000807174479192275,0.00188871493554734,5000,-0.00450898772992796,0.00289463877154341,0.95,ho_reconstruction,4,C
20,dev,0.108887157763469,0.00132853459484805,5000,0.106283277805351,0.111491037721586,0.95,ho_reconstruction,4,C
20,chisq,0.161793113110156,0.00208444707365811,5000,0.157707671918106,0.165878554302206,0.95,ho_reconstruction,4,C
20,se,0.00284724472019815,0.00153860663649977,5000,-0.000168368873715706,0.005862858314112,0.95,ho_reconstruction,4,C
30,dev,0.116761286025324,0.00136699835119084,5000,0.114082018490064,0.119440553560583,0.95,ho_reconstruction,4,C
30,chisq,0.148459600097024,0.00185675100638134,5000,0.144820434996258,0.15209876519779,0.95,ho_reconstruction,4,C
30,se,0.0245489899381094,0.0017003387618886,5000,0.0212163872032903,0.0278815926729285,0.95,ho_reconstruction,4,C
40,dev,0.121964713015007,0.00136481709319956,5000,0.119289720666851,0.124639705363162,0.95,ho_reconstruction,4,C
40,chisq,0.133966626401989,0.00165070484018362,5000,0.130731304366123,0.137201948437855,0.95,ho_reconstruction,4,C
40,se,0.0540712567085712,0.00260850379269729,5000,0.0489586832213483,0.059183830195794,0.95,ho_reconstruction,4,C
50,dev,0.121632628978245,0.00136197557716386,5000,0.11896320589918,0.124302052057309,0.95,ho_reconstruction,4,C
50,chisq,0.13352497132897,0.00164547123305147,5000,0.130299906974592,0.136750035683348,0.95,ho_reconstruction,4,C
50,se,0.0534298883674991,0.00255144583057267,5000,0.0484291464310718,0.0584306303039265,0.95,ho_reconstruction,4,C
60,dev,0.120792435015503,0.00135502518808089,5000,0.11813663444872,0.123448235582286,0.95,ho_reconstruction,4,C
60,chisq,0.132403225896659,0.00163463686266207,5000,0.12919939651804,0.135607055275278,0.95,ho_reconstruction,4,C
60,se,0.0534416982570225,0.00254912439404198,5000,0.0484455062525878,0.0584378902614573,0.95,ho_reconstruction,4,C
70,dev,0.121049722622711,0.00135631209233467,5000,0.118391399769939,0.123708045475483,0.95,ho_reconstruction,4,C
70,chisq,0.132721177093125,0.00163591010093828,5000,0.129514852213341,0.135927501972909,0.95,ho_reconstruction,4,C
70,se,0.053840950052272,0.00257629104094279,5000,0.048791512398331,0.0588903877062131,0.95,ho_reconstruction,4,C
80,dev,0.120418342144658,0.0013535745251419,5000,0.117765384824989,0.123071299464327,0.95,ho_reconstruction,4,C
80,chisq,0.131856518337942,0.00162893521672666,5000,0.128663863980009,0.135049172695875,0.95,ho_reconstruction,4,C
80,se,0.0526043726512847,0.0024469747334252,5000,0.0478083903026918,0.0574003549998776,0.95,ho_reconstruction,4,C
90,dev,0.119981095735317,0.00134746813679562,5000,0.117340106716883,0.122622084753752,0.95,ho_reconstruction,4,C
90,chisq,0.131173479383091,0.00162119833554888,5000,0.127995989033619,0.134350969732563,0.95,ho_reconstruction,4,C
90,se,0.0543978694484131,0.00264076360687162,5000,0.0492220678872607,0.0595736710095656,0.95,ho_reconstruction,4,C
100,dev,0.119116251502719,0.0013410986306011,5000,0.116487746487025,0.121744756518413,0.95,ho_reconstruction,4,C
100,chisq,0.129855556346314,0.00160584267767201,5000,0.12670816253324,0.133002950159389,0.95,ho_reconstruction,4,C
100,se,0.0536899053535779,0.00254523733951043,5000,0.0487013318360309,0.0586784788711249,0.95,ho_reconstruction,4,C
10,dev,0.0834487161365985,0.00266741212030041,1000,0.0782206844488841,0.0886767478243129,0.95,insample,5,C
10,chisq,0.153719504900256,0.00519886397476826,1000,0.143529918749188,0.163909091051325,0.95,insample,5,C
10,se,0.000498962818124844,0.00389475525015569,1000,-0.0071346172007786,0.00813254283702829,0.95,insample,5,C
20,dev,0.114911394276517,0.00302621189857857,1000,0.108980127945717,0.120842660607318,0.95,insample,5,C
20,chisq,0.164163174037224,0.00468019025263281,1000,0.154990169701268,0.17333617837318,0.95,insample,5,C
20,se,0.00799591920560378,0.00337067166761301,1000,0.00138952413337272,0.0146023142778348,0.95,insample,5,C
30,dev,0.119640446597889,0.00315281504504479,1000,0.113461042659686,0.125819850536093,0.95,insample,5,C
30,chisq,0.14677509471231,0.00413818358135288,1000,0.138664403931443,0.154885785493176,0.95,insample,5,C
30,se,0.0238081183556363,0.00262857543423244,1000,0.0186562051738939,0.0289600315373786,0.95,insample,5,C
40,dev,0.12444447675663,0.003114408584521,1000,0.118340348097827,0.130548605415434,0.95,insample,5,C
40,chisq,0.135191868930459,0.00379007906590666,1000,0.127763450462723,0.142620287398195,0.95,insample,5,C
40,se,0.0437140591932765,0.00387979283304467,1000,0.0361098049730324,0.0513183134135207,0.95,insample,5,C
50,dev,0.124898722073628,0.00312720531456861,1000,0.118769512284811,0.131027931862445,0.95,insample,5,C
50,chisq,0.132453783819924,0.00374368359911122,1000,0.125116298796153,0.139791268843696,0.95,insample,5,C
50,se,0.0517014411420079,0.00442048688512353,1000,0.0430374460530341,0.0603654362309817,0.95,insample,5,C
60,dev,0.127232054048879,0.00322657515555842,1000,0.120908082950573,0.133556025147185,0.95,insample,5,C
60,chisq,0.134719435917372,0.00379945762348973,1000,0.127272635814546,0.142166236020198,0.95,insample,5,C
60,se,0.0590706417573199,0.00552838186026758,1000,0.0482352124184109,0.0699060710962289,0.95,insample,5,C
70,dev,0.127060038711032,0.00321160145599528,1000,0.120765415524585,0.133354661897479,0.95,insample,5,C
70,chisq,0.134936251495524,0.00380442638535223,1000,0.127479712798399,0.142392790192648,0.95,insample,5,C
70,se,0.0581704393484933,0.00503936421747843,1000,0.0482934669772557,0.0680474117197309,0.95,insample,5,C
80,dev,0.126388666470844,0.00320843016898156,1000,0.120100258892728,0.13267707404896,0.95,insample,5,C
80,chisq,0.13340234680131,0.00375902730882146,1000,0.126034788659118,0.140769904943503,0.95,insample,5,C
80,se,0.0572265286439969,0.0050349995194272,1000,0.0473581109237431,0.0670949463642507,0.95,insample,5,C
90,dev,0.126825275900741,0.00324180924975077,1000,0.120471446526481,0.133179105275002,0.95,insample,5,C
90,chisq,0.13426785750616,0.00381746284984557,1000,0.126785767808143,0.141749947204177,0.95,insample,5,C
90,se,0.0602387841243982,0.00561765240595008,1000,0.0492283877310713,0.0712491805177252,0.95,insample,5,C
100,dev,0.127155804620311,0.00324109991852618,1000,0.120803365509704,0.133508243730918,0.95,insample,5,C
100,chisq,0.133883203618834,0.00379322347002275,1000,0.126448622232277,0.14131778500539,0.95,insample,5,C
100,se,0.0619828196704118,0.00541407707622147,1000,0.0513714235914938,0.0725942157493298,0.95,insample,5,C
10,dev,0.0747008990676073,0.00108711201251554,5000,0.072570198675916,0.0768315994592986,0.95,ho_reconstruction,5,C
10,chisq,0.147935724327558,0.00227845629346005,5000,0.143470032052027,0.152401416603088,0.95,ho_reconstruction,5,C
10,se,-0.00855563694268189,0.00178943041833828,5000,-0.0120628561154654,-0.00504841776989842,0.95,ho_reconstruction,5,C
20,dev,0.110344284794364,0.00130878254393317,5000,0.10777911814466,0.112909451444067,0.95,ho_reconstruction,5,C
20,chisq,0.16712126643158,0.00210839780296729,5000,0.162988882672681,0.17125365019048,0.95,ho_reconstruction,5,C
20,se,0.00407813446694628,0.00162584886784974,5000,0.000891529241655565,0.007264739692237,0.95,ho_reconstruction,5,C
30,dev,0.11811195600701,0.00138747191940564,5000,0.115392561015414,0.120831350998605,0.95,ho_reconstruction,5,C
30,chisq,0.152818269345632,0.00191372081270794,5000,0.14906744547626,0.156569093215005,0.95,ho_reconstruction,5,C
30,se,0.0281585273712228,0.00184941472958494,5000,0.0245337411087584,0.0317833136336871,0.95,ho_reconstruction,5,C
40,dev,0.121965913147711,0.00136987332499443,5000,0.11928101076734,0.124650815528082,0.95,ho_reconstruction,5,C
40,chisq,0.140448423313075,0.00173566813697503,5000,0.13704657627549,0.14385027035066,0.95,ho_reconstruction,5,C
40,se,0.0512687508144765,0.00231340064498171,5000,0.0467345688685006,0.0558029327604524,0.95,ho_reconstruction,5,C
50,dev,0.122113906999002,0.0013629327858624,5000,0.119442607825363,0.124785206172641,0.95,ho_reconstruction,5,C
50,chisq,0.137795208771058,0.00170054942548621,5000,0.134462193143174,0.141128224398941,0.95,ho_reconstruction,5,C
50,se,0.0563527687711575,0.00253778367395176,5000,0.0513788041696583,0.0613267333726567,0.95,ho_reconstruction,5,C
60,dev,0.122501289348658,0.00136844535516135,5000,0.119819185737731,0.125183392959586,0.95,ho_reconstruction,5,C
60,chisq,0.138038176139689,0.00169955855584548,5000,0.134707102580615,0.141369249698763,0.95,ho_reconstruction,5,C
60,se,0.0574833029722306,0.00261660978124117,5000,0.0523548420394027,0.0626117639050585,0.95,ho_reconstruction,5,C
70,dev,0.121744539240817,0.00136061900710545,5000,0.119077774990209,0.124411303491424,0.95,ho_reconstruction,5,C
70,chisq,0.137135785779802,0.00169002987529461,5000,0.133823388091428,0.140448183468177,0.95,ho_reconstruction,5,C
70,se,0.0570727269431537,0.00260638061749508,5000,0.0519643148028601,0.0621811390834474,0.95,ho_reconstruction,5,C
80,dev,0.121513231948439,0.00135891787739887,5000,0.11884980185079,0.124176662046089,0.95,ho_reconstruction,5,C
80,chisq,0.136879162168581,0.00168655985944543,5000,0.133573565586297,0.140184758750865,0.95,ho_reconstruction,5,C
80,se,0.0564206999426976,0.00254290045205453,5000,0.0514367066404001,0.0614046932449951,0.95,ho_reconstruction,5,C
90,dev,0.121224465491979,0.00135808088281753,5000,0.118562675873564,0.123886255110393,0.95,ho_reconstruction,5,C
90,chisq,0.136383593198693,0.00168349336477544,5000,0.13308400683552,0.139683179561865,0.95,ho_reconstruction,5,C
90,se,0.0559099955770855,0.00252229912050762,5000,0.0509663801426535,0.0608536110115175,0.95,ho_reconstruction,5,C
100,dev,0.12072824451594,0.0013529762845389,5000,0.118076459726307,0.123380029305573,0.95,ho_reconstruction,5,C
100,chisq,0.135714998687385,0.00167413190488945,5000,0.132433760448432,0.138996236926338,0.95,ho_reconstruction,5,C
100,se,0.056296429341527,0.00246227376760536,5000,0.0514704614369428,0.0611223972461113,0.95,ho_reconstruction,5,C
10,dev,0.0925306407307826,0.00291623036990227,1000,0.0868149342351522,0.098246347226413,0.95,insample,6,C
10,chisq,0.166341566300936,0.00567460378368865,1000,0.155219547258372,0.1774635853435,0.95,insample,6,C
10,se,0.0157542422689429,0.00462847809736217,1000,0.00668259189488055,0.0248258926430052,0.95,insample,6,C
20,dev,0.115656347110523,0.00312832645953879,1000,0.109524939917943,0.121787754303103,0.95,insample,6,C
20,chisq,0.163613217587364,0.00483010251988414,1000,0.154146390606755,0.173080044567973,0.95,insample,6,C
20,se,0.0158067284276724,0.00366867827543842,1000,0.00861625113694863,0.0229972057183963,0.95,insample,6,C
30,dev,0.1254327379417,0.00323829514761487,1000,0.119085796081064,0.131779679802336,0.95,insample,6,C
30,chisq,0.149309534590846,0.00420350829835813,1000,0.141070809717349,0.157548259464343,0.95,insample,6,C
30,se,0.0187033351246812,0.0025950999400291,1000,0.0136170327059421,0.0237896375434203,0.95,insample,6,C
40,dev,0.128107539402379,0.00318214487887754,1000,0.12187065004619,0.134344428758568,0.95,insample,6,C
40,chisq,0.132922093050047,0.0037055676819952,1000,0.125659313851061,0.140184872249034,0.95,insample,6,C
40,se,0.0385491894726546,0.00376156310922219,1000,0.0311766612530046,0.0459217176923046,0.95,insample,6,C
50,dev,0.1293050400711,0.00319180831483517,1000,0.123049210728468,0.135560869413733,0.95,insample,6,C
50,chisq,0.132193270724541,0.00367135249851078,1000,0.124997552052908,0.139388989396173,0.95,insample,6,C
50,se,0.0439712121853312,0.00408151108084182,1000,0.0359715974643801,0.0519708269062823,0.95,insample,6,C
60,dev,0.130042976305339,0.00322649026904505,1000,0.123719171581542,0.136366781029136,0.95,insample,6,C
60,chisq,0.131546263094989,0.00366928025315142,1000,0.124354605949628,0.13873792024035,0.95,insample,6,C
60,se,0.0497516070192177,0.00478450720137669,1000,0.0403741452207469,0.0591290688176885,0.95,insample,6,C
70,dev,0.130107526349584,0.00322791280106185,1000,0.123780933514267,0.136434119184901,0.95,insample,6,C
70,chisq,0.131517970991877,0.00367880081545932,1000,0.12430765388728,0.138728288096474,0.95,insample,6,C
70,se,0.0504358065350581,0.00466993635088189,1000,0.0412828994772352,0.059588713592881,0.95,insample,6,C
80,dev,0.130847442474673,0.00326672339365836,1000,0.124444782275648,0.137250102673698,0.95,insample,6,C
80,chisq,0.133381243628398,0.00375150026115156,1000,0.126028438228548,0.140734049028248,0.95,insample,6,C
80,se,0.0495341545452745,0.00465488933340952,1000,0.0404107390997722,0.0586575699907768,0.95,insample,6,C
90,dev,0.130333309311347,0.00322982752010857,1000,0.124002963695658,0.136663654927036,0.95,insample,6,C
90,chisq,0.130938624040306,0.00365927138568869,1000,0.123766583914698,0.138110664165913,0.95,insample,6,C
90,se,0.0548013896821298,0.0051217784864814,1000,0.0447628883118341,0.0648398910524254,0.95,insample,6,C
100,dev,0.130261516510612,0.0032479380906103,1000,0.123895674829,0.136627358192224,0.95,insample,6,C
100,chisq,0.129708310630647,0.00363568482156344,1000,0.122582499321244,0.136834121940051,0.95,insample,6,C
100,se,0.0579938439021054,0.00582638225575242,1000,0.0465743445206674,0.0694133432835434,0.95,insample,6,C
10,dev,0.0840671251987694,0.00129160789045388,5000,0.0815356202513321,0.0865986301462068,0.95,ho_reconstruction,6,C
10,chisq,0.16052980281963,0.00265482370606494,5000,0.15532644397044,0.165733161668821,0.95,ho_reconstruction,6,C
10,se,-0.000658422452510183,0.00195115335673767,5000,-0.00448261276003045,0.00316576785501008,0.95,ho_reconstruction,6,C
20,dev,0.113126498249696,0.00143031826251268,5000,0.110323125968741,0.11592987053065,0.95,ho_reconstruction,6,C
20,chisq,0.166308064480366,0.00225190941603319,5000,0.161894403128494,0.170721725832238,0.95,ho_reconstruction,6,C
20,se,0.00286989570508004,0.00171031038050698,5000,-0.000482251043098643,0.00622204245325873,0.95,ho_reconstruction,6,C
30,dev,0.121592085315096,0.00144248489508316,5000,0.11876486687249,0.124419303757702,0.95,ho_reconstruction,6,C
30,chisq,0.153007266692527,0.00195736462949111,5000,0.149170902514112,0.156843630870942,0.95,ho_reconstruction,6,C
30,se,0.0205250897183849,0.0018858640074341,5000,0.0168288641840737,0.0242213152526961,0.95,ho_reconstruction,6,C
40,dev,0.126820565045848,0.00143462969476568,5000,0.124008742512956,0.12963238757874,0.95,ho_reconstruction,6,C
40,chisq,0.139972421698663,0.00175149441672532,5000,0.136539555722759,0.143405287674568,0.95,ho_reconstruction,6,C
40,se,0.0466107037529879,0.00300751740191128,5000,0.0407160779623643,0.0525053295436114,0.95,ho_reconstruction,6,C
50,dev,0.126838605496775,0.00142069450443586,5000,0.124054095435046,0.129623115558503,0.95,ho_reconstruction,6,C
50,chisq,0.137167422574777,0.00170991907938167,5000,0.133816042762711,0.140518802386843,0.95,ho_reconstruction,6,C
50,se,0.0509782718642228,0.0032530271465698,5000,0.0446024558162149,0.0573540879122307,0.95,ho_reconstruction,6,C
60,dev,0.126235814024682,0.00141410830926754,5000,0.123464212668279,0.129007415381085,0.95,ho_reconstruction,6,C
60,chisq,0.13655031468917,0.00170324309363926,5000,0.13321201956872,0.139888609809619,0.95,ho_reconstruction,6,C
60,se,0.0495275981567033,0.00299340117281313,5000,0.0436606396667096,0.055394556646697,0.95,ho_reconstruction,6,C
70,dev,0.125549391588465,0.00140900831223822,5000,0.122787786042561,0.12831099713437,0.95,ho_reconstruction,6,C
70,chisq,0.135657997092888,0.00169317749712848,5000,0.132339430179082,0.138976564006693,0.95,ho_reconstruction,6,C
70,se,0.0498011629935192,0.00316642478826981,5000,0.0435950844487555,0.0560072415382829,0.95,ho_reconstruction,6,C
80,dev,0.125533172299584,0.00141155792789328,5000,0.122766569598821,0.128299775000347,0.95,ho_reconstruction,6,C
80,chisq,0.135443543446202,0.00169210937982964,5000,0.132127070003833,0.13876001688857,0.95,ho_reconstruction,6,C
80,se,0.0494387972019595,0.002937098674178,5000,0.0436821895815303,0.0551954048223888,0.95,ho_reconstruction,6,C
90,dev,0.124778934839247,0.00140407883134025,5000,0.122026990898365,0.127530878780129,0.95,ho_reconstruction,6,C
90,chisq,0.134351791963722,0.001682907222292,5000,0.131053354418708,0.137650229508737,0.95,ho_reconstruction,6,C
90,se,0.0511938021837043,0.00321656730170092,5000,0.0448894461185213,0.0574981582488873,0.95,ho_reconstruction,6,C
100,dev,0.12490696179883,0.00140358820178003,5000,0.122155979474216,0.127657944123445,0.95,ho_reconstruction,6,C
100,chisq,0.134530512625461,0.00168062606689032,5000,0.131236546062877,0.137824479188045,0.95,ho_reconstruction,6,C
100,se,0.0512221125199743,0.0033249475438825,5000,0.0447053350834797,0.0577388899564689,0.95,ho_reconstruction,6,C
10,dev,0.0886411564974604,0.00296779114747802,1000,0.0828243927347667,0.0944579202601541,0.95,insample,7,C
10,chisq,0.159019630839705,0.00567584979424776,1000,0.14789516966132,0.170144092018089,0.95,insample,7,C
10,se,0.00614952491880709,0.00425512329832058,1000,-0.00219036349567853,0.0144894133332927,0.95,insample,7,C
20,dev,0.114840759071852,0.00313337224514205,1000,0.108699462321216,0.120982055822488,0.95,insample,7,C
20,chisq,0.159846851113538,0.00479981508855628,1000,0.150439386407516,0.16925431581956,0.95,insample,7,C
20,se,0.00730470863228664,0.00370299345011862,1000,4.69748350664353e-05,0.0145624424295068,0.95,insample,7,C
30,dev,0.121871917961465,0.00335008041145344,1000,0.115305881009704,0.128437954913227,0.95,insample,7,C
30,chisq,0.143242534104457,0.00423653135587912,1000,0.13493908522756,0.151545982981355,0.95,insample,7,C
30,se,0.0277658754921384,0.00710278637209168,1000,0.0138446700129568,0.0416870809713199,0.95,insample,7,C
40,dev,0.125637582160662,0.00328018452662592,1000,0.119208538625829,0.132066625695494,0.95,insample,7,C
40,chisq,0.128907438858757,0.00372943876128046,1000,0.1215978732041,0.136217004513414,0.95,insample,7,C
40,se,0.0589894792869396,0.0151104781145957,1000,0.0293734863931512,0.0886054721807279,0.95,insample,7,C
50,dev,0.126021143652844,0.00327582709188117,1000,0.119600640533177,0.132441646772512,0.95,insample,7,C
50,chisq,0.126681306734283,0.0036480578891695,1000,0.119531244657994,0.133831368810573,0.95,insample,7,C
50,se,0.060272838341529,0.0118163367421248,1000,0.037113243897767,0.083432432785291,0.95,insample,7,C
60,dev,0.126733617804663,0.00332072523657981,1000,0.120225115938413,0.133242119670912,0.95,insample,7,C
60,chisq,0.127789554686395,0.00370317928173782,1000,0.120531456665894,0.135047652706896,0.95,insample,7,C
60,se,0.0672170788472771,0.0165824848771276,1000,0.0347160057139269,0.0997181519806272,0.95,insample,7,C
70,dev,0.127148343668107,0.00332221067303564,1000,0.120636930399902,0.133659756936311,0.95,insample,7,C
70,chisq,0.127644137276437,0.00369777655258573,1000,0.120396628410492,0.134891646142382,0.95,insample,7,C
70,se,0.0701223228774356,0.0159049964191076,1000,0.0389491027217461,0.101295543033125,0.95,insample,7,C
80,dev,0.127128423251729,0.00329894460561137,1000,0.120662610637738,0.13359423586572,0.95,insample,7,C
80,chisq,0.129669781107285,0.00375057970226051,1000,0.122318779969708,0.137020782244863,0.95,insample,7,C
80,se,0.059417303761991,0.0113262699040614,1000,0.0372182226708507,0.0816163848531313,0.95,insample,7,C
90,dev,0.126746033596689,0.00332212282964606,1000,0.120234792498365,0.133257274695014,0.95,insample,7,C
90,chisq,0.12805624920799,0.00373378494546534,1000,0.12073816518886,0.135374333227119,0.95,insample,7,C
90,se,0.0640012446882871,0.0142837906154617,1000,0.0360055295192709,0.0919969598573033,0.95,insample,7,C
100,dev,0.12725278627229,0.00332129724714569,1000,0.120743163285932,0.133762409258647,0.95,insample,7,C
100,chisq,0.129519841362074,0.00374952721414028,1000,0.122170903063307,0.136868779660842,0.95,insample,7,C
100,se,0.0635619303753102,0.0140781005343455,1000,0.0359693603572589,0.0911545003933614,0.95,insample,7,C
10,dev,0.0815965454241173,0.00118937718906759,5000,0.0792654089695114,0.0839276818787233,0.95,ho_reconstruction,7,C
10,chisq,0.15516986897214,0.00241466763312622,5000,0.150437207376578,0.159902530567702,0.95,ho_reconstruction,7,C
10,se,-0.00416834930874657,0.00176387020149929,5000,-0.00762547137708858,-0.000711227240404552,0.95,ho_reconstruction,7,C
20,dev,0.108243153446078,0.00133047919600305,5000,0.105635462139732,0.110850844752423,0.95,ho_reconstruction,7,C
20,chisq,0.162233826951108,0.00215294281751443,5000,0.158014136568006,0.166453517334211,0.95,ho_reconstruction,7,C
20,se,-5.91792517168198e-05,0.00166194550379857,5000,-0.00331653258343029,0.00319817407999665,0.95,ho_reconstruction,7,C
30,dev,0.119630095472966,0.00142591313547439,5000,0.116835357082354,0.122424833863579,0.95,ho_reconstruction,7,C
30,chisq,0.151045230023016,0.00191712502490847,5000,0.147287734020335,0.154802726025697,0.95,ho_reconstruction,7,C
30,se,0.0209748844583966,0.00138189448281855,5000,0.0182664210416376,0.0236833478751556,0.95,ho_reconstruction,7,C
40,dev,0.123829988447553,0.00139772996276877,5000,0.121090488060414,0.126569488834693,0.95,ho_reconstruction,7,C
40,chisq,0.136749410319636,0.00170195745057615,5000,0.133413635013287,0.140085185625985,0.95,ho_reconstruction,7,C
40,se,0.0470278956310521,0.00209250800332807,5000,0.0429266553071673,0.0511291359549369,0.95,ho_reconstruction,7,C
50,dev,0.123916043779772,0.00139558573215707,5000,0.121180746007406,0.126651341552138,0.95,ho_reconstruction,7,C
50,chisq,0.135481522586947,0.00168623048686115,5000,0.132176571563065,0.138786473610828,0.95,ho_reconstruction,7,C
50,se,0.0491511462793281,0.0021999660995839,5000,0.0448392919569346,0.0534630006017216,0.95,ho_reconstruction,7,C
60,dev,0.122828878252342,0.00138368375940901,5000,0.120116907917907,0.125540848586776,0.95,ho_reconstruction,7,C
60,chisq,0.134303514923234,0.00166981735964075,5000,0.131030733037578,0.137576296808889,0.95,ho_reconstruction,7,C
60,se,0.0481331951940068,0.00216551999159861,5000,0.0438888540026721,0.0523775363853416,0.95,ho_reconstruction,7,C
70,dev,0.122313730755255,0.00137971743638098,5000,0.119609534271106,0.125017927239403,0.95,ho_reconstruction,7,C
70,chisq,0.1333446199865,0.00166547173766053,5000,0.130080355363416,0.136608884609584,0.95,ho_reconstruction,7,C
70,se,0.0487063039380722,0.00232875162712265,5000,0.0441420346199728,0.0532705732561717,0.95,ho_reconstruction,7,C
80,dev,0.122097095165112,0.00137579956882121,5000,0.119400577560277,0.124793612769947,0.95,ho_reconstruction,7,C
80,chisq,0.133175962035572,0.00165990403754192,5000,0.129922609904197,0.136429314166947,0.95,ho_reconstruction,7,C
80,se,0.0480993809590415,0.00217172608595904,5000,0.0438428760462756,0.0523558858718073,0.95,ho_reconstruction,7,C
90,dev,0.121884661204286,0.00137808185316541,5000,0.119183670404333,0.124585652004238,0.95,ho_reconstruction,7,C
90,chisq,0.132885211823389,0.00165895284388217,5000,0.12963372399733,0.136136699649449,0.95,ho_reconstruction,7,C
90,se,0.0485915743942401,0.00221042639210027,5000,0.0442592182752467,0.0529239305132334,0.95,ho_reconstruction,7,C
100,dev,0.121563338389584,0.00137251638421392,5000,0.118873255708333,0.124253421070834,0.95,ho_reconstruction,7,C
100,chisq,0.132387098785723,0.00165281787152675,5000,0.129147635284526,0.135626562286919,0.95,ho_reconstruction,7,C
100,se,0.0478119855528064,0.00209857726285186,5000,0.0436988496988421,0.0519251214067706,0.95,ho_reconstruction,7,C
10,dev,0.0879584064709323,0.00275042742688391,1000,0.0825676677721486,0.0933491451697159,0.95,insample,8,C
10,chisq,0.15941319304435,0.00519386618848138,1000,0.149233402374406,0.169592983714294,0.95,insample,8,C
10,se,0.00234748149153064,0.00400884868786255,1000,-0.00550971755615061,0.0102046805392119,0.95,insample,8,C
20,dev,0.115300846384151,0.00315621205740166,1000,0.109114784424072,0.121486908344229,0.95,insample,8,C
20,chisq,0.163131666830333,0.00477202265588589,1000,0.153778674291388,0.172484659369279,0.95,insample,8,C
20,se,0.0151623979003512,0.00556244617336992,1000,0.00426020373460349,0.0260645920660988,0.95,insample,8,C
30,dev,0.124479029269367,0.00329650200816734,1000,0.118018004058396,0.130940054480339,0.95,insample,8,C
30,chisq,0.14763616151105,0.00421878616507919,1000,0.139367492569019,0.155904830453081,0.95,insample,8,C
30,se,0.0338884587783389,0.0048805538572929,1000,0.0243227489934368,0.043454168563241,0.95,insample,8,C
40,dev,0.125300783470679,0.00318442663367995,1000,0.119059421957257,0.131542144984102,0.95,insample,8,C
40,chisq,0.131259789400846,0.0037104971896936,1000,0.12398734854431,0.138532230257383,0.95,insample,8,C
40,se,0.048049063865461,0.00772491200165266,1000,0.0329085145584806,0.0631896131724415,0.95,insample,8,C
50,dev,0.12694268367967,0.00322125592649612,1000,0.120629138078751,0.133256229280589,0.95,insample,8,C
50,chisq,0.129131362107676,0.00366627321380247,1000,0.12194559865114,0.136317125564213,0.95,insample,8,C
50,se,0.0591859888625286,0.00914875453311433,1000,0.0412547594742269,0.0771172182508302,0.95,insample,8,C
60,dev,0.127710715668933,0.00325942588416693,1000,0.121322358325688,0.134099073012178,0.95,insample,8,C
60,chisq,0.13064687647759,0.00372432469176289,1000,0.123347334215001,0.137946418740178,0.95,insample,8,C
60,se,0.0583785590444866,0.00921424808883329,1000,0.0403189646457564,0.0764381534432169,0.95,insample,8,C
70,dev,0.128017472760849,0.00324716321829015,1000,0.121653149801077,0.13438179572062,0.95,insample,8,C
70,chisq,0.13106335793058,0.00372899625757677,1000,0.123754659567245,0.138372056293915,0.95,insample,8,C
70,se,0.0597791040056337,0.0097618352067224,1000,0.0406462585774426,0.0789119494338247,0.95,insample,8,C
80,dev,0.127252389350815,0.00323969180164906,1000,0.120902710098573,0.133602068603057,0.95,insample,8,C
80,chisq,0.130963439812929,0.00372984592253754,1000,0.123653076136872,0.138273803488986,0.95,insample,8,C
80,se,0.0563043976723511,0.00812239626290811,1000,0.0403847935288885,0.0722240018158137,0.95,insample,8,C
90,dev,0.127646651519825,0.00326317963850316,1000,0.121250936953274,0.134042366086375,0.95,insample,8,C
90,chisq,0.132294499333633,0.00379208462510334,1000,0.124862150042103,0.139726848625164,0.95,insample,8,C
90,se,0.0563741327389626,0.00847419288375482,1000,0.0397650198887575,0.0729832455891677,0.95,insample,8,C
100,dev,0.127231293994619,0.00325466786948242,1000,0.120852262188794,0.133610325800445,0.95,insample,8,C
100,chisq,0.128917156828626,0.00371089276201015,1000,0.121643940664596,0.136190372992656,0.95,insample,8,C
100,se,0.0619701361845818,0.0101490926627211,1000,0.0420782800898887,0.0818619922792749,0.95,insample,8,C
10,dev,0.0790292382670388,0.00116307669389087,5000,0.0767496498357548,0.0813088266983228,0.95,ho_reconstruction,8,C
10,chisq,0.153529978665459,0.00238715446730386,5000,0.148851241884009,0.158208715446908,0.95,ho_reconstruction,8,C
10,se,-0.0112258031595437,0.00186363081662949,5000,-0.0148784524406165,-0.00757315387847092,0.95,ho_reconstruction,8,C
20,dev,0.112727505288876,0.00140233065280773,5000,0.109978987714956,0.115476022862795,0.95,ho_reconstruction,8,C
20,chisq,0.165829723698718,0.00216509561422807,5000,0.161586214271745,0.170073233125691,0.95,ho_reconstruction,8,C
20,se,0.00666355506123053,0.00195136530564497,5000,0.0028389493414854,0.0104881607809757,0.95,ho_reconstruction,8,C
30,dev,0.122028981882339,0.00145321549551859,5000,0.119180731849347,0.124877231915331,0.95,ho_reconstruction,8,C
30,chisq,0.150992168614348,0.00191343815386713,5000,0.147241898746123,0.154742438482572,0.95,ho_reconstruction,8,C
30,se,0.0382668983880176,0.00267312159902272,5000,0.0330276763276369,0.0435061204483982,0.95,ho_reconstruction,8,C
40,dev,0.12325954044349,0.00138734889592443,5000,0.120540386573487,0.125978694313493,0.95,ho_reconstruction,8,C
40,chisq,0.138979985242593,0.00173838717039842,5000,0.135572808997426,0.142387161487761,0.95,ho_reconstruction,8,C
40,se,0.0572643877636806,0.00360721478240368,5000,0.0501943767056689,0.0643343988216923,0.95,ho_reconstruction,8,C
50,dev,0.125162121192741,0.00139536077849731,5000,0.122427264321447,0.127896978064036,0.95,ho_reconstruction,8,C
50,chisq,0.137305109116553,0.00170512768718886,5000,0.133963120260621,0.140647097972485,0.95,ho_reconstruction,8,C
50,se,0.0669442376920783,0.00410424404790717,5000,0.0589000671744174,0.0749884082097392,0.95,ho_reconstruction,8,C
60,dev,0.12499169326183,0.00139553620784343,5000,0.122256492555335,0.127726893968324,0.95,ho_reconstruction,8,C
60,chisq,0.137007208633156,0.00170172546908505,5000,0.133671888002175,0.140342529264138,0.95,ho_reconstruction,8,C
60,se,0.0667118092085265,0.0039869980024343,5000,0.0588974367173221,0.0745261816997308,0.95,ho_reconstruction,8,C
70,dev,0.124406962504368,0.00138792523747379,5000,0.121686679025685,0.127127245983051,0.95,ho_reconstruction,8,C
70,chisq,0.136290630587621,0.00169456311937,5000,0.132969347904126,0.139611913271116,0.95,ho_reconstruction,8,C
70,se,0.0664220085373221,0.00400960853175287,5000,0.058563320222982,0.0742806968516623,0.95,ho_reconstruction,8,C
80,dev,0.123654011342252,0.0013800887901747,5000,0.120949087018042,0.126358935666462,0.95,ho_reconstruction,8,C
80,chisq,0.135572113459977,0.00168812641904698,5000,0.132263446477294,0.13888078044266,0.95,ho_reconstruction,8,C
80,se,0.0651933696866639,0.00398244458173967,5000,0.0573879217360274,0.0729988176373003,0.95,ho_reconstruction,8,C
90,dev,0.12334661115465,0.00137851746211837,5000,0.120644766576838,0.126048455732461,0.95,ho_reconstruction,8,C
90,chisq,0.134993555441324,0.00168107077093895,5000,0.131698717274821,0.138288393607828,0.95,ho_reconstruction,8,C
90,se,0.0654523293954924,0.00386336487271117,5000,0.0578802733858413,0.0730243854051435,0.95,ho_reconstruction,8,C
100,dev,0.123104643356318,0.00137438364001306,5000,0.120410900920951,0.125798385791685,0.95,ho_reconstruction,8,C
100,chisq,0.134368005526526,0.00167428565233528,5000,0.131086465948116,0.137649545104935,0.95,ho_reconstruction,8,C
100,se,0.0664524643134626,0.00402962054436559,5000,0.0585545531751433,0.0743503754517818,0.95,ho_reconstruction,8,C
10,dev,0.0873472139060958,0.0027578525335151,1000,0.0819419222657336,0.0927525055464579,0.95,insample,9,C
10,chisq,0.155538702594122,0.00493124095093628,1000,0.145873647931198,0.165203757257047,0.95,insample,9,C
10,se,-0.00582783204048871,0.00449596349682389,1000,-0.0146397585700703,0.00298409448909288,0.95,insample,9,C
20,dev,0.117936722124744,0.0032082814236881,1000,0.111648606082047,0.124224838167442,0.95,insample,9,C
20,chisq,0.165379438140639,0.00463664409612552,1000,0.156291782703103,0.174467093578175,0.95,insample,9,C
20,se,0.00963401850896504,0.00335909338717552,1000,0.00305031644939437,0.0162177205685357,0.95,insample,9,C
30,dev,0.125672129540044,0.00338930930303923,1000,0.119029205373621,0.132315053706468,0.95,insample,9,C
30,chisq,0.149561232586543,0.00416842336812511,1000,0.141391272912702,0.157731192260383,0.95,insample,9,C
30,se,0.0251834032141172,0.00249273162541946,1000,0.020297739005171,0.0300690674230633,0.95,insample,9,C
40,dev,0.128228068576477,0.00331647454693656,1000,0.121727897908837,0.134728239244116,0.95,insample,9,C
40,chisq,0.135688936384025,0.00377084310663833,1000,0.128298219703662,0.143079653064387,0.95,insample,9,C
40,se,0.0390463368768038,0.00279012875930861,1000,0.0335777849963295,0.0445148887572781,0.95,insample,9,C
50,dev,0.129550455864296,0.00333083424504375,1000,0.123022140705538,0.136078771023055,0.95,insample,9,C
50,chisq,0.132819863909534,0.00370338869878779,1000,0.125561355439157,0.140078372379911,0.95,insample,9,C
50,se,0.0496235070230901,0.00415429688979142,1000,0.0414812347380122,0.0577657793081681,0.95,insample,9,C
60,dev,0.12990943763008,0.00333310284792945,1000,0.123376676091371,0.13644219916879,0.95,insample,9,C
60,chisq,0.13263953088587,0.00369117360384704,1000,0.125404963561645,0.139874098210096,0.95,insample,9,C
60,se,0.053005038510092,0.00486011109814135,1000,0.0434793957968716,0.0625306812233125,0.95,insample,9,C
70,dev,0.129696620302727,0.00333447977651686,1000,0.123161160033577,0.136232080571878,0.95,insample,9,C
70,chisq,0.133412793170618,0.00372331027047468,1000,0.12611523913722,0.140710347204016,0.95,insample,9,C
70,se,0.050986958757895,0.00445022688518641,1000,0.0422646743398978,0.0597092431758922,0.95,insample,9,C
80,dev,0.129666431265813,0.00334696162132183,1000,0.123106507030384,0.136226355501241,0.95,insample,9,C
80,chisq,0.132646648983128,0.00371392509188225,1000,0.125367489561759,0.139925808404496,0.95,insample,9,C
80,se,0.0517566575763509,0.00433308683596844,1000,0.0432639634359682,0.0602493517167337,0.95,insample,9,C
90,dev,0.129679030727667,0.00334287525695128,1000,0.123127115619232,0.136230945836101,0.95,insample,9,C
90,chisq,0.131437416366923,0.00368756811092313,1000,0.124209915678975,0.13866491705487,0.95,insample,9,C
90,se,0.0550800151825109,0.00449354662672398,1000,0.0462728256312805,0.0638872047337413,0.95,insample,9,C
100,dev,0.130282693653016,0.00336082918610831,1000,0.123695589490053,0.136869797815979,0.95,insample,9,C
100,chisq,0.133014961345557,0.0037234456110814,1000,0.125717142049444,0.14031278064167,0.95,insample,9,C
100,se,0.0549978967135066,0.0048452205032205,1000,0.0455014390300394,0.0644943543969738,0.95,insample,9,C
10,dev,0.077894703624874,0.00126431725870832,5000,0.0754166873327733,0.0803727199169748,0.95,ho_reconstruction,9,C
10,chisq,0.155321053617112,0.00262892526203776,5000,0.150168454785471,0.160473652448754,0.95,ho_reconstruction,9,C
10,se,-0.00333833013829036,0.00193717394604434,5000,-0.0071351213043266,0.000458461027745872,0.95,ho_reconstruction,9,C
20,dev,0.11090339664716,0.00145202887832733,5000,0.108057472341126,0.113749320953194,0.95,ho_reconstruction,9,C
20,chisq,0.168421086501325,0.00228262690539504,5000,0.163947219976608,0.172894953026041,0.95,ho_reconstruction,9,C
20,se,0.00383389394042837,0.00182433757823372,5000,0.000258257991447265,0.00740952988940948,0.95,ho_reconstruction,9,C
30,dev,0.118829756865339,0.00152188706691561,5000,0.115846913025647,0.121812600705031,0.95,ho_reconstruction,9,C
30,chisq,0.154658965424089,0.00202961232104135,5000,0.150680998372269,0.158636932475909,0.95,ho_reconstruction,9,C
30,se,0.0315004018093131,0.00265305153632588,5000,0.0263005163489857,0.0367002872696404,0.95,ho_reconstruction,9,C
40,dev,0.123008678381567,0.00147448565713249,5000,0.120118739597866,0.125898617165268,0.95,ho_reconstruction,9,C
40,chisq,0.142910857477241,0.00181405898860092,5000,0.139355367193752,0.14646634776073,0.95,ho_reconstruction,9,C
40,se,0.0513805636858888,0.00306463818432517,5000,0.0453739832189652,0.0573871441528123,0.95,ho_reconstruction,9,C
50,dev,0.123339838717307,0.00145298759305119,5000,0.120492035364943,0.126187642069671,0.95,ho_reconstruction,9,C
50,chisq,0.139478655212519,0.0017601499488722,5000,0.136028824705339,0.142928485719698,0.95,ho_reconstruction,9,C
50,se,0.0578000014635384,0.00346689992016938,5000,0.0510050024820016,0.0645950004450751,0.95,ho_reconstruction,9,C
60,dev,0.123268513011163,0.00145076928438717,5000,0.120425057463888,0.126111968558439,0.95,ho_reconstruction,9,C
60,chisq,0.139302980946631,0.00175839077687871,5000,0.135856598353201,0.14274936354006,0.95,ho_reconstruction,9,C
60,se,0.0576411588149497,0.00346647909480349,5000,0.0508469846359739,0.0644353329939256,0.95,ho_reconstruction,9,C
70,dev,0.122954044418756,0.00145368859085095,5000,0.120104867135951,0.125803221701561,0.95,ho_reconstruction,9,C
70,chisq,0.138992089035001,0.00175766752477945,5000,0.135547123989638,0.142437054080364,0.95,ho_reconstruction,9,C
70,se,0.0583704852968823,0.00356883877620022,5000,0.0513756898288999,0.0653652807648648,0.95,ho_reconstruction,9,C
80,dev,0.122414132507987,0.00144282301584125,5000,0.119586251360873,0.125242013655101,0.95,ho_reconstruction,9,C
80,chisq,0.138232903472361,0.00174606881875566,5000,0.134810671473071,0.14165513547165,0.95,ho_reconstruction,9,C
80,se,0.0570345589720564,0.00338892190834706,5000,0.0503923940852774,0.0636767238588354,0.95,ho_reconstruction,9,C
90,dev,0.121610947505041,0.00143552851657122,5000,0.118797363313781,0.124424531696301,0.95,ho_reconstruction,9,C
90,chisq,0.136834019866851,0.00173163504961572,5000,0.133440077535237,0.140227962198465,0.95,ho_reconstruction,9,C
90,se,0.0574998275486867,0.00351246612708953,5000,0.0506155204426743,0.0643841346546991,0.95,ho_reconstruction,9,C
100,dev,0.121693818665935,0.00143598133258415,5000,0.118879346971599,0.124508290360272,0.95,ho_reconstruction,9,C
100,chisq,0.136905135159282,0.00173261694540205,5000,0.133509268347291,0.140301001971274,0.95,ho_reconstruction,9,C
100,se,0.0577319035140579,0.00356449126884649,5000,0.0507456290039113,0.0647181780242045,0.95,ho_reconstruction,9,C
10,dev,0.092441723421974,0.00300854547979557,1000,0.0865450826357239,0.0983383642082241,0.95,insample,10,C
10,chisq,0.16568374040452,0.0054773547673351,1000,0.154948322329994,0.176419158479046,0.95,insample,10,C
10,se,0.0144037991781841,0.00439395326186496,1000,0.00579180903517646,0.0230157893211917,0.95,insample,10,C
20,dev,0.119830208625383,0.00328022595257309,1000,0.113401083897186,0.12625933335358,0.95,insample,10,C
20,chisq,0.167416052537946,0.00486688902752627,1000,0.157877125327242,0.176954979748651,0.95,insample,10,C
20,se,0.00658066031889483,0.00411460384867739,1000,-0.00148381503516274,0.0146451356729524,0.95,insample,10,C
30,dev,0.128345209855719,0.00326905504114431,1000,0.121937979711597,0.134752439999841,0.95,insample,10,C
30,chisq,0.152393381200419,0.00426185283536728,1000,0.14404030313569,0.160746459265149,0.95,insample,10,C
30,se,0.03080399764439,0.00327348929190739,1000,0.024388076528474,0.037219918760306,0.95,insample,10,C
40,dev,0.131317191989144,0.00327364276140539,1000,0.124900970078539,0.137733413899748,0.95,insample,10,C
40,chisq,0.136205038437295,0.0038143200335989,1000,0.128729108545932,0.143680968328659,0.95,insample,10,C
40,se,0.0481602657476967,0.00619962782455206,1000,0.0360092184940223,0.0603113130013712,0.95,insample,10,C
50,dev,0.131319463769198,0.00327047084785698,1000,0.12490945869491,0.137729468843485,0.95,insample,10,C
50,chisq,0.134264976075156,0.00376548650974323,1000,0.126884758131788,0.141645194018524,0.95,insample,10,C
50,se,0.0542880282505124,0.0070976237906257,1000,0.0403769412450713,0.0681991152559534,0.95,insample,10,C
60,dev,0.132822213571132,0.00332657300844371,1000,0.126302250282639,0.139342176859625,0.95,insample,10,C
60,chisq,0.136332351245366,0.00384948864568161,1000,0.128787492140935,0.143877210349798,0.95,insample,10,C
60,se,0.0552128764162632,0.00703697851724424,1000,0.0414206519624824,0.069005100870044,0.95,insample,10,C
70,dev,0.132930310731795,0.0032933936201653,1000,0.126475377849357,0.139385243614233,0.95,insample,10,C
70,chisq,0.136368695163885,0.00381499919835881,1000,0.128891434134053,0.143845956193717,0.95,insample,10,C
70,se,0.0568358595535641,0.00756604462800816,1000,0.0420066845772454,0.0716650345298829,0.95,insample,10,C
80,dev,0.132032131765778,0.00330009713667187,1000,0.125564060232417,0.138500203299139,0.95,insample,10,C
80,chisq,0.134396002474208,0.00379284788399227,1000,0.126962157222745,0.141829847725672,0.95,insample,10,C
80,se,0.0575935520517656,0.00722423104234821,1000,0.0434343193927669,0.0717527847107644,0.95,insample,10,C
90,dev,0.132760084145273,0.00331944910187278,1000,0.126254083457088,0.139266084833457,0.95,insample,10,C
90,chisq,0.132992076356956,0.0037392482812739,1000,0.125663284396405,0.140320868317506,0.95,insample,10,C
90,se,0.0650627484010785,0.00774333062936122,1000,0.0498860992471446,0.0802393975550123,0.95,insample,10,C
100,dev,0.133362726517455,0.00332933253442075,1000,0.126837354657433,0.139888098377477,0.95,insample,10,C
100,chisq,0.136984647364873,0.0038494476914282,1000,0.129439868529303,0.144529426200443,0.95,insample,10,C
100,se,0.0595909520010821,0.00829276446347879,1000,0.04333743232039,0.0758444716817741,0.95,insample,10,C
10,dev,0.0794288216908774,0.00123961137102719,5000,0.0769992280488378,0.081858415332917,0.95,ho_reconstruction,10,C
10,chisq,0.154903515720729,0.00248439407497671,5000,0.15003419281037,0.159772838631088,0.95,ho_reconstruction,10,C
10,se,-0.00110942281038023,0.00188706502636468,5000,-0.00480800229854013,0.00258915667777967,0.95,ho_reconstruction,10,C
20,dev,0.110843499693053,0.00134685096169265,5000,0.108203720315592,0.113483279070514,0.95,ho_reconstruction,10,C
20,chisq,0.167671235458526,0.00217001035560995,5000,0.163418093315451,0.1719243776016,0.95,ho_reconstruction,10,C
20,se,0.00369317135254275,0.00163517755920844,5000,0.000488282228166086,0.00689806047691941,0.95,ho_reconstruction,10,C
30,dev,0.120069086719361,0.00142694551726547,5000,0.117272324897619,0.122865848541102,0.95,ho_reconstruction,10,C
30,chisq,0.154052243535188,0.00195666499362076,5000,0.150217250617881,0.157887236452495,0.95,ho_reconstruction,10,C
30,se,0.0308680829388375,0.00186866997085941,5000,0.0272055570969615,0.0345306087807134,0.95,ho_reconstruction,10,C
40,dev,0.125058112938003,0.00140798885940699,5000,0.122298505482931,0.127817720393074,0.95,ho_reconstruction,10,C
40,chisq,0.14033051127342,0.00175139245475147,5000,0.136897845139312,0.143763177407528,0.95,ho_reconstruction,10,C
40,se,0.0566152737705332,0.00261273491637999,5000,0.0514944074332782,0.0617361401077883,0.95,ho_reconstruction,10,C
50,dev,0.124642600455549,0.0013959956205958,5000,0.121906499316605,0.127378701594492,0.95,ho_reconstruction,10,C
50,chisq,0.138643695688291,0.00172763597561276,5000,0.135257591397695,0.142029799978888,0.95,ho_reconstruction,10,C
50,se,0.0587691152149939,0.00282291820726617,5000,0.0532362971974499,0.064301933232538,0.95,ho_reconstruction,10,C
60,dev,0.123448140290722,0.001389776494502,5000,0.120724228414938,0.126172052166507,0.95,ho_reconstruction,10,C
60,chisq,0.137409472590764,0.00172153885654407,5000,0.134035318433951,0.140783626747577,0.95,ho_reconstruction,10,C
60,se,0.0577454991003253,0.00272033425354333,5000,0.0524137419374697,0.0630772562631809,0.95,ho_reconstruction,10,C
70,dev,0.124100161100099,0.00139350054245696,5000,0.121368950224447,0.126831371975752,0.95,ho_reconstruction,10,C
70,chisq,0.137920855066544,0.00172182051052284,5000,0.134546148878076,0.141295561255011,0.95,ho_reconstruction,10,C
70,se,0.0583989199440106,0.00273467221442935,5000,0.0530390608942066,0.0637587789938145,0.95,ho_reconstruction,10,C
80,dev,0.123296927239624,0.00138535012250919,5000,0.120581690893528,0.12601216358572,0.95,ho_reconstruction,10,C
80,chisq,0.136587092568634,0.00170686229855254,5000,0.133241703936902,0.139932481200367,0.95,ho_reconstruction,10,C
80,se,0.0581500514372589,0.00274723617615781,5000,0.0527655674749641,0.0635345353995537,0.95,ho_reconstruction,10,C
90,dev,0.122762449337229,0.00138075228149891,5000,0.120056224593919,0.125468674080538,0.95,ho_reconstruction,10,C
90,chisq,0.13588022437684,0.00169946107605954,5000,0.132549341874636,0.139211106879045,0.95,ho_reconstruction,10,C
90,se,0.0593275027238876,0.00293589029269044,5000,0.0535732634876536,0.0650817419601217,0.95,ho_reconstruction,10,C
100,dev,0.122376083222851,0.0013759363080453,5000,0.119679297614061,0.125072868831641,0.95,ho_reconstruction,10,C
100,chisq,0.135542535094105,0.00169520506391226,5000,0.132219994222427,0.138865075965783,0.95,ho_reconstruction,10,C
100,se,0.0594744993416285,0.00286182032709947,5000,0.0538654345702889,0.0650835641129681,0.95,ho_reconstruction,10,C
