path,bytes,mtime,sha256
Data/FITS/fit_0020e76f06d1_K3.qs2,24107,2026-07-07 21:31:26,c3cf199f94d5dfe8ce39f213d5dffeca47afd279263a956c95ad703c3811b9f9
Data/FITS/fit_004c35dcfab6_K20.qs2,122297,2026-07-10 14:54:56,02f83ecc338770e587f2aeccf9eeb973d32e534775a70123eee9ef6f0c306135
Data/FITS/fit_005cb686b803_K10.qs2,877709,2026-07-08 12:43:12,dbbb276b2dc3687dec93e48cccf9684a2e256934789285532e1f07011a59bb9f
Data/FITS/fit_0060626a6e52_K4.qs2,7867,2026-07-08 09:15:35,b85f2c9a433088aa090a5fd208c416ef8408fe06c22d3567a3776bc63117d8b4
Data/FITS/fit_008aa8d421af_K30.qs2,157227,2026-09-01 22:26:50,bb0e15c1ff0182a24a6a7d874e6a10dccc8f8f0cc361420380d78de6dbf661f5
Data/FITS/fit_00b7bcb792ce_K40.qs2,195289,2026-07-11 09:33:19,13f9acb3a7be58c769d9a6ff360c944a433cc477a52ea0bda7baded84bbcabe5
Data/FITS/fit_00c520b724cc_K90.qs2,2957364,2026-07-09 09:43:56,cb6749be9011016949edea3df29c0d982d7c8799784021d56e42d6ea8ea5404b
Data/FITS/fit_00c5f7220988_K5.qs2,715372,2026-07-08 12:44:05,a7294c87c27c97db6cbcb7835ce369a535347aed646d15c0653875a62b119619
Data/FITS/fit_0115fdbfad75_K30.qs2,155519,2026-09-01 22:26:55,f0e9adba27a6d43e6183cc7b0c3c5415c37fe1a211624a500341e60c6883df5e
Data/FITS/fit_012179b6f68d_K20.qs2,122487,2026-07-11 13:10:27,5d73f15f1123f27504a252c60b9b0c6173673b669b56623c00a4357d907c4ae1
Data/FITS/fit_014332f94a70_K10.qs2,100432,2026-07-09 20:42:05,73db728c9883adc609164e3647cd9f1d1b8540bac3271907272fb815c96da7ef
Data/FITS/fit_014f32109770_K40.qs2,206945,2026-07-11 07:06:52,1ff515ad4fc693e5bd5d3074210f4227277e71b305b8c646f2922d7b5b2ed878
Data/FITS/fit_015473f40059_K20.qs2,2175805,2026-07-14 18:21:16,f62992e060203e8ef0e5ce45d5f7f8b8c7da569e55c9154cbd08a0957415d436
Data/FITS/fit_015619649fa3_K130.qs2,594966,2026-07-09 20:21:57,b5be02d4e7d6388aa357169f3ce71e23db3ac94d9501ffeb9826ca9ab09e22df
Data/FITS/fit_0157622d7efa_K10.qs2,142827,2026-07-08 22:18:23,ef08f324deaa97eda09ccb6a035a0d400f97b0c8f02654c5d9504bbf03c50e85
Data/FITS/fit_0158867b82f5_K80.qs2,459002,2026-07-10 16:48:36,26bc308706f6b85486aecb5d4a906074f62fea78304c697fe3bffb7485601e94
Data/FITS/fit_016b68a46187_K50.qs2,1829482,2026-07-09 10:14:35,aa9246f7907767bc92d266422cf365c1bf8beb42f5e30041a7e9c6117d62c251
Data/FITS/fit_01860a065011_K90.qs2,313588,2026-09-01 09:58:49,dfde22407ebe86b72707db8d6f2ccded07fa458b838bcbef2e436eb7feae08c0
Data/FITS/fit_0188ff884f3c_K40.qs2,179550,2026-07-10 16:53:28,178499efb8e6ccfc034daf7e99f1bee653eb97fe708253ff6ce952f324a3bfa1
Data/FITS/fit_01954dc9809f_K10.qs2,81628,2026-07-11 13:12:06,dc3e2c08faebabba25f40a2adf91debc6c48041e64191af2396a36ea398c129b
Data/FITS/fit_01ade078acbd_K40.qs2,179334,2026-07-10 16:53:41,8bcc7f9577b50f00cb0b09d00c90bf30f599bfe8e8c5b6d3cb5d5ada7c763632
Data/FITS/fit_01b3f2f8f8ae_K14.qs2,1588183,2026-07-07 15:36:44,42bf75ee8699ea7857d7996ef504e2f788a40bffabee7ac44e0ae1e716845bbf
Data/FITS/fit_01bee29650ac_K10.qs2,82830,2026-07-11 08:29:21,bd3489f4ff82e7351f193ef9fb514b7e42331eb21c96c3028d91e2e9c23a9497
Data/FITS/fit_01bf9e1e0804_K4.qs2,10289,2026-07-09 07:09:23,ab16a776c8a3f8be5bf3e571916e77798bed18891126b0aa1cb7e31f064dd34d
Data/FITS/fit_01c7fdaa0e1e_K10.qs2,80533,2026-07-10 16:56:24,d755f17fb8ed181edf5322df3fa657950afd7ccf9aa9ecb6350958f8c65f19ec
Data/FITS/fit_01c9ba7eaa29_K10.qs2,79951,2026-07-11 06:55:45,e7392633f6173ad547f9baf591f16d038bfc7b5680bebc5735e9719b669104ee
Data/FITS/fit_01d8110f061a_K10.qs2,80970,2026-07-11 00:26:18,5a2b52c086f5de4f5804206e26c778204d44a69e73347e056372563b2e06343d
Data/FITS/fit_01dbd8c83e42_K20.qs2,926275,2026-07-09 10:50:47,c96a657c94c0f4128d2a8faacb12400c9174b2da1e572ba64de5806f1700b7bf
Data/FITS/fit_021062e76905_K100.qs2,488520,2026-07-09 20:26:55,17361af57199404c5db435aafa9e5816439ef474bc75880c46f884f5ab90b1c4
Data/FITS/fit_022d96a78bb6_K18.qs2,194848,2026-07-07 21:50:32,eb82f260778638b4b4dde31e42f9f658e74a5d25dc70b202f94de49abdfbc955
Data/FITS/fit_0289333bb504_K90.qs2,484309,2026-07-10 16:47:46,5f34f40f7b1d27724ddcfbf4ec5e458047819722ed8de0f20f6a1890340f5fab
Data/FITS/fit_02b812f98968_K170.qs2,724235,2026-07-09 20:15:06,45b1878102148aadabc38cc90c8bb084270824e03a8fd8c41a93bba6db1655c2
Data/FITS/fit_02c06c3d458d_K100.qs2,340755,2026-07-10 14:47:09,33f727a274b5a31c5e70b5cd123477ae67227b80a03ea346c3609ab62c53b03c
Data/FITS/fit_02d26009fbc7_K90.qs2,316980,2026-07-11 12:57:52,3ad5e5043f654455ba46c606880c5d12658fff7302357bb2d97ab76f0af6ed16
Data/FITS/fit_02ebda4132ef_K75.qs2,2473562,2026-07-08 10:06:34,2aff474c42e84146479e1914b04e6f15cf8fb28f75be7888c7186158bb263aa8
Data/FITS/fit_0303d9b8db08_K2.qs2,7587,2026-07-09 07:00:46,75f44992c870cfddb80aa09c64a809960b2359ab2fcd288388cbca1e85647bd3
Data/FITS/fit_0313771def21_K70.qs2,369587,2026-07-09 20:32:00,0d0bf593de262e9b087409eccf352f5a9f4f924bcfacb5d53155b3ecf6fd67ec
Data/FITS/fit_0318aaecd8f2_K10.qs2,85353,2026-07-11 04:47:25,7a932bc0087652391e69e2ad63804c3cfcdb4bf5c9f1dfd3a56158b7a0c61df5
Data/FITS/fit_032074c69d1c_K140.qs2,4158268,2026-07-09 08:50:09,a31b28e1aa479c5ebe92b649efdad6e19cdccdadda168d5e44a7077af5631366
Data/FITS/fit_03271a40580e_K40.qs2,177753,2026-07-10 16:53:43,e1975ba229cf0cd688ae2b1d7a52a8d6bf801461f5fb873bd5b3733654bda774
Data/FITS/fit_0340e0dc25c1_K200.qs2,810268,2026-07-09 20:09:32,cced22843df9e4b7ea448dc7c69321489c68138df6fd4eec1a95a8006af46002
Data/FITS/fit_035311081f37_K15.qs2,106384,2026-09-01 09:43:53,4dbbf1039f4128490d1d85f31a9c5f8792eacb66823d47fb750e9c0a2551f9e8
Data/FITS/fit_038adec7c14a_K20.qs2,20259,2026-07-09 07:09:12,b26146cfef0dbcb984dd41d0abf388e71bdec2e3c569159bc207524adc4a0303
Data/FITS/fit_038f411944d0_K4.qs2,32633,2026-07-07 15:19:13,a2686c214f3a8286c6f4235b63deeb635902aea0a910b38928c1750e79d5f928
Data/FITS/fit_03a5c5656adc_K50.qs2,280526,2026-07-09 20:35:13,71a4708a6d57e8890679cf3819878da86db51877d2ff7270d573e88c0505aff3
Data/FITS/fit_03ac6f78954d_K30.qs2,508910,2026-07-07 22:31:25,e29ad45d19b81c4829ea39169fc2c67892403d10ee653a53e017b0f74f367ebe
Data/FITS/fit_03b9311536aa_K40.qs2,182937,2026-07-11 00:16:12,f2423a5d16ab8c7c0bc676fbbaf60234e5c35347662a1ed115b19aa4c4629d36
Data/FITS/fit_03be1fddd7ba_K35.qs2,84300,2026-07-07 21:59:19,beb01693c86dd16fca7f3fa0db8fc6a84f452ef79a882fb69639032cee373847
Data/FITS/fit_03c9e6f71cc3_K50.qs2,490412,2026-07-07 22:55:16,8cb943853d953c449fb12917de4660b1c1717b5c408eeecbd0244962b4d6fc16
Data/FITS/fit_03cb148e109d_K15.qs2,118525,2026-07-08 09:17:13,b6f377974eaf4bf6698357d2b99b575ffa0b2e0ba2b5f767055be357d6f1603a
Data/FITS/fit_03cc43348e9c_K18.qs2,25016,2026-07-09 07:09:13,4d735cd1c2916a4137a28808110da42c7877efe0a756bee49da67cbdc33d73ac
Data/FITS/fit_040c897d2851_K90.qs2,451197,2026-07-09 20:29:09,98c59b72b723d6c56bb788da221167f87c5761611352109b18cc597c5555d022
Data/FITS/fit_0424bbb3fac2_K140.qs2,4159598,2026-07-09 08:49:32,c63b789d756a04a49cefa53de7c7bd828f48509e11e4c307157e224e1dd1b21a
Data/FITS/fit_044960894fd0_K40.qs2,219304,2026-07-07 22:49:38,9ee9b7c7daa284e7b1ad5caed7cc7322e488e4d02ffffbbc798db6e90e3ccce3
Data/FITS/fit_045eebced027_K30.qs2,153918,2026-07-11 13:08:23,db9377a4595abe159b3228d26d402c76f0f63b7efae9d50af7c5f89bfa396fb8
Data/FITS/fit_0473ab442923_K8.qs2,83173,2026-07-08 09:17:37,2ee9bda7a42c60f3069b01378aa143df65e0e2748e1e425ab10eefa79299f634
Data/FITS/fit_048b1bd18e7d_K60.qs2,377598,2026-07-10 16:51:07,e5bdb5900c2e944a7c3e9316123171f4365b324992ecc83d56d1cacdbd7d4b54
Data/FITS/fit_049313e991a3_K12.qs2,1535904,2026-07-07 16:22:49,a2e5a2c58ccc92f9c91c2a497ccaa5299e2a9ac19bfd89139af68328b6e42600
Data/FITS/fit_049a472f75dc_K80.qs2,457446,2026-07-10 16:48:50,9520c524ae109ae62054fc7902e51ef49a6f386dd23fcc0e8936a8f010e17abe
Data/FITS/fit_04a85ae44e39_K40.qs2,175843,2026-07-11 01:31:37,cc932307c21726527abcad95b97d58a65355a2e084e5ae76cee0e171adfeb208
Data/FITS/fit_04e7ac6a3e4f_K14.qs2,1593492,2026-07-07 18:09:36,cf37ba796196044f2b409816ac957f4dd67284d16fb0faa75586af3ddd8c1e9f
Data/FITS/fit_04e90b69f085_K40.qs2,194364,2026-07-11 08:17:26,2d33cc3c2c4a9101a7f13c1e282fd871553cd080979837855cdfd2ad8d9b9984
Data/FITS/fit_04ee0bf92920_K25.qs2,424707,2026-07-07 22:14:06,6fe0db26b42cf76306ba2f514e21011661e2377b9b6745e2cf644b81c1aa5605
Data/FITS/fit_04f052a45027_K40.qs2,295372,2026-07-10 16:53:19,bc6dbc2f4d2bd0c2c4bc209b248256aa1b8a77c0c85aa03d674ab373f1eb7749
Data/FITS/fit_04f811a4ed33_K200.qs2,813262,2026-07-09 20:09:34,1f58039d8ab71516ae2ef7c6ff3aad23ea78e9ec1cdb52184308f11542504c58
Data/FITS/fit_050ecc537806_K35.qs2,176100,2026-09-01 22:26:33,8753a87add2a0d8f8eff3260112452b8cafb35220d15916b56a7638cc9b461bf
Data/FITS/fit_055137f51671_K10.qs2,561168,2026-07-09 10:58:05,78abe1a924496a73e6f094ea243f4c76c53393cf1c5c73cffc2ef026157db370
Data/FITS/fit_05808e02abd4_K120.qs2,561890,2026-07-09 20:23:57,0f0b5614b9264dda9ea6cc854b12f7fd4e3277e1fe80186eda295f30f3de9b4f
Data/FITS/fit_05880580722a_K10.qs2,91353,2026-09-01 09:44:05,3884e51c1181bcf72192f2d62079005a184b99337a82019b960cd12d021433ad
Data/FITS/fit_05b9d40c5ace_K30.qs2,248652,2026-07-10 16:54:16,43c0e5634622ee8cf4d7dd7fcd17395e702f5e6a88d3e0120291ca37b8dadabb
Data/FITS/fit_05bcae75ee2e_K70.qs2,422413,2026-07-10 16:49:52,1f82fdb9f857991235c4e6d95fe139ace00c95dba1e8cecc345394308401a35b
Data/FITS/fit_05bd0876011d_K100.qs2,3219980,2026-07-09 09:36:07,dc9a0000a9056e3142eae4d35ce7c13a6b58994fdb72a21cf44edfeb8d7a73ca
Data/FITS/fit_05c1b4d1be75_K90.qs2,451843,2026-07-09 20:28:12,c4200ae6f0d824e20184cc0b186949e4e6117c438970020456aefa8941103aa8
Data/FITS/fit_05d4c89a42ff_K5.qs2,1166103,2026-07-07 15:23:29,76cb0f6fdaf98a3edae847e1f03d2a0636cd44cc4e3267ed3cae0da0977b02c6
Data/FITS/fit_05f8130e3d38_K5.qs2,105894,2026-07-07 22:47:58,774c8b536c11ffb0b764c6d9757465614d96260e278133894230c1f470aef5d8
Data/FITS/fit_060f6b008182_K17.qs2,193249,2026-07-07 21:51:25,ea419e5c51d2a81ce95b6e8e8be33e88ca9e8a0772250cedd1d0e3b13a770565
Data/FITS/fit_062a49ba955f_K6.qs2,12745,2026-07-09 07:13:21,11a8f569479a6994c2208306a63da856f1ed5e830ff3e093840d45d5d153f319
Data/FITS/fit_062e047bd45e_K7.qs2,1263086,2026-07-07 16:24:32,86833b3e09074206fd34c60cdd6f3d7dd49e6884488d752ffb66436818264812
Data/FITS/fit_0640369134a6_K3.qs2,24421,2026-07-07 21:31:23,4403d82be0bb3f01c498011ede3c6fb9dc7f898c5384659ebe0aaf792442851f
Data/FITS/fit_064da0e2ef8d_K60.qs2,376958,2026-07-10 16:50:42,3e1c74ec7cf8050d3be6e76bf48958410af576b0be395ec7c25d562a0253f918
Data/FITS/fit_0671fc225a4a_K40.qs2,182797,2026-07-11 13:07:15,87c5c2b3e4ffc1351aaffdb24fe7ec503db30da1bd78ef9fd61ec362e780fb62
Data/FITS/fit_0692954c00c1_K120.qs2,3726207,2026-07-09 09:06:58,6b7b96271b89c44ae32c1f7745c4aced991e798585a95a085388408ee0a33fb1
Data/FITS/fit_0693fae32357_K40.qs2,5654251,2026-07-08 15:21:54,868a27dbb6d103fbadd8f9ddfd7e505b1c3edac2c800bed5c89e149f6da0b637
Data/FITS/fit_06b023904498_K90.qs2,318368,2026-07-10 16:48:10,60adce5bcd3568501d69326b3031fa5538e7c2279ca27ce9906aeaaea093c021
Data/FITS/fit_06b2d599ae3b_K4.qs2,37662,2026-07-07 21:31:26,40814713a81d81d7fe6194335e2396c086e0cb4a7ae8eb59580c9cdee36dd3fe
Data/FITS/fit_06cb380a7417_K130.qs2,3958739,2026-07-09 09:02:29,6707c7961248d34cacf5fc4b1a8d800c26c9261c40be8edfd6e0b2ea3612fb9c
Data/FITS/fit_06d8644ceb89_K10.qs2,14890,2026-07-09 07:10:22,bb854b5563468a27a1c89b5cf29a19a76c8d3878b76807d0a7ecf7412c1bf5da
Data/FITS/fit_06dcf7abb314_K110.qs2,527461,2026-07-09 20:25:53,2ee4c0d8460798f3bb8b57670e99353bbaeb15d1f64a548c42b4d6514928fef6
Data/FITS/fit_06fcde17bfe0_K25.qs2,140815,2026-09-01 09:43:52,4167d59c487b7cf5c8612f56ef395e6b36a19ca5a2a7f70f630e72402b596a09
Data/FITS/fit_071a5dea0e20_K10.qs2,17376,2026-07-09 07:12:30,c2b2e5efd915a2e0c5a631bed6f4c16c5be234443d542373220a26ee8ea777ea
Data/FITS/fit_071ffc905203_K5.qs2,60941,2026-09-01 22:28:13,1a44cfe5ea833a364bdc2e520c38704807ff7018652a12c4040dc515775527f9
Data/FITS/fit_072053b6ddbe_K10.qs2,560353,2026-07-09 10:53:05,68785f45cfbc518a0bed8ee58dce9548e286b9ec3605c616ae1bcd8e7c010ff3
Data/FITS/fit_072498093892_K7.qs2,1255676,2026-07-07 18:06:57,799aa480f3f2f3d03925436e75a2d180cfd653f5cb328ac8b42ac6feb3e72aa8
Data/FITS/fit_0737428c576f_K20.qs2,123329,2026-07-11 13:10:51,6522d8e5cb290acfbac34233147e4a6a1fe9e82e073c27d20ae85d7dcc2a5dcf
Data/FITS/fit_074eb231ee8c_K80.qs2,286107,2026-09-01 10:32:24,50ded3c3e7644b8fd634730ddb84f24b906409bfe51fad01d55665271bffa9a8
Data/FITS/fit_0750e176f665_K30.qs2,200181,2026-07-07 22:50:59,a424d04e2842a28a8e3bb50c123b73ff2ba296b294af5418d59dd2f079149a27
Data/FITS/fit_07555d32fb03_K170.qs2,717311,2026-07-09 20:15:05,8ed9cd3418a09db0ed82caafb1ed7d2abff58854af12320d0ad4e90ba826bb84
Data/FITS/fit_0766297bf20e_K20.qs2,932459,2026-07-09 10:43:57,c89b969b0eaac472b8d956244c4ca8a5da2bd8ae7e3ec68ee5817b427cf69d6c
Data/FITS/fit_076821040b18_K45.qs2,205220,2026-09-01 22:25:53,5c32b5a25792a8c84806bcaac0bb6534c2a77dc653e66daba5151a129124fb1e
Data/FITS/fit_077f2b696554_K40.qs2,176989,2026-07-11 04:23:47,169712deaaaa1bc5087c28a2fe602992170cdef68079537921715ee5299da0fa
Data/FITS/fit_0794133d57c9_K5.qs2,64910,2026-07-09 20:44:03,dd5bab5ce3cf16d9f3f49c130933c0b63c1ead3bc821705a1076814e99fa61fa
Data/FITS/fit_07955f0f99b6_K8.qs2,15343,2026-07-09 07:09:21,657919d76de00efdeda5a5e3c71c56a797af9c88706350ca0970ad0c5a14e06b
Data/FITS/fit_079d6c4c61f1_K40.qs2,180931,2026-07-11 00:43:33,4e1706bf8608e4dddc5efae7d0adc7b715f44d8dbea57e07ca29c1b4a72fb6cf
Data/FITS/fit_079f40f5894c_K100.qs2,343042,2026-07-10 16:47:16,b9487ae0ce7b37bda9a2a0357a5eb433282f51ab4e0fe95d0652103221d7bb67
Data/FITS/fit_07b744410e30_K6.qs2,12310,2026-07-09 07:13:20,6557993ee119ec96923c1e470a1517c8b9a556ae100a6808666b76785fc8c030
Data/FITS/fit_07d5e13edf16_K180.qs2,4959362,2026-07-09 07:56:11,77a88be146c7d780f8eb46cc04fd13d5e14622e3b033ccaa22e01927d4e19eb3
Data/FITS/fit_07dded413be0_K10.qs2,79540,2026-07-11 01:04:25,3a842a4d9a61af6dcfd21af8bf62da56a6b7398549c396038a6e9d1bea702d2f
Data/FITS/fit_07f39b97de6b_K30.qs2,148174,2026-09-01 10:21:40,9cafc7d26bda6ced66867d3f0d6571d913d70e1f1de571b6c7450a481b4f58aa
Data/FITS/fit_07fd07d1b7eb_K70.qs2,369270,2026-07-09 20:32:18,e07226264c071bd7e39b1eb9232d18b6a39d302087a0d89f79e3e1bcc21dda0e
Data/FITS/fit_082251edb004_K120.qs2,562329,2026-07-09 20:23:28,2810961955d68213aa8cc06e7fb475151c44d20b05a08c4a139d7bd836a8f91b
Data/FITS/fit_083a05e8f364_K110.qs2,3495029,2026-07-09 09:16:13,97a8024a1e6464f791bd74f5c0cbcbe8bbeb9ed1479b89ac43dffb0a901a0ec2
Data/FITS/fit_0849916f9af0_K40.qs2,206969,2026-07-11 06:59:30,c55b5cc8df6a2dd6712f123a5ddc88d36879e578d3f5fa268a55efc119535c83
Data/FITS/fit_08a6758420e5_K9.qs2,1354253,2026-07-07 16:23:03,afad627ee99d75ac5186bbbf0a6f45d792c62dd6c5b46b6362110042f247c397
Data/FITS/fit_08a6d7b4cfc2_K18.qs2,112207,2026-07-11 12:50:49,77aaf78891afb5097d9b36e9ea1cbe26ae2baa579996feb74c0ffa0e40364bf0
Data/FITS/fit_08aa6e0afcdb_K60.qs2,238856,2026-07-11 13:03:20,682829bdbd641943078b4ce8e84fa3d5ad1d177a504d04e80328e7dccbe4e720
Data/FITS/fit_08c1e3f836ef_K41.qs2,185601,2026-07-11 12:50:08,5dbd3fee89d4b347eab9cdd3ee7929de5741897fbeb37148f24125c23a07282a
Data/FITS/fit_08c61783076e_K40.qs2,183055,2026-07-11 13:06:03,5ed3c5764c6364535d77494bd7d630f679a3117e808b53a885bda0500f611bb1
Data/FITS/fit_08ee7a7ba0fd_K50.qs2,6681147,2026-07-08 15:28:52,09a74cf5473b343d9aa858ebfe020540f995463ba78dd7bf285047f7f8bf5ec5
Data/FITS/fit_09145369e41f_K140.qs2,4198832,2026-07-09 08:44:39,1478dd938f9fbe132f31b8207e55c4054f81141dc0ab15eedadd5f793ea8bac1
Data/FITS/fit_091f09500626_K7.qs2,1244817,2026-07-07 16:25:56,052eb08131b7884b944197ac98030b850ce04c6b44c1e55cf6581533af1cc92e
Data/FITS/fit_092480bf8993_K60.qs2,7474554,2026-07-08 13:39:59,bf770570dcaa3dbc95f390331867108dd1c45bcb16c46ee12da95b0290d981cc
Data/FITS/fit_09351b5a2aff_K5.qs2,65078,2026-07-09 20:44:22,8dd48cbdb36aa510f5f2459aeda63f001d824c846ae7bab94e363d943b3cdbf7
Data/FITS/fit_0936544d6438_K30.qs2,327719,2026-07-07 22:50:42,d420b6e23429a4625e0cc8d47a9b50ce1d472b3cdd97606fd305f1356c679402
Data/FITS/fit_09765efc4206_K40.qs2,178962,2026-07-11 03:44:19,5b01c78c596659ea867437cd9c5081dc9ed4953c9e7603dcaa015f09e9bf8b6e
Data/FITS/fit_097b0ac3eb9f_K60.qs2,238450,2026-07-11 13:03:24,6bc7d80dbed1a9e36c4fdd01905b6f32a5c32c39324b52b3ce5f18353648fae4
Data/FITS/fit_09a2fec0173d_K50.qs2,209932,2026-07-11 13:05:01,470551bf8eaee7d604170dec126870829350009a5f7f8a100ec54c77960d718d
Data/FITS/fit_09a91746e5e8_K30.qs2,197792,2026-07-07 22:55:18,ef33ddfbf756b7c6db185cd1af496aaf61e8ad8a0e00ac8730c5189501c29288
Data/FITS/fit_09b74c55804c_K70.qs2,5127929,2026-07-14 17:24:31,574dce2b85190154e03abc81a93671cd0bf311d09b892bff6efbf837ea5f18b6
Data/FITS/fit_09ea447b5462_K100.qs2,3216941,2026-07-09 09:28:30,df8a6ff933bbb57b4cabdde5d0a0f115e6a996a2beb1b4d9e920dc68a306373a
Data/FITS/fit_09eba1050eee_K2.qs2,19783,2026-07-07 21:31:24,1da7d50cbf65a529bc4d181900796da78092573d2ebef7d8e5f8f599b586d1e1
Data/FITS/fit_0a40d75fd8dd_K160.qs2,693974,2026-07-09 20:17:23,c5bb74b5b5e0acc5428c8717117cd0192411e309f6bb9194f8d16bafc81c4ec7
Data/FITS/fit_0a4d5d89ca6f_K10.qs2,84959,2026-07-11 04:36:57,e18ccb81c21f8a3fe5debd1ca92a122006fc977a10eb08baf5d1b28b6388d98f
Data/FITS/fit_0a6a099d205e_K60.qs2,239137,2026-07-11 13:03:18,ed0cabb160582b07eaad19e0980724d278fcb2403ef4121f93b69cd281d51837
Data/FITS/fit_0a7c7e742c61_K5.qs2,64937,2026-07-09 20:44:15,5c2ce7a72fbb25d19430b26147e37d8576c829fe93baeac1bdae002375d994ec
Data/FITS/fit_0a8a85bbe90e_K40.qs2,180917,2026-07-10 14:52:46,8afd0585d4eecd75f3485ab1348efa21c9762084f1beb1423d8f3ea2ee2e65ef
Data/FITS/fit_0a93bab281bc_K75.qs2,2481746,2026-07-08 10:06:37,cd66254e09da6397302e9c5e11911f052752dc223297cb0e0f05a4c6b4bf91b8
Data/FITS/fit_0aacc9ff14e1_K50.qs2,210835,2026-07-10 14:52:14,efc979371f0f861a4291065e7a0945515926094991abb10ebda4b88cbd8f562f
Data/FITS/fit_0aba3d2cfe71_K100.qs2,487284,2026-07-09 20:27:18,a08bd942d8b44bb20291aadc534f5c77d128553be9b6a6dfeae620df0202bdcf
Data/FITS/fit_0ac686448c54_K190.qs2,5151319,2026-07-09 07:51:03,d1f4f41aaffddd61eb295f8afd15ae5a710209d4aff6aa7995b17e1821c84622
Data/FITS/fit_0acd9e695e1c_K10.qs2,92741,2026-09-01 22:28:02,502b1ae2029d730c4f7566e86b0436dbb50e1d0d2bda188bf6fccf1b66f976fe
Data/FITS/fit_0addd20f5856_K30.qs2,4691222,2026-07-08 15:28:46,7f1da7e04a08c9d34deddeebbc9bb5b4bf941671ce24ed680ad7e340d10c66a3
Data/FITS/fit_0b04db84c747_K15.qs2,729600,2026-07-08 10:17:40,083ec5b5d72f44699654326620d21d1e9924f8a5c588d386560d06f6faf618d3
Data/FITS/fit_0b138b533981_K11.qs2,1466400,2026-07-07 15:31:24,3b36b1d9d0977808906be7db49ca4eab4e1e43a4a0550a1dab53f72c1bc40b26
Data/FITS/fit_0b1e50c8f0e1_K40.qs2,602354,2026-07-07 22:42:33,7b1ff06e2be2bb77b76c2ea4f857b251cb65f32531e1d56903da8677148f8d09
Data/FITS/fit_0b2c4265e2cd_K4.qs2,1106858,2026-07-07 15:27:42,f0c51b2d14389111b18bff0bdc94cae604dc7b17200e601a5b3b3239c872e2b2
Data/FITS/fit_0b4ccab64230_K2.qs2,8262,2026-07-09 07:13:22,a53d5b73b1275951422530cd97fffc8141d55786128c47cca1f0e121deee9551
Data/FITS/fit_0b4dfe3b71c8_K90.qs2,450804,2026-07-09 20:28:40,eebec92bfb654a43c01d044c29505c5b8ec9f472883fe00e63f60d57dfce5ce1
Data/FITS/fit_0b5ee82c6f27_K2.qs2,6172,2026-07-08 09:15:36,de6089aff293920066659d345e4f3a49ad5a0100609311f4ea547c9c23a99608
Data/FITS/fit_0b66583ff17f_K10.qs2,80581,2026-07-10 16:56:33,b51f6a0b022d65cf1a89fb26952251f3c2b74e7a2320b83d2b18055e1685ed53
Data/FITS/fit_0b78cf269451_K10.qs2,123966,2026-07-10 16:56:20,773cffdf15133ae13660a9e791f42461f6ae730db234f097dad0bc3e9d09cc63
Data/FITS/fit_0b8d7521d098_K10.qs2,145003,2026-07-08 22:18:27,16d95b9d70723fe3116a99f5a964c83def81ae839a679abd4f4d60fcdb189078
Data/FITS/fit_0bc8639a402d_K20.qs2,927641,2026-07-09 10:46:49,92460a624eda656853aa157e7a3c7114f31be397e265f7625c1457d1b910ef50
Data/FITS/fit_0bde596268a1_K10.qs2,84654,2026-07-11 03:50:45,861b7072475eb53bba316b904a3c37cc65c393d956671b5f5f9bdd929b0c6a02
Data/FITS/fit_0c1cb25b4c10_K11.qs2,153942,2026-07-07 21:51:37,5056ea43e14d67840857aef4552501bef78b2fe68277e331aa4b194fcb69a7e6
Data/FITS/fit_0c4cb969e286_K130.qs2,594647,2026-07-09 20:22:40,4efba1abaa4c58fa9954b2db4739b89295c8a5166ba863e456f4c4da969ffee5
Data/FITS/fit_0c4e2e4f7046_K140.qs2,4180156,2026-07-09 08:44:37,4bf61f2a19a4e8631b04c73c4a685e3724d0907dcab72ed8056f7d94ab91005d
Data/FITS/fit_0c6776273eda_K50.qs2,279868,2026-07-09 20:36:16,9d017006f7169828cf7dcfcdd2c0651614dcbdf646008d65d9bee1eabc8f3df9
Data/FITS/fit_0c7869e98216_K110.qs2,3474015,2026-07-09 09:20:24,51fc5d2cb6219acd3be57f9974f1b07ce18cd78a4cbc1e508305d868d9861977
Data/FITS/fit_0ca265a4bf55_K2.qs2,7871,2026-07-09 07:13:22,cb40a9765ac7fe1744e4e60a2e339fc59f6022f2e001cd91cb58141a0a4d6f64
Data/FITS/fit_0ca2f4f30646_K40.qs2,176080,2026-09-01 09:58:52,360697d44380c481cf6116b8163bd9a777143d41b3f516b6b839fc21e9ac3c59
Data/FITS/fit_0cd071898929_K60.qs2,236091,2026-07-07 22:54:40,1f8b1e4c17f437e6df8013ebfd1cfbe4901cb5291ff5435db846d7c3d5783ff6
Data/FITS/fit_0ce681168a68_K30.qs2,1188395,2026-07-08 09:44:30,0abbf52c8361dc21a0ed0c11e32549bc07984cd120fd77b064ef3496135d7e4f
Data/FITS/fit_0d126766330c_K60.qs2,236686,2026-07-10 16:51:26,d4f64ebcc3ed4bacf697e31f3a839fa20b8d0bc1d1d997222851a10e3e6bf285
Data/FITS/fit_0d1686ceb6a4_K40.qs2,194502,2026-07-11 10:00:06,5703956a0e09e7fa6cedd0e1453fb3895cc38ac3cd15a2bda93e4233ffdd736f
Data/FITS/fit_0d171c797e06_K10.qs2,2847145,2026-07-08 15:53:40,8296179262a33ebe0ab7cd396071df5be42ac60a8a9e9afb0365a55a4e82813c
Data/FITS/fit_0d1775a77da1_K6.qs2,11338,2026-07-08 09:15:57,955f5b0e2b928523b617ca4b98e8834408c538b9b03f4ec4cb74e549381acf58
Data/FITS/fit_0d1fccf0463d_K190.qs2,5184158,2026-07-09 07:41:06,1ffb728a4f4d1be52c7bda44d39015ddb3cbaa86f5c29650bdd681ee28b2f038
Data/FITS/fit_0d438ace0661_K39.qs2,175927,2026-07-11 12:50:08,21791e14e62299b1187ff5073db5501d275c9febd983626f1ca3b3069c805d1f
Data/FITS/fit_0d49f4a7c173_K20.qs2,73195,2026-07-07 21:59:17,501811d787514b8dc937a31324ba522d5d825172142603f04a75efcbe2f0d395
Data/FITS/fit_0d62551a8da2_K40.qs2,177458,2026-07-11 04:17:10,a0cec8049debfbc29fc658a4d997c92112e7d66bc35b3d9e80eae0be768db647
Data/FITS/fit_0d847179708e_K25.qs2,139862,2026-09-01 22:27:09,11131d43736c44be14453ab90b5cc88d1bd6258d033936e80092bbd955498ba4
Data/FITS/fit_0dd8b4955485_K10.qs2,79201,2026-09-01 10:55:35,872352d9307657edc710d14d84320c2f69c8b261c93fd1f131f11ad0e0d9b7ef
Data/FITS/fit_0de4398b3d65_K60.qs2,239054,2026-07-11 13:02:22,ef08a62a5234d7da9a602ed6f7cb8de265e8e887e6674a647ccfb000b6fce46b
Data/FITS/fit_0dee7c07150f_K3.qs2,24077,2026-07-07 21:31:23,bfadc5ea5293439dc850d4463eeebf8e94c069a4841286ae33c1e910b783cd28
Data/FITS/fit_0dfd3ad69547_K120.qs2,3723232,2026-07-09 09:07:40,d916173d9a4e8c37d920a5a2d66eacdacf3c74f553e94f9fd175d31cb2baedfd
Data/FITS/fit_0e00f76cb4b2_K50.qs2,340060,2026-07-10 16:52:18,abcdbdcc168c2d389382a36df72d0173db6a2a555dbb8d51f0b4bbfb021f0800
Data/FITS/fit_0e1cdeb3dac0_K130.qs2,7619294,2026-07-14 22:09:01,657475661e90bf29f1a5975e949650704c730c4f8c2877275e41712d37c64e75
Data/FITS/fit_0e3000530e51_K90.qs2,2953274,2026-07-09 09:44:02,677f0f465acbc084547ab0a717129bff9ca77168b2a1bab6e6829b0d9e3fbd2b
Data/FITS/fit_0e3d67c6993d_K30.qs2,465851,2026-07-07 22:42:57,e072ec1e00343b18bfdd42725df1452e8ca4ceb30837414710ecf8d4162b9286
Data/FITS/fit_0e40021da514_K180.qs2,754957,2026-07-09 20:12:55,6ef725f01c2708ba62761b89ed6b93bb34a7228506e3a989f627f8d53be2eab1
Data/FITS/fit_0e62678b5c65_K15.qs2,3334358,2026-07-08 15:48:23,2aa704cc3b55be5119fa9459324aedc3a4806000946a4c04203e0104105951ce
Data/FITS/fit_0e6fb6bd2884_K20.qs2,442731,2026-07-07 22:37:13,cd437b856b03777f7d8d5a12a29ab52d0ea1e53a83a2fba6a7d7f530d8304398
Data/FITS/fit_0e7912fea986_K40.qs2,181693,2026-07-10 14:53:16,09e2d6d1d3347df918ed8e048195c7240db4cc415b4e27ed5f7cc2122b857113
Data/FITS/fit_0ebb5d6fd737_K12.qs2,101507,2026-07-08 09:16:55,5fc0d831eca219afbb6a4810e6bb665a5f150e32b1f7218b0da71b79d52ddc5f
Data/FITS/fit_0ed087e1a48f_K20.qs2,137170,2026-07-07 22:00:20,1ad8c3005098b52f4f58b3f4c62b54e9dafaf4cc3e08a002050eaa4d9029358d
Data/FITS/fit_0ee859691a26_K45.qs2,513978,2026-07-07 22:33:35,467aeb1518140bca369cd1f280bf17d35e18bebbf900bdacd344f171f738e001
Data/FITS/fit_0f02e9c43483_K150.qs2,4409259,2026-07-09 08:36:26,df12a372c8be78d4da6f9a1fe98bea0143ad2cbeea2bdd8882a5fa8bea1f9050
Data/FITS/fit_0f08fa380c6d_K150.qs2,4418091,2026-07-09 08:40:08,876d9569e1f7e1ecc3232661b44450ec6f6a8b0db928d3301c5bc8af2354de90
Data/FITS/fit_0f1484c1df44_K90.qs2,2983024,2026-07-09 09:40:15,1cb055a857765a2d498e0595b06e61dafc996b0aca6ce77b7d1968edad0ead9d
Data/FITS/fit_0f1e4974d9d1_K30.qs2,1247713,2026-07-09 10:33:30,3c0640066142b021f69b77940f39fecf2352ba96ee38362d4b1ce435c7493ef2
Data/FITS/fit_0f49683e0b09_K40.qs2,185758,2026-09-01 22:26:14,d7e333e140ad641d10d70e1e5d2ada902cc12395b1ab6efe50c50498f44dc7d9
Data/FITS/fit_0f9d75de08a3_K14.qs2,17159,2026-07-09 07:13:17,5baf0b87e6d5b2ba3ef63e8a45cfe7ca716f2013c650e07d6f3a060dd9f98142
Data/FITS/fit_0fa1183578dc_K11.qs2,14688,2026-07-09 07:13:10,9f5a70cb8ce9a5f91aa19f1ebca459dfaaa54b247b20d08aa78c39f9e12041fb
Data/FITS/fit_0fa3db9b9ee3_K8.qs2,82940,2026-07-08 09:17:16,1df6865790face3f378deb396169938bab998e15f6fe4f08852f4b0f8c2f85f0
Data/FITS/fit_0fc436d53db2_K8.qs2,13324,2026-07-09 07:13:10,de1cc666a2510338023b9d36a8c25c4b6e728f3355a1879d8686961111e78d3c
Data/FITS/fit_0fca56d2c0e8_K2.qs2,77211,2026-07-08 22:18:35,93445b01a8cd682cab6dda6617d1e0035604dd140476a549d4d76519f2fcd6fe
Data/FITS/fit_0fcddbc2c5a3_K14.qs2,113532,2026-07-08 09:16:58,993e7a1b5b7d21327e7faae3edd9d885b43ae2a9d360cb790bd830f307e7d2dd
Data/FITS/fit_0fe6040500eb_K100.qs2,340742,2026-07-10 14:47:09,f14085911bccc45f482c959663eafe76c5126f3ec00ac05fa51a59430206e198
Data/FITS/fit_0ff9e2dd086c_K70.qs2,417590,2026-07-10 16:49:51,7b4aa888dc14722d583514f1d291b2ecbe148a16438f891b7204d2992c9dd382
Data/FITS/fit_0ffdd44e89c5_K180.qs2,4964132,2026-07-09 08:06:12,6c655228fc6d863cb99b8f2f6370f99c52d4db1c62334e04df85a0d069ffddee
Data/FITS/fit_100ac609e0f7_K4.qs2,7924,2026-07-08 09:15:35,2eac61c122102df3ee52010c637c7bdc84c346d0cde0ca0e51d958e9a2b30a72
Data/FITS/fit_1010cee3b278_K190.qs2,781289,2026-07-09 20:11:18,5b7d25c8b1570b30af1400397845bfc978efbd417af9264c80a5c424288a7da8
Data/FITS/fit_101c50c0952e_K10.qs2,1345056,2026-07-07 17:10:42,3fbbf0d7cad5e5b6130fe264db820c6a001aeef17276d76cf861e75c5ebaf793
Data/FITS/fit_103aa90c5a7f_K10.qs2,99817,2026-07-09 20:42:23,1be0b871149e407dcef14094b9857902fffd1e4d8af3bdccbdbaffb8a05685c7
Data/FITS/fit_104c3e1c89a8_K80.qs2,2715682,2026-07-09 09:55:28,86efc1293ac79881de6ef1aa75efccb97eaa9002576a410bf31f1ddcf289ac97
Data/FITS/fit_1072835b69fe_K130.qs2,3965776,2026-07-09 09:02:41,505751c83b2d2c2cfaf92b496f89acf3e54fdac9a4161a463fd879c3639248d9
Data/FITS/fit_109384188918_K60.qs2,239987,2026-07-11 13:03:53,cfeadbb6dd24a6db4a02828ffd9389968365244cc7de16e912500d29d56d8fab
Data/FITS/fit_10b03dfa1249_K100.qs2,518309,2026-07-10 16:46:46,7c928888234b7314196451143954d615e7fca502e1de4292f797c6d8c2c60c39
Data/FITS/fit_10bab1bba211_K7.qs2,1265685,2026-07-07 16:20:58,98ceb00eee19fb5005de12dda254add0dfe534972b1a1e08e85a520d970fde1b
Data/FITS/fit_10cd76b56cc7_K150.qs2,4404481,2026-07-09 08:30:36,092854c880213683952a761f9677b2b2c0ca6d1d431cd44e17287c61fc8db148
Data/FITS/fit_10e1cc33bba6_K60.qs2,325263,2026-07-09 20:33:03,24723f985b529e86f19d5ce9cd6873a488297d79fc23c4bebdcc9297dcd13884
Data/FITS/fit_10e9508ff9fc_K50.qs2,338759,2026-07-10 16:51:58,816ff74480b3421d57bd55d47f8d695cf818c64f040875b4c7ca25b08b05182d
Data/FITS/fit_10fd1d727462_K5.qs2,107482,2026-07-07 22:47:48,b68efdfe2eef824deb2e7edde01f03b9ec767690d36ffc2c76f1d8a33794be4a
Data/FITS/fit_110426026445_K15.qs2,759424,2026-07-09 10:50:25,e583e53a7e177b4b6cf0febd4dc55abad5ca5ee8e3c7186f9612f65eb0ce9848
Data/FITS/fit_110aa009e6e1_K15.qs2,127169,2026-07-09 20:42:00,a7f82ed402315c3f4426cb5da10986f8f6919e4df15093763ca86afd9377c542
Data/FITS/fit_110b592b2bda_K16.qs2,17565,2026-07-09 07:13:16,7dd8206bae7b4829594ef1323e219624f5d661bfffd6d248bde5aad6016dd463
Data/FITS/fit_1132426fe6aa_K10.qs2,79581,2026-07-11 06:13:35,3ba17900c802d28857831455972e82bb3aa02885b977d88b2124f3c37050f1f7
Data/FITS/fit_1168787ffbd0_K20.qs2,231140,2026-07-07 22:47:48,dba5238694d7be24830d7e4aba492b92758191cc02741f027babbe7a9579d8a4
Data/FITS/fit_1178c9963745_K80.qs2,2711911,2026-07-09 09:55:23,9eb0f3a8c137050fadc770cdcda4f85d7bfb5ba0067dc9f89cb1e53b79b1fd2c
Data/FITS/fit_119db9c5df43_K12.qs2,970994,2026-07-08 12:43:49,f9c34f37b073020c38078d38446051a14c446e861a0286c57456a1ec75342cb4
Data/FITS/fit_11a02bd46e96_K170.qs2,8993371,2026-07-14 21:44:40,30f9595694bbf2f637b72d5a3098ec268d22491908552bd829585c2bc80494ef
Data/FITS/fit_11b4a6103eda_K40.qs2,176869,2026-09-01 11:17:39,bdbe2658a18a71cefb1500e76fffff883e6bdc6eb4489a2df0af61c57cea3770
Data/FITS/fit_11b9569dbe31_K5.qs2,31296,2026-07-07 21:31:23,ad959d7ce5e82575c10ce973476ed7e90c2da96a9f8a595fef52b63be4d30913
Data/FITS/fit_11b9ef4196e8_K190.qs2,776337,2026-07-09 20:10:40,e0855372e4c1670f58727cab0780d9002ec5b3bb41fe9d6a205b167ea12f42db
Data/FITS/fit_11d3b9a49157_K10.qs2,73145,2026-07-11 01:41:35,5c541a4e295a55dc5ff78a07cf17d1eef175c7fd9c53db2bd797382c1cf9f238
Data/FITS/fit_11de839c38f5_K45.qs2,685665,2026-07-07 22:44:22,8ee2d9b620b96a3e9fb3674c8b518359a338b2cd5eaa5ffcf12316f8db7acc1c
Data/FITS/fit_120be28f3c64_K12.qs2,19777,2026-07-09 07:09:18,66cf54eecc002484e18e04c65b546745310be265ba3c7bf1e032c8fa0b4199ca
Data/FITS/fit_1221ea64fe42_K40.qs2,294399,2026-07-10 16:53:03,9a12978c830473fe6e504b23b8dffe2c13353f8cbc4665275699369d86fbeb9f
Data/FITS/fit_12276b124f8a_K12.qs2,161060,2026-07-07 21:50:55,0d15424598a45e71098c93242e3e44be6863d8ee1bcc83c3f99fdb1905846dd2
Data/FITS/fit_1257c7a524f2_K10.qs2,2877327,2026-07-08 15:54:13,ab722dfeba62801f435620463dcb152835816f50070d6b65a2f74823a9b0cfbb
Data/FITS/fit_12773fbee0fd_K45.qs2,513696,2026-07-07 22:22:02,c4b4ae51267274c64eaea596f4015deb212b563fbd498df835e340691ed1d95f
Data/FITS/fit_128c9b43c167_K80.qs2,290729,2026-07-10 14:48:54,7233446bc3fe4fff3600841c42af2ccb3df51f0d524201cb7f2dac0f43fa3ea3
Data/FITS/fit_129a92a04b7a_K50.qs2,1782084,2026-07-08 10:16:31,8b71ce8bbb3fdd3d4e5e8ed3724489825d1bcb0d93123404531d5dec142d5003
Data/FITS/fit_12a0726d41ee_K40.qs2,176165,2026-09-01 09:47:57,e11676a44f4c97b48b0482f41424c6064477b641dd0aebbd7a556764136ebdf4
Data/FITS/fit_131bff15e967_K130.qs2,594284,2026-07-09 20:21:34,0942644b774749d5c11d7f7efb68c52b9ace57e854b5f639aea024b0224dd78d
Data/FITS/fit_1322cbe21d45_K50.qs2,1230262,2026-07-14 16:20:25,e07f0e88aa00676bf5ad8a518e8554d896347a6420d35b65a32047ec7f24ed7f
Data/FITS/fit_1338904a550f_K120.qs2,560698,2026-07-09 20:23:09,fa3b8933de1d95b03160bfe6e3bcf3955163c727070d7935ec5e9aee99a4d0b1
Data/FITS/fit_134625f33644_K80.qs2,292610,2026-07-11 12:59:32,f3d0e05958742624c5b4a52b5c45ca99c04233bdc3356824287b47bf31ca657d
Data/FITS/fit_134db157d973_K40.qs2,185739,2026-09-01 22:26:13,bab088f7c29d273559a04a8038616a4787ae81a00d55b8ee6736a62c134c8c0d
Data/FITS/fit_135037e5c929_K5.qs2,8786,2026-07-08 09:16:06,0ad02a453fe08f69c0c767df7277d2014dfc4eb9180fa4e264e69fb55ce5895c
Data/FITS/fit_135de478d6e6_K45.qs2,687179,2026-07-07 22:14:49,b81ccb0323d90970cbffa835da5befd0ccefabbed767c33333eb0833df06d3ed
Data/FITS/fit_136be9bfc602_K80.qs2,452014,2026-07-10 16:49:00,ff386040ebbb66cedff4fef3fe1cdb48592fd3b09cc2dbaa83caa9f19363e102
Data/FITS/fit_13a805595bdf_K70.qs2,2336343,2026-07-08 09:43:40,a90cdc774ebd6ea1229fc841024cfdd33eea163d01eb35ac180741dde0d46655
Data/FITS/fit_13cb456f90bc_K60.qs2,2119435,2026-07-09 10:14:05,179250f27d330a300a0b891469bbb8315d99a9d466e3d5e926d7c2250586fc37
Data/FITS/fit_13d4b7054d43_K10.qs2,15378,2026-07-09 07:11:04,c6ce712ef17bf1a5fe1f25c50fb6e346ac6180e2cd0bf6ba680d17e047470e66
Data/FITS/fit_13e650ab90bf_K110.qs2,527265,2026-07-09 20:25:58,47595b80cb330b2c6761ee4831ed29e6b429b08b85321bd5feeab6869fcacf03
Data/FITS/fit_13ef88f1cca8_K40.qs2,600832,2026-07-07 22:17:54,181db6fd13cc766b5f2deb9f0c1d14011ce567f65cd3223d10dc95239a870477
Data/FITS/fit_1401e28a5405_K2.qs2,7930,2026-07-09 07:13:21,1192d980ffd0ffac8d787ba6287a3c434ae7fac8c38deb262b2f11f3f68f33d0
Data/FITS/fit_1420b84b563a_K13.qs2,1581448,2026-07-07 16:27:03,a7ade7f5136ed17332bf82dee8f83614c97cf3747edc31f733987e9a03bf6c29
Data/FITS/fit_142b48fabfb6_K80.qs2,290978,2026-07-11 12:59:35,fccba372a24f287a36b7b9470400f6551e5d39b8eb893b72745cf023fca32051
Data/FITS/fit_1436a8731a3d_K6.qs2,68359,2026-07-11 22:32:02,b808af0d652222c51017001df91b3accd7ee19252c9cc262ec3a9b50824db09b
Data/FITS/fit_144746d218ae_K60.qs2,239464,2026-07-11 13:02:14,5fef574fbc0140ce5fbc23746718000703d2bc983aa699f604ca07fe5e6d8f43
Data/FITS/fit_14485c6f1498_K20.qs2,157576,2026-07-09 20:41:51,a3d7f4cdd075a48f30a38185f9c233b7cb1f9273897f86520e6ed35986f05114
Data/FITS/fit_14774d4e498f_K10.qs2,1409207,2026-07-07 16:35:08,98832af6ff9fff13302a8f7e9775f23238e55a32acc875e87a1cb0ca495c4acf
Data/FITS/fit_147b6c3b3e6d_K65.qs2,2188407,2026-07-08 10:10:04,e05bd0e222d812164ae48bba9c89f03a8de62df194acfcb5c6b8b39429fc0658
Data/FITS/fit_14835cefbd2c_K45.qs2,1620253,2026-07-08 09:51:26,16c310aadf1adda97a777724d0fcd6912269829d0ff3ca29092cbd681f6865e2
Data/FITS/fit_14b0e73141fe_K60.qs2,233312,2026-09-01 11:17:35,f9cdcf345f2254370ef77a9eff930479de2f5a8b9c54217a25c0606adcb94d33
Data/FITS/fit_14c3d762da44_K50.qs2,337384,2026-07-10 16:52:06,cda433895992d9419b8f81ee1942add934b3a453677d98dda53f2b4a749be549
Data/FITS/fit_14d143ab8300_K8.qs2,1343367,2026-07-07 15:27:27,1dcfaf7d49687a2f5cb5c6c0543c8b1d6a2d205f2bcefe77bc3d3ee01af64cd8
Data/FITS/fit_14ef762135c8_K2.qs2,8101,2026-07-09 07:09:24,d4b6ff03ebd238806ba560cf3986403432dfc21ddb641776a56d926fcae33816
Data/FITS/fit_150e5b0def8e_K10.qs2,83957,2026-07-11 04:03:41,2fd911f6ca5c227344d20f99a730b16af79d912c8ee273b8d7bc298fbbaf2476
Data/FITS/fit_151908594702_K5.qs2,30546,2026-07-07 21:31:48,7f0bd88bb005cc08b2faeea9165b504daf75e4bbce71f3d9549d997021d2e216
Data/FITS/fit_153ecb7b0d4a_K10.qs2,84331,2026-07-11 04:13:22,8d71ecc696d5d88a389df5add2e4752e1b6a7bb1f13ddef23d8fd3eac9314b1c
Data/FITS/fit_155ff4c6b805_K200.qs2,817500,2026-07-09 20:09:35,7a3d4b0f66d035cb9a573e07db866e67c1c9bb98d50f16c77cbda95749219400
Data/FITS/fit_157b44ed566b_K150.qs2,4415139,2026-07-09 08:40:22,6764cb369d3ec43fcd37d075d0b8dc5ab89a33934472394ae17ce314212eecd9
Data/FITS/fit_1586c1ca0533_K120.qs2,3721526,2026-07-09 09:11:22,facbd936cbc546d710ce6e56d2652a9f8ffb4db47867d5bc5884c3bf86511b27
Data/FITS/fit_158be5a0df45_K110.qs2,526316,2026-07-09 20:25:54,42ff42ece5718921692362e146fd613abed2ac7997db450c35e0e483c5566374
Data/FITS/fit_15911b590291_K180.qs2,4936115,2026-07-09 07:55:54,1d03d5349591e65bdf8584dd31f377c8a4802e16e9b3dd502a8fff6222431bc0
Data/FITS/fit_15a2259d64c5_K40.qs2,200448,2026-07-11 06:44:51,26f97f5a3a6c91b4d87fe35018ef54aac1b69a3805fa0524ce72432f0d18ba2d
Data/FITS/fit_15d73be279ed_K110.qs2,522186,2026-07-09 20:25:29,a4438b37ff1ce2b7ab6e371f51bcbcd7d475b6414f285a7dd36c7162f7521f67
Data/FITS/fit_16381a3c3fa0_K5.qs2,52302,2026-07-07 22:04:06,ecaf23159788065ea197f0d231fb5366977f6a37238d78de289a21362ddf1dd4
Data/FITS/fit_163b48a2e629_K30.qs2,203822,2026-07-09 20:39:16,82f0ddd87e331b60807423c73b99d30a6b3a01f6c6d1678f8ed0eb50aea19457
Data/FITS/fit_1640a6606416_K20.qs2,3749851,2026-07-08 15:39:26,5dde2902b0b2dcf197fe9348fc09fc2fe64c138bdfb5f36871a8be6cdede9f33
Data/FITS/fit_164d15c4f03b_K100.qs2,518305,2026-07-10 16:46:32,83f5949f13a6bbe78782668b9d21aaf1903e27f985b9040356f7272946a2fc89
Data/FITS/fit_165a648943e4_K10.qs2,80845,2026-07-11 13:11:50,503a4b4d1910cb51ca6663cc94e9c472247e2c430068b1c9414ff053a8b08c46
Data/FITS/fit_1673886c11fc_K30.qs2,248749,2026-07-10 16:54:06,a97ea32b080af2046577ab0fc69512d1e48f7adf574f222d135f120f162290dd
Data/FITS/fit_167cc94f7d23_K100.qs2,522876,2026-07-10 16:46:31,c1f8eacbbdd0b61bc8ef8fa374af336df8e30991b2733fbe3e1b4a2f8b0cf662
Data/FITS/fit_1687dfe7b157_K190.qs2,5172675,2026-07-09 07:46:16,af72246d0fcbada2447fab8017244cfaea7294b71cdf0d1d46ca4788ce3cbf0d
Data/FITS/fit_16b6b3738984_K40.qs2,417440,2026-07-07 22:49:16,421152167d6ea834f5c27f509704a786b4d783303650e9fb21944950cbac9db3
Data/FITS/fit_16c7a2591fc1_K40.qs2,178958,2026-07-10 16:53:29,83fc942bcab09a3ee50b53e47522baf3fee8a2cfc3e8144ddc210e03668a097c
Data/FITS/fit_16d15f32b86f_K2.qs2,27840,2026-07-07 21:31:26,aa2c08b4ee832b4b3af9cf5b3302dcedc13dd68f010bade9b3f1d8cc520fadff
Data/FITS/fit_16dbbb764dd5_K90.qs2,318137,2026-07-11 12:57:18,f21859200977ffa8e125f27cccffef908263d13ec4a64a28407b6ee1481cc0e4
Data/FITS/fit_16fa09681d27_K10.qs2,80155,2026-07-11 06:44:42,cd86cd59bbb5269ab1a9ba900c2f7629af3a37496afd0ba428d5d8f3653ff94c
Data/FITS/fit_17148b9fedc5_K130.qs2,592372,2026-07-09 20:22:32,558a17ec14335f19aaa37503533e4338240da97addfd574d2017308686134d1a
Data/FITS/fit_1720688761e2_K2.qs2,580825,2026-07-08 12:44:06,f459aa1b95acf84ac0bed197792b887ff3c499ddbe07d1b0b33099da25b69d87
Data/FITS/fit_1723ce7a349d_K100.qs2,338423,2026-07-11 12:56:42,a9778742a617a2786e8b8447eea4a80996ed36e6e05e77ec171816fb95847e30
Data/FITS/fit_172c6b14d6af_K10.qs2,126063,2026-07-10 16:55:51,6e102704409fc11d633c2e8ad16ee37c2fe864a014827d5555782c3366515d7b
Data/FITS/fit_172f49acc9b0_K20.qs2,158669,2026-07-09 20:41:30,a67f0676128037e5bfac2a6cc8e4cbc454d9893c046b2932500bf8f3e99d7810
Data/FITS/fit_175373429533_K10.qs2,79492,2026-09-01 09:59:12,b771bec1db322b6161c5012599d82d87996a5701bd7865dd5365c6224722c1bf
Data/FITS/fit_175ea2e11865_K5.qs2,8807,2026-07-08 09:15:56,2322317b38337f9ba76494cd37ec80dc17a77acf0a821160be77352627081fb8
Data/FITS/fit_1763c1b618cb_K10.qs2,80725,2026-07-11 13:12:20,dcc22ffc0b21852503a57f316e1a9c5090f3c6d593500be131917abfdf506bba
Data/FITS/fit_17edbd5756ff_K4.qs2,1095452,2026-07-07 16:21:04,57f4a6df8ff2e9e654e7512ee5408ecb81ac40699ec14832df07059b1f0b7e76
Data/FITS/fit_17f0714f2e46_K150.qs2,664595,2026-07-09 20:18:28,7c59274f9d0432adc7f5f7d4d2cde464248653d4260e3eaef92e11fa0896f31b
Data/FITS/fit_1801fcc70ab9_K30.qs2,153379,2026-07-10 14:53:56,6701a9fc660d699e6e63ba93b2282e6d76db55064c1f78b4bfc2c83823664edc
Data/FITS/fit_181c5d7ee558_K20.qs2,893696,2026-07-08 09:41:36,dd5319c8cf8acfff8c61059cb04ed58bdd819acef29a6dd314da60b3b1d4c115
Data/FITS/fit_184c725bc7c2_K100.qs2,338655,2026-09-01 11:06:37,9be9dcfc51adb765277f5652bb2b6b85672217848b64b6ddc5dedf4440e24f92
Data/FITS/fit_185712425dc8_K60.qs2,4618639,2026-07-14 17:24:45,7f4fc046720c27be5a960204cbc31ad51b04e2de0520cf60ff7c7a882bb0d8c1
Data/FITS/fit_187cdecfd45c_K20.qs2,20394,2026-07-09 07:13:14,4ee7ec41765f0112cba95298b1782dc94436afc45ed4be35f024978e1af8b2bf
Data/FITS/fit_188be80782a1_K15.qs2,180376,2026-07-08 22:18:00,b48be84f9f6c31645a3ef7cdafa87e25f4c65d3b178d82f0a8e9c107c7f15e34
Data/FITS/fit_18acb43e42d4_K40.qs2,205460,2026-07-11 06:56:00,45370794f274cf4ce754318cabf223308008c7f0ae95084c3084dde32a16f9d4
Data/FITS/fit_18b5becf5b99_K20.qs2,198234,2026-07-10 16:54:55,94c0dc68c2b6c7fabc1d728cc0698495abb8886e840d3de79703182a4c9fdcbb
Data/FITS/fit_18b68232b066_K7.qs2,1221961,2026-07-07 16:23:45,ccfa4fd9b4d6669f781f220e3e4b3e9494c74fcb21082f0c52e97f157276c20b
Data/FITS/fit_18c919f4e7da_K30.qs2,4708883,2026-07-08 15:36:02,f14c2f5326ad04dee0660969a594632c73222ef40e335b3f0453ba2a71902ebc
Data/FITS/fit_18ddfce74db0_K40.qs2,214803,2026-07-11 07:38:17,829bf633ba2917c848041aef445ea8a87b1640f3d2f944dc7ba9b39786610cd8
Data/FITS/fit_18e6852663ec_K190.qs2,5208811,2026-07-09 07:45:55,006e3be001130fda89b8b4962730593f87ee53d24349be16de3c6b9656cd914a
Data/FITS/fit_18ecd0576262_K200.qs2,819271,2026-07-09 20:10:41,2196ccb7d0051fbc40833866a9d6ee2b5710e5a56f965f3a35737b4a282fdafa
Data/FITS/fit_18edb5a84f4e_K9.qs2,1372855,2026-07-07 16:21:37,1423ec171ac378e5d4b0ef3a887a65334fd73065854314c9d49a46682adeb70b
Data/FITS/fit_18f3b7b9e99f_K170.qs2,4803584,2026-07-09 08:16:57,9cad5adac7ea987974db313a578ae15506a9f4991805fae26c7b5586035efeed
Data/FITS/fit_191a543df42a_K90.qs2,309966,2026-09-01 10:55:14,f10a86c3200a5673073121f801eb4acd20ed5efc4c550953f50791c2e9b8067a
Data/FITS/fit_1928e3655c29_K50.qs2,278553,2026-07-09 20:35:01,702503eb7d06235d08cb816d2582a5bd6e9026f5629271ba08238361c98dd229
Data/FITS/fit_19780175d357_K50.qs2,212334,2026-07-11 13:04:28,2986afb7f76194e4dcc2f276d2a799d84f77a22dfdb73d01fda47a14572a9ee1
Data/FITS/fit_197856e2d3f2_K10.qs2,99292,2026-07-09 20:42:04,7612649c541ee414cf46db00d403bac046474371eef7fd65fb86f7025a9e0c6a
Data/FITS/fit_1978fe0be6c4_K100.qs2,3228182,2026-07-09 09:35:55,d47fe31fad09c926a43b41975806ed5f5bf29418cdeee812c9a12dce29c9d692
Data/FITS/fit_197bf8dc5f75_K10.qs2,1399256,2026-07-07 16:26:32,67889e9407a9234d81eeb5d80ddf493d67b14de2c5c016e51be7473e9ade8277
Data/FITS/fit_199bbe4bf5fb_K140.qs2,630898,2026-07-09 20:19:54,5531e75e172068a4252ff1d66277dc9786ebf42311f23ee9ed03671ef0dc1931
Data/FITS/fit_199c35aaca04_K5.qs2,337168,2026-07-09 11:04:56,45f92602252efea9fdc47c11bc5390569fc10cbaf4a28cff3588ae9a2ba5a98d
Data/FITS/fit_19a876090242_K150.qs2,666777,2026-07-09 20:19:28,969000fdb0526a7ed3295a19c5d0cf19d49552c062424eaddcaf49bf7af115c8
Data/FITS/fit_19b346ce1674_K100.qs2,470066,2026-07-10 14:46:05,55563cfa09b6e702cc02e89261f8da8313fc61171c5720d7e2edebc05d24f189
Data/FITS/fit_19e945a0259a_K80.qs2,8931511,2026-07-08 12:50:18,79ffc11591dd2bfab6de6bad1f4fccbcaffe28453fd405867f669b440a6f0f8c
Data/FITS/fit_1a0f9e7bd4d7_K5.qs2,65053,2026-07-08 09:17:38,0ef88b5ec27f21624e9d5aa45d407cff0412f9957319fea2bc0d09b8df4c526e
Data/FITS/fit_1a1c148d583a_K180.qs2,4998182,2026-07-09 08:00:52,3a2bfb1e71a2c33f09c1afde3e198032df2d9aea22806272f24b4e73cc5f67e3
Data/FITS/fit_1a233cb94fc4_K70.qs2,2331906,2026-07-08 09:32:54,9df1e568bd03e573dfab472f6713257901b23312525d60ff18b3a60ff6a274d9
Data/FITS/fit_1a23770d6c82_K3.qs2,7278,2026-07-08 09:15:55,1e315609294393d21d1b30271c549dee471613f722b8c6e6d88d4424d3c9e21e
Data/FITS/fit_1a25489cfbd2_K80.qs2,296155,2026-07-10 16:49:12,32e0dd4ea0214ba00713038720c281d01a93c299e275d0d3d09b148f7899cb23
Data/FITS/fit_1a30c9253d45_K10.qs2,83474,2026-07-11 08:25:33,e74cfdd15e81e8b432347619bd098c7eb779569dbba1a95659b0dc3e2dcc9532
Data/FITS/fit_1a46d9c3785a_K5.qs2,64676,2026-07-09 20:44:12,06995fc045794aaf498ac1a23f067a1c7a037ebfdcf347b4814a7065cf9101cf
Data/FITS/fit_1a63b2983243_K14.qs2,1747990,2026-07-07 15:37:39,e0c006fea56a07fe807aa7ebd0bdc20ff1acd6803c806e080b9fd81a535c10c2
Data/FITS/fit_1a83ea4f1951_K4.qs2,29665,2026-07-07 15:18:46,8693dfa05bd58e3ff72dbc40f2933348163fb5761dd46281f5c887bcf52fbd5e
Data/FITS/fit_1a854af71945_K30.qs2,148755,2026-09-01 11:06:39,cb46be91b91692a94b8fee380e8721c5ec97140a48fc6a0c51e41a1c480e96ff
Data/FITS/fit_1a883e3e6df4_K5.qs2,2436521,2026-07-08 15:56:16,353aa990a6794a7bfe659580c9c1272d8f6a611a90f0bdc1c7037c004033dd70
Data/FITS/fit_1a8a6253f6ac_K10.qs2,82130,2026-07-11 13:11:34,ff674aaf16728244e2d4d80535f34db79cbc7711909e0d5a3577fb57abbeb5c9
Data/FITS/fit_1a8c45fa6402_K190.qs2,5217382,2026-07-09 07:50:52,1efb5f5dfb0f7c739e67341d27f8e71caeead7e7580e6272eb39ac75a8da010c
Data/FITS/fit_1a94f753961b_K140.qs2,630126,2026-07-09 20:19:58,91e134fbd872e2f9859b218aa1b0a6d1df38ec5a002fa273db667cfd7f6d27b0
Data/FITS/fit_1aa39769a248_K180.qs2,756801,2026-07-09 20:14:03,8d240a275b63fe64ed8a8388a7d46ef91108e6f0dde467e898822541656e2884
Data/FITS/fit_1aa5a949520d_K10.qs2,2883274,2026-07-08 15:53:33,41e43d568da2f6539deaca6085698adff1e05065ccccc9d2e68b53d4e65ac8b4
Data/FITS/fit_1abcf1c4ffd2_K10.qs2,2875071,2026-07-08 15:56:02,08bd969754958ffab71075dd4179bfaf2d060be7ec52fc6132f06dc5a6c92421
Data/FITS/fit_1acf5297c68d_K80.qs2,295249,2026-07-11 12:59:27,0da8c198d2e3cd212a975f6df7ce6b2236eac61bce71bdbf8664bb51067eae31
Data/FITS/fit_1ad563b9d4b8_K100.qs2,3223399,2026-07-09 09:28:03,04e117bec31191bbad47153c6fdbf3a351b8df186c7cf2c3dd773b2129cc7594
Data/FITS/fit_1aea02a05e5b_K40.qs2,295801,2026-07-10 16:53:04,0cccc778cb0e82454b70bacc5432c36d33b0529bec8a77cf2784c0425680c29d
Data/FITS/fit_1aea4f6502de_K30.qs2,202069,2026-07-09 20:38:56,72ba05a87e60145eae5b36203561bea1aa5177d6085e75c81665a052fd4a9d99
Data/FITS/fit_1af11b530170_K15.qs2,105491,2026-09-01 22:27:43,90bb05b4db3ac68e09870694b338bdea3d4d4f6aed20910c18b2b361499008f6
Data/FITS/fit_1afb501c24c1_K10.qs2,559462,2026-07-09 10:52:35,4533063bb58272fcb80503678fcf02dd028c4cc2a88f033f5e8e8a55dd919d4b
Data/FITS/fit_1b321f52a01d_K5.qs2,332521,2026-07-08 10:25:17,6b70ebc335658d6d62d0ebc7cb000dad811955b9a8e8d68ca214dde1babe8c8d
Data/FITS/fit_1b63995b1b2b_K150.qs2,4378006,2026-07-09 08:36:05,b4e814c2b52bde0c991ab6f66aea63a6d0c42ba671e35f07c3d4fe3ab3d9eb18
Data/FITS/fit_1b88886c96b6_K90.qs2,451681,2026-07-09 20:29:10,d6b46251d844078429d515c15f563c60dc6bd91a666e735d8032bb1b7242c93a
Data/FITS/fit_1b8ac2c75561_K40.qs2,180958,2026-07-11 03:27:25,5c3a499178425a284e121514d40b98138f960bf4d3d1b735f27c9bf6c91b84ba
Data/FITS/fit_1bb865941a59_K40.qs2,173660,2026-07-11 01:28:14,935b8d5ccc65bf43ecb0cc94bdeb905f52adb99737f4febb179800820823a2d0
Data/FITS/fit_1bbd09f3699c_K30.qs2,152683,2026-07-11 13:07:48,d0878db7d79b1acc0b3e8e402b6d815c4705aa78f2576b673ba4a538c847c7dc
Data/FITS/fit_1bd062f68d3e_K15.qs2,107070,2026-09-01 22:27:45,da7e364bb77a30a3a0da09702b1f0f24a9d412d49af72e2eb5c3cab72c4f419b
Data/FITS/fit_1c0904c04297_K40.qs2,182697,2026-07-11 13:06:40,acad93918576069012c4477c8f90eff7ebe9765a78898cf275a54753ac755bfd
Data/FITS/fit_1c4f8c887b1c_K140.qs2,4196214,2026-07-09 08:49:04,b610857cffade76b789f177d184bfb3820afb33be1710d1ceb27004cd38701b7
Data/FITS/fit_1c56193a2755_K80.qs2,447065,2026-07-10 16:48:59,6298cf557ca598fbac8289628fa3411607cc79cf6e9ef30f3b74262f03fabf84
Data/FITS/fit_1ca0b81df99b_K30.qs2,469586,2026-07-07 22:45:27,1cc8eaffffe6920bab880a1e9c6e367892e431bd2f70bb780b7b959b52e353ba
Data/FITS/fit_1ca70fb09815_K20.qs2,123855,2026-07-11 13:09:28,dfc390404615d6c11e113e729fef93e4f3b1316dc7668d479a31ab7b9a4746b9
Data/FITS/fit_1cb1e2518d2f_K30.qs2,1251995,2026-07-09 10:36:59,873fc9cf1fa0ec37e3c6a288b7db4e68b53fe8dea2f7c07fdeb310b7eaad9b05
Data/FITS/fit_1cbd7a135010_K15.qs2,1668751,2026-07-07 15:37:41,5fa3af932bcd00156d870d579ca2686043ecdfe4cb7c499ae83157ce48d082eb
Data/FITS/fit_1ce277ca3e25_K40.qs2,178481,2026-07-10 16:53:39,c6b89529f56bd1fbbde2e8521d1ed0b5526f5627c8416bf9ed6efbbb17b49d74
Data/FITS/fit_1d28ea29b707_K15.qs2,118943,2026-07-08 09:17:27,bf65c3fe9a4f5443d1ae9463a54d4b534af0b7f1cfe74e99fb12d64f4c8ee7bb
Data/FITS/fit_1d2edca60189_K20.qs2,157762,2026-07-09 20:40:19,6397e5e342287b9edfbc717aa346800614b1f7e88f724db1631720af57f4f54c
Data/FITS/fit_1d4bbf847399_K170.qs2,4767308,2026-07-09 08:11:09,f00712a3ed47d35aaa7e716bb5289f5748ab019ab2816879f88b609fb290dce3
Data/FITS/fit_1d54b324c56b_K10.qs2,565037,2026-07-09 10:52:57,a5faf45df1cf0d439035f3443c4f2e82d1819ee0b15f17c6484ff38aac4fe7c2
Data/FITS/fit_1d7f3521206e_K20.qs2,451470,2026-07-07 22:26:35,a995981ee3b70b9127dd9eba16528f11b32b45845708b6a092dae48e9cc7e0ed
Data/FITS/fit_1d80fc8e4032_K40.qs2,179511,2026-07-11 00:36:35,7813e281bc766f5c9e525841669ffd064ab732a7d9311339698f42c23fd88150
Data/FITS/fit_1d81bfb403ce_K20.qs2,931467,2026-07-09 10:48:39,b90247269870c5f3dd4672be6b02904943663e14756265479ecd95b9531dd478
Data/FITS/fit_1d88aa2031ff_K6.qs2,12092,2026-07-09 07:00:46,443493d12604f75d9489daef5c750fde4ea44ae76aab9dbb17fface487d7cefe
Data/FITS/fit_1dbb8587f6ee_K150.qs2,662818,2026-07-09 20:18:55,37f7f9e6ef17ea1e121e6c86ecf22ad9577583ab0affde0c85367e557e4d2c14
Data/FITS/fit_1debdd1afcb3_K70.qs2,268125,2026-07-11 13:01:11,518461689434ef76b44a602e78632e57d9cb6d9df9c32821baed33a3d01471ea
Data/FITS/fit_1e05984fe315_K8.qs2,1324797,2026-07-07 16:27:22,28b7a446b2a3c5f2f30c1afe168e24a7106852da915e2a9b5e640e190563e362
Data/FITS/fit_1e14511b01ac_K110.qs2,526367,2026-07-09 20:24:53,0c61572894769a25c8287223f04c97146dbfa0bc301f4069d1570fc8b4d65ec9
Data/FITS/fit_1e15c9d3530d_K90.qs2,313330,2026-09-01 10:10:01,c00bce1ee683e1cccd7a8074806f9b535f9e13f5d5c4ddea3ac4270139e8a9b8
Data/FITS/fit_1e1a411d6659_K40.qs2,205895,2026-07-11 07:03:18,b35e259fc1dfeaa09c7361d12c735c4de4014b058738c2a13017aa2f241da5c5
Data/FITS/fit_1e25de911cac_K70.qs2,266555,2026-07-10 16:50:25,449705b2d46f7c2222f533e0d3e8c4978459a6c0930cfbbe406eab36ebf212a3
Data/FITS/fit_1e3ecdab565c_K130.qs2,3972865,2026-07-09 08:58:10,04a4715bd2c86033aa5948bf42f3c98737bba18ed20834f8aebc01d627c3a12b
Data/FITS/fit_1e41becb3ab6_K150.qs2,666989,2026-07-09 20:18:21,189155c377cd6bcf48a371d83d90199e47761ab0217318f44ab03f3995d618d2
Data/FITS/fit_1e48d93eec8a_K25.qs2,1044751,2026-07-08 10:19:22,de64091a5276edb020fc456a1cc236a699afe958ff5028f472a3d03cdbe8e2dc
Data/FITS/fit_1e49fcb470dc_K20.qs2,120152,2026-07-10 16:55:27,a764512632bb45ae8d13ed737618dbbfa9536b2970ff05a106b2551edbbeb542
Data/FITS/fit_1e522a7fedc9_K40.qs2,180050,2026-07-11 13:06:10,009f6e4a78f8e90cfd5406b95b93ca08433fa4efe6254a87d9de390bc4f2d882
Data/FITS/fit_1e5d4fca316a_K30.qs2,203704,2026-07-09 20:38:47,9a7afcc41dabd9815fe2f6869a5a38710f83ab546f7be659edbb3e66df49f10a
Data/FITS/fit_1e64e25789b9_K50.qs2,216637,2026-09-01 22:25:31,9f649cce21b0edcdd392ac24a92a070420c2a2061e0749c01347f2ffacb1b18d
Data/FITS/fit_1e89be3c6d50_K170.qs2,4776294,2026-07-09 08:06:04,3b410df222ba67b7aee2122aad64bc7ab3b6635fd541b488dbc9b567ba9c5797
Data/FITS/fit_1e91eef5e103_K20.qs2,926412,2026-07-09 10:44:55,43401d7773970363dd75fa8f5d359d97fd2f2056cced0fe5ba23d6f492960e0b
Data/FITS/fit_1ea6eb9d8240_K110.qs2,526834,2026-07-09 20:24:53,981cff420917cc8dff572fe7b7b91a99d1ee270a1b099bc55f56185d394e41b4
Data/FITS/fit_1ecbcd482cc2_K65.qs2,4851724,2026-09-02 00:40:30,91f3e499ed58abe1d8e0ed6a9d75996a81b63671ffb7aac0057b01e60f39a667
Data/FITS/fit_1edaa1ddb176_K90.qs2,319528,2026-07-10 14:48:14,f2bbf2efa0bbea94ef6d7ccd8c3ff2816f26e21a8460054fe7049d8673beeaf2
Data/FITS/fit_1ee8e261e05e_K120.qs2,561271,2026-07-09 20:24:26,507e222365c42fe0267a88c766e2b81431b93bef777e93593c717e3f9e0443b6
Data/FITS/fit_1ef0fcf08abb_K60.qs2,323027,2026-07-09 20:33:57,e951d921a69d8a65ec805b66e8c4dee8b4488be5216207ca2a7ffcd493b2d3a7
Data/FITS/fit_1f0c2655d2b4_K160.qs2,4583944,2026-07-09 08:25:15,04225d1632203a0b443c4b4df9d4a17cc143592ac0ed7e276097e91ced96187c
Data/FITS/fit_1f2446026275_K10.qs2,127600,2026-07-10 16:56:01,1804c2e0adaafffb5c528995516a6b5411ab347df8bc77df54bbe9acd0afa3a6
Data/FITS/fit_1f2dc4c7c28f_K60.qs2,239365,2026-07-10 14:50:32,0158bcc297187c175055e03902e40e94deae47fd29e5fad69b32b22f24c324ec
Data/FITS/fit_1f47bac08b56_K190.qs2,787516,2026-07-09 20:11:15,d7b8b2db9c65b883e0382957ce2906b614d860adfb38a8bfeb2a78561abd8b02
Data/FITS/fit_1f8be873dbe8_K10.qs2,79606,2026-07-10 16:56:32,4d038b7ebb17ecdab3a5ca180e18a3ddf1b3d16817f9d228b8664aaa51c143f0
Data/FITS/fit_1fa66b58ee05_K90.qs2,2970745,2026-07-09 09:40:05,e8c166ccf47f8da9b5dc97fed56adaf19e0346c16a26f1e79f9fae0aa0c2ff8e
Data/FITS/fit_1fc15e84b2d7_K2.qs2,623268,2026-07-08 12:44:06,f494d90d72b62655d9c823d3e6d7a037ac2f6174e714aaeb993afbc2987e6454
Data/FITS/fit_1fd27b481481_K2.qs2,77330,2026-07-08 22:18:36,2ff5b4cd2df61de0131e67d45834f64d5f7e24149c9d2c9d9645baa53e44531b
Data/FITS/fit_1fe27c7611fb_K4.qs2,28311,2026-07-07 21:31:46,9eec13be3a44958a19352f26148ba0171b245f237dc8de8216124404827ff2bc
Data/FITS/fit_1fe9068b429b_K70.qs2,269324,2026-07-11 13:01:10,27d0837351066e83f5c1bb4ece0fb1d94e2b815916f6a3c155530d85a7c9a989
Data/FITS/fit_200757b79eb7_K14.qs2,21685,2026-07-09 07:09:16,b1398927773c6b4ddb5e2a8dcad111f0a68c92709eaa2474a7586ea958529b04
Data/FITS/fit_202598fb4a80_K40.qs2,177200,2026-09-01 11:06:40,1ec60e1d0f9608dc7c43150608555416ddf8ee2cf8965398a43621313aae3166
Data/FITS/fit_202d34be8f6b_K2.qs2,19883,2026-07-07 21:31:45,0ba631f8580a5034ce1620b346626ff1c6dd87ddab8e7d171b59f2be17da8079
Data/FITS/fit_203fe54e04c1_K40.qs2,180978,2026-07-10 23:55:35,73f862483f6ce8ef7740dfe1a40cf6ac3829435a5b0a83b19b854dafd32ce6cb
Data/FITS/fit_2060cdff0a31_K70.qs2,267841,2026-07-10 16:50:14,8675653d445a3f133d2084fe978768cb6ea4813d6b73f06650c584e14bfa6952
Data/FITS/fit_2081558379b9_K60.qs2,235109,2026-09-01 10:55:10,8aae20abc51777a6dda49f2c9083a1795a981dbdb5ba29d5e58a5bf8aa76813a
Data/FITS/fit_2085fe60c0f2_K10.qs2,80488,2026-07-10 16:56:21,f8caa406a36c8dc44595490b8768697993e3e69d50468d5d53c90f9b73590cc2
Data/FITS/fit_20888adc97da_K10.qs2,123552,2026-07-10 16:56:14,39597af8fe79712986dfcbd68b18d0225cf87807cc3c81aaaefd407ed56f6ea3
Data/FITS/fit_20a5928744c3_K140.qs2,636408,2026-07-09 20:20:57,7ba1c4119a79d928a8c2f76492055ebc95bf5db5602d94af902c182a54e51860
Data/FITS/fit_20bc1dd5fa49_K2.qs2,6459,2026-07-08 09:15:56,5c85c5583a0ef1d50e3ccd5b040fd0ac5f806eabcd7de6de8e8b62738e1f3620
Data/FITS/fit_20c6bb94e10a_K2.qs2,19606,2026-07-07 21:31:26,acb1c118e41a2a4c0324b50a0be4a93d7e542d90c132bd9c7fb7ad6cc68e751a
Data/FITS/fit_20f47d7b1d7e_K10.qs2,150181,2026-07-07 22:49:00,a9fe20e543b02544c65bd6a11b5efedc911a7f4760f93b7ab420438f34677222
Data/FITS/fit_20f565b70168_K5.qs2,2435501,2026-07-08 15:57:10,fb09d09b40c14e3f282a9aa598ee38215d4f0233564e8b27c3184991a3755a9d
Data/FITS/fit_20fce6d7bd28_K40.qs2,3621469,2026-07-14 18:27:56,db206edb803fe1cf4434807307800a3dafdc0561da05f39b15d6c02ea8e57f9c
Data/FITS/fit_2110fca7bcb8_K40.qs2,182627,2026-07-10 14:52:43,eb1d8b07f4ffeecbe4edcbd600553c3c493bdb73c6de31f0581bd0ad86669ed0
Data/FITS/fit_212439603eb7_K40.qs2,182693,2026-07-11 03:17:15,7e3672350b7535bc457e724c60d06991ebdccf11a85780a00677a5115afd9db7
Data/FITS/fit_213617707e39_K10.qs2,541059,2026-07-08 10:21:01,63d1f0ee97959c70d796edefcc72ed35cb1adb8b3dec6d902056dbdb2b57b833
Data/FITS/fit_21453ed44364_K10.qs2,81395,2026-07-10 14:55:19,dc4520cfb34820fe2bd3abf466307cdc363bc541cbeec26912fe12589e266a8c
Data/FITS/fit_217c51519116_K20.qs2,119290,2026-09-01 11:30:53,714e745edcbd993ac546510b24535205c887eb25e25e9a70eecbc11537b4e9f9
Data/FITS/fit_21a99165aa52_K30.qs2,153203,2026-07-11 13:09:29,57b9692e7454891204364994e463c4a01af6c3006c5027f53b9aadfb8f3a883a
Data/FITS/fit_21c8e55babdc_K130.qs2,3948334,2026-07-09 08:58:14,a47c3bc6051213491dedcc92b3756b40182f9417faff76c18788c5ae7bba8fd3
Data/FITS/fit_21cc14acd94f_K15.qs2,191524,2026-07-07 22:47:18,8c7ca3cc384b16a310d51d587f4faa2db4642d072fb2b4e4e214c1bfb6ca8810
Data/FITS/fit_21cd86cb8ae1_K20.qs2,199667,2026-07-10 16:55:05,8ee0c172b8d65d3cf1fa3691794bd064f8d231c00ec6d2a56f733948f564af90
Data/FITS/fit_21cec98c01e2_K10.qs2,123497,2026-07-10 16:56:15,282168ec1414d53a048be8003a2886b1ded1339129164c51dfb33b1ba1e486a2
Data/FITS/fit_21d5166e2d80_K110.qs2,3476958,2026-07-09 09:16:01,fa178e13ba97721b8a9cf5d444bd820cdf80d16fab9163bf6ce1b6d54ce8f5a0
Data/FITS/fit_21dbcdad8920_K20.qs2,157790,2026-07-09 20:41:22,f0328daeb7737912006de79e08a12ec3c77cde807e23a88ef6ad8aa492ee0fb2
Data/FITS/fit_21e0009c06e6_K4.qs2,29369,2026-07-07 15:18:47,86c954235eff3cef1e13e3f037dcffa92db6f1e567156728ec5de372d4e63d3f
Data/FITS/fit_21e57e3e0355_K80.qs2,2696421,2026-07-09 09:52:00,f2193186c0191e296982878a7df5a617eff31014aa9ffb38ebefaaadf95cb8aa
Data/FITS/fit_223d9422c64e_K40.qs2,294874,2026-07-10 16:53:08,67586412bd7739acf6c7114894feb68b1fd1f07baa5da53fd8738963f681173d
Data/FITS/fit_22425e9f9302_K2.qs2,931132,2026-07-07 15:24:07,4a8104ad6159c76587edff8e2462d9a6e650e50d8924045ec1ded4a7e6ad4c57
Data/FITS/fit_224ba35ba82c_K160.qs2,4611970,2026-07-09 08:25:50,573f89a2080c01e088c2238cac5f83c2906e03338f1d2a807c2575b8e94b9d3f
Data/FITS/fit_22b1c87e456c_K190.qs2,5156639,2026-07-09 07:50:59,0281e1a1f7cd439dedad378b5b4e9a8c93264a985290583d6655a3c38436fdfa
Data/FITS/fit_22b814b53611_K140.qs2,432084,2026-07-13 12:24:14,f6ff74154f406c91638c473258b14f1ad3a7b245e1d09645105c700c9d11451b
Data/FITS/fit_22d14f28314c_K45.qs2,525397,2026-07-07 22:39:30,03391a6e3192fd489e63f1630cc2cb451c3900a625c18d481d2780bb7ea921d3
Data/FITS/fit_22df4d00975b_K70.qs2,270146,2026-07-11 13:00:32,f298c132eab12217f6001acbd9485cdd7bd7aa32970deab457b72e9c5bc93ffe
Data/FITS/fit_23014adc3375_K80.qs2,290213,2026-07-11 13:00:06,aff25f59038922cee2898ddad1518d5e28296319cc10381b4f59df92f10e3943
Data/FITS/fit_2313314080e4_K40.qs2,176102,2026-09-01 10:32:27,3867879e1aa9a58521f6117e1ad433dc7c13d2e390b308f6f89d465ab1bec86c
Data/FITS/fit_231347a409bb_K10.qs2,1435751,2026-07-07 16:23:29,e149010805045bdf60d60322333e228979189e691a47995ab1236c3ad8091d2b
Data/FITS/fit_23162f6df7ea_K100.qs2,341906,2026-07-11 12:55:38,15a8afe51cf03d3b76d504c6acd4f8e6e3cea8d4167bdae00d44f7f40abe97d8
Data/FITS/fit_231b5b464e8d_K90.qs2,2959695,2026-07-09 09:44:33,74cc670ae0c7e4b60bd06c11b46214efdd03d7f4e748023fea62a630c61a695f
Data/FITS/fit_231d0d90c136_K150.qs2,4389580,2026-07-09 08:31:20,18aae3536d81f57a63fe720a650d815a837a6e207ca434156ab3d977d9d08db1
Data/FITS/fit_2324cee8a351_K50.qs2,1819740,2026-07-09 10:21:59,7a5f55967ccfa4814e87dc11015f33a4ed34de3e8b50c429411b8e0094c53267
Data/FITS/fit_23350f672c52_K20.qs2,932121,2026-07-09 10:44:19,e0c0cbe4392773226880b88526937fcb640d2fdbfb55be50c7e09b19b2d6867a
Data/FITS/fit_238953a43997_K17.qs2,1715639,2026-07-07 18:14:52,a4d78ac403c11ae449404a1d1581b97a81f1ca4016b5ab0851154371a326b09c
Data/FITS/fit_239ed348e119_K28.qs2,147990,2026-07-11 12:50:29,6327961f659523ceeedff17950195f1b69eebba92495dbcc950a3313153d64bf
Data/FITS/fit_23afa03d6d7d_K70.qs2,416786,2026-07-10 16:49:50,1548adb82d91905d3eeffc8acec6c7c970493003b35090569854c7b411ae95ff
Data/FITS/fit_23cc2daef727_K90.qs2,317812,2026-07-11 12:58:23,bbb549d2502bdec1da36e9f8ddb42bd1cbc6e86bf01ac1ab5ea9ae88cca9083a
Data/FITS/fit_23e81d755c05_K30.qs2,294569,2026-07-07 21:50:34,7519fd9000b4de5582d208db899ef66fe047fa7d35fbf6bf450801f3706af870
Data/FITS/fit_23f3c2633138.qs2,108122,2026-07-07 15:05:30,e16da97b938b85903c936c00afdd6dc1a5153e59f96148852e0015335e55dac0
Data/FITS/fit_23fac908c868_K13.qs2,109645,2026-07-08 09:18:04,bd30121652b4ceeb53b88fcfa371560fe0161d23d4f9898079f0430176f64e6b
Data/FITS/fit_2406aa009250_K80.qs2,411420,2026-07-09 20:29:52,f06c95be4c8e62d2e896b4d308666cb35edd3cc4a60ec3b3fdc4e46f1d63bdb6
Data/FITS/fit_240e10531bbe_K10.qs2,67043,2026-07-07 21:59:28,e8b304e8b07325bcc363b62e987b94f65c01b516e7d51d5c71f110ad33c7ad23
Data/FITS/fit_241883fec549_K100.qs2,340124,2026-07-11 12:55:04,2fc97972b5ad6c7f9e705404b40a452d7329cf85fa0dfc563fb2c44dbfbcb8c2
Data/FITS/fit_2418cd87e47b_K10.qs2,1402254,2026-07-07 15:34:47,9cf4e0a6c8a39dd5da23074d112d11e9171cfc760f3efc765f9ec1520dd211ec
Data/FITS/fit_2424148fb93e_K40.qs2,243604,2026-07-09 20:37:17,b7d019d1c85b366376cd89d02746ae6d6f76893390de07af7353d35d341ed834
Data/FITS/fit_242be708cf0d_K50.qs2,341071,2026-07-10 16:51:57,aca7c785143f4bef89ffae7566629dff270c7373b9d56b5ce65207c9e39b78ed
Data/FITS/fit_2452acfde10d_K80.qs2,448437,2026-07-10 16:49:03,a043a17237c45d4dc9d295fa8e2b73f98652cded71b0ee1a3acde228bc4b6c3e
Data/FITS/fit_246124d5ebd6_K4.qs2,47104,2026-07-07 21:59:15,e2822ae000341ff2bd4592147fd5d082bb4f92cf004cc29bdef01623e0c37542
Data/FITS/fit_2465f1486585_K14.qs2,1588712,2026-07-07 16:29:52,4762829d59dd73f16af1609adf4fbb0b056564b1f5f1aa4033f2497b168f902d
Data/FITS/fit_246772bdc469_K200.qs2,814698,2026-07-09 20:10:05,aa0580d84ad9af59d53f7eb967d22c4d4c2593fa1ce0f15a7ba11ed4097a32c9
Data/FITS/fit_247ab5c192e4_K50.qs2,338571,2026-07-10 16:51:43,972a060a1913a4bb9d74444875e0adda6cf75cbcf97cd55eb46b770af8549c2d
Data/FITS/fit_247c2819ded7_K100.qs2,337043,2026-09-01 11:17:35,cb9bb6a1e16f046bc33542fa6d8561fc6e06fbcd6581b942314598c4b8cb0994
Data/FITS/fit_248431d568d0_K80.qs2,411872,2026-07-09 20:30:43,7b717b17b50d2ba439f532f77012b64f1a77229ba53a42c1b1942501fbc984c3
Data/FITS/fit_24a28ec16c95_K10.qs2,99803,2026-07-09 20:44:02,11aa2d9b5ef116e2cdc4fc3dc5f5ee0c6a3ae4c837e63d5eb457c27b88f3f1a4
Data/FITS/fit_24d4f82f6d20_K160.qs2,4609333,2026-07-09 08:21:11,83b36c7d418f72b614a7722230caa1ff3a585db05ac98bea3da319152a39877d
Data/FITS/fit_2511cc9cb6f5_K10.qs2,17026,2026-07-09 07:09:19,b70bf08d6fb11ff613d8f58d869e6d2dd6a6749a966ca4622141954e8fdccef4
Data/FITS/fit_25463ac27935_K50.qs2,4172239,2026-07-14 17:24:11,3c15ab414ea3f57bd2cd19bf2ce04852f6a3ba05a3d5d5ab217895e68def6ca2
Data/FITS/fit_254e90595f25_K10.qs2,17076,2026-07-09 07:09:19,5c65a1cc79b45dc8b16f6b4eaa84eb031b2a40a118805ea52cad99778e36a16f
Data/FITS/fit_2556002fb202_K21.qs2,20490,2026-07-09 07:13:09,97e158a7ad4910dc1cb3749e8753c72b83d89259609f9f7246986a947f1a6408
Data/FITS/fit_256e5f2406e2_K20.qs2,20135,2026-07-09 07:13:14,a2afa15f58afc8893aa7f740baf2feccf620abbc90564e49548ec4dc6a6b4e92
Data/FITS/fit_256f817a8fbf_K10.qs2,99695,2026-07-09 20:42:56,299aa05b1a2f3364eff1bbceac4f6fc94812e041319e8d73494423108c762ef8
Data/FITS/fit_257663f2caa6_K50.qs2,1823304,2026-07-09 10:15:08,87309f6ce58bfc95b309d4cf4ff538d45ce01de625afd2de87220b2d041c5286
Data/FITS/fit_25895bfa936a_K60.qs2,239593,2026-07-11 13:02:56,d1e58181fb90bfd67a77b3cc222a81dd0915eb77aab491c663d5acbd094a3af9
Data/FITS/fit_258d44df11f1_K90.qs2,317110,2026-07-10 14:48:46,8871fc14ee2cc23ac6050ad0b88aa624113eea894b07ab27382f03cf638e8a18
Data/FITS/fit_258e2fa07328_K90.qs2,433332,2026-07-10 14:46:07,3c813d90dbf72461c91c407cf5f557cb63cc1c6a5d596dd2c884d8e4d211c0ac
Data/FITS/fit_25a13a5646d3_K30.qs2,1246620,2026-07-09 10:41:17,57da7b3f876bcc12300603e6c57afd908ac4b062318ee00211c53568ab1a8e43
Data/FITS/fit_25ab18400eeb_K10.qs2,83885,2026-07-11 08:04:51,4949cb583210ac785e7c75254425b09b3c59532c7fccd89250b212c43f8942b5
Data/FITS/fit_25b4d4115b9f_K110.qs2,529867,2026-07-09 20:24:56,e94b4994ac5701de49146236692aa797335cbd2df5441659a88d28fdacb71a69
Data/FITS/fit_25d7f2002bb1_K50.qs2,211593,2026-07-11 13:05:00,c8ae0038d05aae98cb6e3d09bd31f6c05e6b1fcf2d2d02fad7365f03edd68ac5
Data/FITS/fit_25dfe9d8c651_K80.qs2,289118,2026-07-11 12:58:26,f552dbb16b8804ec6507ab37a81f1d6fea421fa5d9ad58ff7e7f71d46a0556ec
Data/FITS/fit_25ec4952133a_K70.qs2,267795,2026-07-10 14:49:59,6381926601db646ae3d708b82421d684667a7b319a0a4303571cbdbf7e1af8a1
Data/FITS/fit_26065a573731_K100.qs2,338817,2026-09-01 09:47:55,eb43e78e50b623110e290b4986b318e336d59b0a4edbfa360d035cbcab384863
Data/FITS/fit_26302ef97d64_K60.qs2,383876,2026-07-10 16:50:38,21a26cee3d2f3cd7f03e6a93bea71404c7b1a2a49d44e74a7ede20763a04a249
Data/FITS/fit_2636bef12cb3_K18.qs2,19785,2026-07-09 07:09:14,17a379445fceeef5dff9a3bc846b4971a813f50b0e1f0d68ae7ba1c051bf2c0c
Data/FITS/fit_2636c401a611_K45.qs2,206411,2026-09-01 09:43:37,ae0a4cd10b16bd6ddbdbb1d884c28b50725cf1e3e81d56e34b0362e0b6fc05fb
Data/FITS/fit_263df3addd8e_K70.qs2,267831,2026-07-10 14:50:30,f224170f4849b8bb511dab4c08d1b4e2253ea30645c0bbed2d5a6b691187b994
Data/FITS/fit_264db42e7107_K20.qs2,929641,2026-07-09 10:45:04,f9a4d1ec1ea0363029a745bbdb22c12dc6d2579da613df2eb8070159456d44dd
Data/FITS/fit_266ae531ccc4_K60.qs2,243728,2026-07-07 22:58:18,d395789b1ccce0b81400204015235449ece04a5b9b0cb668bb55b64bc1b88ba1
Data/FITS/fit_266f0b3e801e_K10.qs2,558622,2026-07-09 10:59:16,cddaad4f03f5bce34a5af170ac99f72e2848b809f856f70437d7ab032eed5bb8
Data/FITS/fit_2678ed593504_K75.qs2,2478615,2026-07-08 10:06:48,02b8e3b3f3b5b26c2dcfe317bff468568d54401b06b65ec779a245debe221fd7
Data/FITS/fit_26a5f75b6845_K5.qs2,1161403,2026-07-07 15:25:44,980b5dcc1b56407f782e3e43fb01f5bdea530f374527a226720472a8d5595f1f
Data/FITS/fit_26bd0fd93743_K6.qs2,1209506,2026-07-07 16:21:41,5a47ec5decc5ef63328ff3cebc9d13d23e3443042fea6b800de94e2b9b16d37b
Data/FITS/fit_26cc2ac5fbb5_K40.qs2,1572389,2026-07-09 10:26:03,478ee105ac9acc4f60ecc3ec2900e4a7ff1b0ae07a0e78c49c2e7530f69fdde8
Data/FITS/fit_26cf804c0548_K4.qs2,673452,2026-07-08 12:44:04,55fa38c1f21f18279f717159f7c04422ba860f126b3f286b39fcab2acca08ade
Data/FITS/fit_26ea3f7ab389_K10.qs2,81952,2026-07-11 12:51:00,ee5f2450135a678fb30a29042e8c8cd84067fd4a8dcc73138182e0031f5a0462
Data/FITS/fit_26ee19eb4b79_K100.qs2,343331,2026-07-10 16:47:06,03acfc6ce617ea91e78c0e42b339ffdc7223bd8a7d63aff951ebbc5b38aa21c0
Data/FITS/fit_26f4485e08aa_K10.qs2,80198,2026-07-11 00:46:51,c39a42b9b3eee9339e83c985e940feda7c41bf1327f38a58745a7fc123b83bde
Data/FITS/fit_26f77ea03b77_K10.qs2,15217,2026-07-09 07:10:53,e751bb7ecf5bb0cd02e60dfb6150137cad7d21e3d00bb04e5db6faf4de9981c6
Data/FITS/fit_270aee30e42e_K150.qs2,666595,2026-07-09 20:18:29,db3223d2f61afeaf4d5b2a0b70f4474b2f18977e4fcc6a3bfe23676ef9fbf855
Data/FITS/fit_27448b16b271_K10.qs2,560653,2026-07-09 10:52:40,e365a6ee9093342e94bfe7cf6eb40f29ba4c69d81418c7b939d891f469650904
Data/FITS/fit_27737cda1f88_K80.qs2,2705692,2026-07-09 09:47:52,439748c0c7e843dc13fc6d95801d02f1873d7de620893b075a8e69f412f10b69
Data/FITS/fit_2773a773c743_K70.qs2,416468,2026-07-10 16:50:04,6b7b3088975755e6028dec23bbf296f1d52bb2a16b336d429320ec6afadcb6c6
Data/FITS/fit_279184a62205_K3.qs2,1017650,2026-07-07 16:22:47,99a6949c95a7547a4632c4e6699bc2ce89b8f53f2b049e0f4b591138cc369e86
Data/FITS/fit_279afba77964_K20.qs2,158596,2026-07-09 20:41:24,43bcdcc9e7b44dca33789fce83edc4b109fee0f6529430c5b36facbb595a5a8e
Data/FITS/fit_27a0ea6a2002_K40.qs2,295422,2026-07-10 16:53:17,6ab4d559e6617c62764341292583ab9484d09626cfbddfc7eb200f892e93bfa2
Data/FITS/fit_27a17d07f71d_K10.qs2,2864700,2026-07-08 15:50:57,82bf68c5d3f0283c30226403080afe1f93c3a15e30bdcd631cf07ac0de99e738
Data/FITS/fit_27a6a07adc0d_K10.qs2,92160,2026-09-01 22:28:01,0444df07763a0efd7cfe42cf083b9feacb4df298d476b0a4b7a5683e8fe333c9
Data/FITS/fit_27aae16a382c_K40.qs2,204781,2026-07-11 07:20:14,2fff1e06304d9fa1edd0b7aad2f476abbbbaafa5225d7b2b13ec7c4c180524a5
Data/FITS/fit_27be5b1caab2_K90.qs2,449377,2026-07-09 20:28:13,17ba302216ba43d042e645c46820bb61b4f0b71286eb9a57b93066005a906182
Data/FITS/fit_27dccba57af1_K30.qs2,153273,2026-07-10 14:54:20,767c7d643babb1c41a41860cda0ea684d3dcd76ef4c43b115d0d5ea40147d168
Data/FITS/fit_28155da8c576_K30.qs2,200889,2026-07-07 22:56:49,38dd3aba58a9e9cd208f35d843946def87e37471f7ac47edf717edc416fcfb0f
Data/FITS/fit_281b62fd1c22_K100.qs2,520119,2026-07-10 16:46:47,a4cf1f4a9b504d865f389a5cd3ad9cec26cbb2a3363f0cf0eabca77b629d693f
Data/FITS/fit_281c699ee034_K5.qs2,1153260,2026-07-07 16:21:56,c7eb15b7ac5b3faca78b7686d6e63f8c6a8ede76f54bf9bded57286bd8436c75
Data/FITS/fit_282a09207a37_K90.qs2,1891969,2026-07-14 16:20:41,d48ad596d21d3cc27127386b3862be962c348aa402e424c31f4db6dae788a3c3
Data/FITS/fit_28434610561e_K10.qs2,561643,2026-07-09 10:57:06,c86607096af43b6de792e2350b5a2df1c0a0ccd8185c571b0a7a7380930e5053
Data/FITS/fit_284800e456f5_K40.qs2,180638,2026-07-11 13:07:22,743ebbe9bec475df9323acb94448ac91ce6e8f5b1750296257e05575d0f2c359
Data/FITS/fit_2864a85fd2a9_K30.qs2,1247487,2026-07-09 10:40:29,a443959684e7269cd547c2af5e8735f282789d625e37f728f57e2e523bed8254
Data/FITS/fit_286ce4597ef2_K200.qs2,813245,2026-07-09 20:10:05,b23470e1f22bf36081bd6b622b265315e142fa2cb0f0013e719a28e69afef4ae
Data/FITS/fit_2892e33d31d7_K180.qs2,4982410,2026-07-09 08:01:06,b60d7a51220a8c1067347570861b88b990b0a5e7f0a1cb245591f34ae5570471
Data/FITS/fit_289f22abab1b_K20.qs2,3750389,2026-07-08 15:46:52,33125791c0c53a85f30079dd15095d1db78f98037f65ea469685ba71ce7cc02a
Data/FITS/fit_28b2fb62d1f4_K5.qs2,330773,2026-07-08 10:24:06,5bebda2c052b860ef6fd024850525d9fa1d1e7e5b92cae0f2fd863873917ae16
Data/FITS/fit_28cb0c1e5c90_K30.qs2,202422,2026-07-09 20:38:26,a7f3ba0ce934dbf4c879b8d34e49f001f0384aea64db305383aa96755698d56c
Data/FITS/fit_28e8ba777be7_K15.qs2,729781,2026-07-08 10:17:41,f79d1337cbd4ed9a259ee186a49c83a2c481249d0f2c0ae33788653bf50c8610
Data/FITS/fit_290719eb2c33_K100.qs2,3223334,2026-07-09 09:28:36,0183a49f4fb83c3e4bcb7219e904192d95e075665d791918abb9fca9575c0a7d
Data/FITS/fit_291200f9f4a9_K50.qs2,486386,2026-07-07 22:52:34,e11f8d7096f354b5016f64256b4a7cb2ec7d2c5474da42f8b015c7e3fa8e23c8
Data/FITS/fit_291b245950db_K80.qs2,450487,2026-07-10 16:48:34,aac616f0b8c2d919594b2e5fdd243c1119309a1d4a2c0306abca5cdf89df3308
Data/FITS/fit_292b1eb4c8cd_K12.qs2,161855,2026-07-08 22:18:18,945ba4b00d8ea152f9cfdf45184fd014cf847a4f0dda05bd19c150eae34cebf4
Data/FITS/fit_2936fd957478_K60.qs2,7446038,2026-07-08 14:43:52,01dc87f4319c2374df0a925c164cbc7bd3455826c0b38a9496eef1f749bd33bf
Data/FITS/fit_2943d797de33_K18.qs2,18940,2026-07-09 07:09:14,9860fe25925abd98c91633787de1eec6621f335433896cf6228af9eae76df1b5
Data/FITS/fit_2963046cafa0_K140.qs2,4169452,2026-07-09 08:44:45,2e1a364d3337c408ffee59c555a24487d947ce427ece75ec3ecbae00530b1859
Data/FITS/fit_29818651844c_K10.qs2,142827,2026-07-08 22:18:24,f02cceca25d2d69b5c94c9cfe0d76915c839ddcba628f89ff158a61737e94ba3
Data/FITS/fit_298f80bb3d83_K20.qs2,197836,2026-07-10 16:54:49,0caa4cb828ea96a250256db3e0eed5e64863e418f8fe4624f37ede8118021d2c
Data/FITS/fit_299742a0adc9_K70.qs2,267215,2026-07-10 14:49:59,caf87c4cdb77d0802ade7d0a12fd09436c35011cc66802976b0503a7f5f51249
Data/FITS/fit_29a02d8f6025_K50.qs2,205833,2026-09-01 10:21:36,cbf12eaa389bff1c95ef528a0cb5d8e4092e823ab47d5faa3e1f07b03e0d9e50
Data/FITS/fit_29a4ddcd9503_K15.qs2,3314464,2026-07-08 15:47:55,58a5e74cc6b3176179f13148447253aa361f9e3fa2fb74845ec1ffb9944e1a4e
Data/FITS/fit_29a87e577225_K4.qs2,11023,2026-07-09 07:09:23,ea4e1e2ecfaf7180d72e0a2c23ac0f211db2c1115597585c62bb3404aa7e5ae3
Data/FITS/fit_29b49758f1fe_K90.qs2,319460,2026-07-10 16:48:10,ec800f85cd8a5111c01981b9fde02fcafa0610128b307456b8255c2186a42fe7
Data/FITS/fit_29b8b3241462_K120.qs2,563735,2026-07-09 20:23:55,067c9c24e001a843b48a128ea2ada45e47cee98cab37825c840694a2918d4237
Data/FITS/fit_29bf2510ee73_K10.qs2,14905,2026-07-09 07:09:20,0272f7424dfcf5cc5e59d865fe005b494b0c0ec57bae9b020b23b413bf589f54
Data/FITS/fit_29dafa099e4b_K3.qs2,57291,2026-07-11 22:32:04,2d305bd8174c83566891d2410adf6fc54d8cdc8941234de330b7abb606d8e96e
Data/FITS/fit_29de4aeb466f_K10.qs2,79663,2026-07-11 07:49:30,03e8fbfed719885676836ebcc5aec2a035a9c05022130cfc62c40849928f23b5
Data/FITS/fit_29ff74532e65_K10.qs2,80258,2026-07-11 07:06:34,090a7a3ef9305f259926088ad7f153be442cf2ece58857d41937ce7b8e86de2e
Data/FITS/fit_2a06ec90e2f9_K30.qs2,482096,2026-07-07 22:16:59,cbef11fc40769987193a32c072fb656d2fc58641bd0981835a715f226e581ac2
Data/FITS/fit_2a1e1a6547db_K80.qs2,286083,2026-09-01 10:21:39,0fdc4b3262170172b941b1f3af9884b6424f8d9732ade6395264814a5e968f08
Data/FITS/fit_2a329405b5cb_K120.qs2,3730067,2026-07-09 09:15:46,fa3fafd4b641e8d1cc0e296191c1558b430bba1bf4bf8074af68ab2f44c62b46
Data/FITS/fit_2a3851344a5b_K10.qs2,79427,2026-09-01 11:07:00,7caa072fa92385e95383543c5122d28e9d002ee3404af530a0e367782ee28255
Data/FITS/fit_2a3fb0cd09ef_K3.qs2,986638,2026-07-07 16:22:13,30e41dc9f995a7daa61dd41b61677164e5e237bb8493bfcd9535fc8b417841a4
Data/FITS/fit_2a434f37dc92_K29.qs2,151065,2026-07-11 12:50:29,ec1405151b0e250cdd29af7211721a51464e890fd9a90dd0ac096e258b93dbfa
Data/FITS/fit_2a4a0f259ad0_K4.qs2,46861,2026-07-07 22:04:06,53b17ebe917732a9dfba7440e84a2dba29d8b4ac2a6325ef75cf7756e2557925
Data/FITS/fit_2a5578e92e25_K200.qs2,801800,2026-07-09 20:10:09,97a0c96f8d3c4778b792b9a8643c45d46db4ef0095ebdd4940935c415615071a
Data/FITS/fit_2a639dc431b4.qs2,102877,2026-07-07 15:03:53,f82d248c8400dffe85646de9a4e9425d9c5b6212a8f1b18d965efa0c3757a6d7
Data/FITS/fit_2a8415d704b0_K20.qs2,125641,2026-09-01 22:27:26,e7f013408a95028b79ca251b3accd4d3c80692242ceddd0e271b29b648ec56ad
Data/FITS/fit_2aa06a826173_K5.qs2,107660,2026-07-07 22:48:07,bd168539c2aca03df202cf79e01d5c61138da34fcbe500d5dfd677112466f601
Data/FITS/fit_2aa634b056b7_K20.qs2,19924,2026-07-09 07:13:09,56af9d9a2c01b09b6de1f8a45ddb6cb4f74a6828c55cf61c6ad57e77707febf7
Data/FITS/fit_2aa6cfed4896_K10.qs2,85036,2026-07-07 22:02:38,07c0b758d59c8e183f5356b9d8464d847bbe62f356148b2a05be9a46ce8397c7
Data/FITS/fit_2ae02621cf37_K50.qs2,340995,2026-07-10 16:51:40,a4d855ff0e58af3d8b40fe6df31f0e81c1a6c5544a94a41ac5c8259230b76add
Data/FITS/fit_2af3941ffb95_K40.qs2,181097,2026-07-11 03:30:54,47c9cc81a0738e3f6a04437ae0b65118e63b9b9f8b68c30e9b77f64d94073008
Data/FITS/fit_2af593cc2296_K190.qs2,786694,2026-07-09 20:10:42,4e6cdc28e250940bbb63259dd94c8d3a49d35797cae8d4e9682f2d22cd6c1675
Data/FITS/fit_2b17a009d227_K20.qs2,155981,2026-07-09 20:40:50,d5962e4b607280e3d4059d43381a274d629ae4fd5ce45962b1a90abda92fa1de
Data/FITS/fit_2b2cc7ca06c9_K13.qs2,1562876,2026-07-07 18:12:14,db3aebcd7f167376a654f9c79033ad6bf20fb3bb949d86e14697954e41093ede
Data/FITS/fit_2b2f76cb5ed8_K2.qs2,6180,2026-07-08 09:15:36,02e8cef866e17dd5187a044b34462471bc40c5f628ba27ecd09356c264dc3db2
Data/FITS/fit_2b33b4be14e7_K130.qs2,594567,2026-07-09 20:22:36,899823a5f4f928a59e184b6e25dfcd40f62dd6b858bc22ad043dfb24fe9a90df
Data/FITS/fit_2b38d548ffcd_K60.qs2,2109891,2026-07-09 10:06:43,8708504abb72c3391df403ec03569d6b1bb663a864c43b7e0a1c890e62697c68
Data/FITS/fit_2b3ef47e53a1_K30.qs2,153266,2026-07-11 13:08:58,369e42c61e270987447ad1242d1b3703317b38baea2050116db43842775fb2fa
Data/FITS/fit_2b50a5b0bdb3_K4.qs2,1057319,2026-07-07 16:23:44,389360f561f2f9815bf4ebe7483e9fc62c8d412a1b08867eef83e52094c688cb
Data/FITS/fit_2bc2b7bef8a3_K20.qs2,389964,2026-07-07 22:36:39,137b0b0a24fd71aff762671ad996bff5fe0790b3de0527f8f0686ff436dacb48
Data/FITS/fit_2bcc2c375f07_K80.qs2,292355,2026-07-10 14:48:49,126323a4f5ce273fdba9e0cecc236cb5c3d555eee996630b6f8351e6b299340b
Data/FITS/fit_2bfd9e9e493a_K180.qs2,9313553,2026-07-14 21:44:32,bae142a7c48c34d18128b0f5eed277abc1a74adb42c078c22a2cd9b9b0a7b852
Data/FITS/fit_2c00f9750752_K20.qs2,118557,2026-09-01 09:48:21,c84089feed5d26df6d7e34f0c33a7f7a7008af99c4b9ba48ed513ff8ade30dd0
Data/FITS/fit_2c0542753ff1_K110.qs2,3510603,2026-07-09 09:19:27,e425146608d18fcd9f7343b298c221091ae3beae94a601d97e5ddc82517bb3ea
Data/FITS/fit_2c16bb227650_K48.qs2,205269,2026-07-11 12:49:56,43d4ac516750cda2c24b1e8d5f20ab488961c92a94ef17a9bf3e06afe2dbefe7
Data/FITS/fit_2c33477981b0_K20.qs2,926258,2026-07-09 10:44:09,2c597c14d1787074505113a682ae573b2a83828b35904ce8c26703e17d0ae61d
Data/FITS/fit_2c410a0053df_K150.qs2,8382743,2026-07-14 21:44:00,2cc025df4919c6e6bba220232152274597fbfcd1c8dca40b09244249a1679bc0
Data/FITS/fit_2c444a7a1414_K5.qs2,64984,2026-07-09 20:44:07,1f3787e41cfedb33985a76ff238cd5fa3f618f90b744198d9e82385d66f1699b
Data/FITS/fit_2c4e5c26cbdb_K40.qs2,177379,2026-07-11 01:41:42,006e3a2f19b3c142b1659d664959dca966c40e9fff1448a8bbfd41ffcf5e2d9a
Data/FITS/fit_2c6f0c2b75b3_K70.qs2,265359,2026-07-10 16:50:25,a6ba10333f834865866cde86db01ab19c938424b178c084c5ab58a5dfd3a6d4f
Data/FITS/fit_2c7ef52ef874_K60.qs2,234831,2026-09-01 10:43:44,bd85c81181efcd4225e5979f3ace2e908883c2af3c192fa87f78a5f7e1a19d87
Data/FITS/fit_2cb96f95bd32_K160.qs2,4600609,2026-07-09 08:20:58,39d9cbe8abc2c2a69fc8f95ec7bd04e0407110ea48f27d3bf25c72e0f7be29d9
Data/FITS/fit_2cd30d6f17ba_K10.qs2,84046,2026-07-11 09:11:13,6b0c875dd5adff781cde04f164c6f1c5613551a4ac74026935e5c5443ad54fa0
Data/FITS/fit_2ce5214560a7_K6.qs2,13818,2026-07-09 07:09:22,d4edcdf1580fa0570307466331dcdd42419a1afb2a87a579b589d2c46a8d9aec
Data/FITS/fit_2d073bfb119e.qs2,102840,2026-07-07 15:05:37,05d65eb871a14519d79ae843f586a742c3f8caf6fd4582cfeb173ffd7ccdf69e
Data/FITS/fit_2d365587459b_K20.qs2,119397,2026-07-10 16:55:37,ac6ac149ffd6d6dbd5278d4ff3d359f350b18cd68607d67efea995d09f8cce7c
Data/FITS/fit_2d44135852af_K80.qs2,290641,2026-07-10 14:48:52,420b8088b096181a8fa4654aefd6d5e52474be669ca7613c2a17e3fb2b0552bf
Data/FITS/fit_2d47583051cb_K4.qs2,50037,2026-07-11 12:51:08,c82e0634414f6e856264a792216751989ee53fbd8defbc59ec46f6c5c715a63b
Data/FITS/fit_2d5d41f227d3_K80.qs2,2699372,2026-07-09 09:51:43,edd9d80139fdc66393813f85c684e6e301280112c19802eac83ece79524565a3
Data/FITS/fit_2d73ef25bbfc_K15.qs2,119291,2026-07-08 09:17:56,76e5d8313fe4e351d7f81dd356bec118fd478b39c862d7d1ce7de77bc25888e3
Data/FITS/fit_2d8891e50b14_K10.qs2,80539,2026-07-10 14:55:53,e67b3e32eccdcda22873fb797f593be5cc45e1bd83285820b797473d7abcb8ea
Data/FITS/fit_2da30ca1c5c0_K190.qs2,9612661,2026-07-14 21:44:08,bfe29db2fd6e2a6aeef7ab54d1d9a43b9ab604147297c3c5cbc96344730f37d3
Data/FITS/fit_2db3e532364a_K40.qs2,278113,2026-07-07 21:51:25,9b7432e0356ccc381efdc93795e3eb9535b4e7d3e43e0e88b57f522530d105a6
Data/FITS/fit_2df1179b99cf_K4.qs2,11624,2026-07-09 07:09:23,d00126d1df1b0464b3c3ca50fd8025b723f1ea80e530d28d72821697e6d664fd
Data/FITS/fit_2e09ff0c974b_K14.qs2,16579,2026-07-09 07:13:17,43908c358474da5aae92bfee38c97a8cdef64ea168a2e14e4c0c5c23bf201d08
Data/FITS/fit_2e24e07b7490_K170.qs2,720422,2026-07-09 20:15:38,0d7216e827479430c611995fb1868147d162bf59d6fc4441800c592e65aa8679
Data/FITS/fit_2e28c60b35d9_K15.qs2,113990,2026-07-07 22:02:38,7741c60cefb32dedb5b6bc42f2010f09b43ff744af0eac9f032d173772512b12
Data/FITS/fit_2e39af8037a6_K7.qs2,75914,2026-07-08 09:16:51,c0d3bbc31af8d99542d2ce9d06fc01e2afde8963d1a0b7ed3c0ab746cf58d9f3
Data/FITS/fit_2e5ff5b0ccf3_K40.qs2,1568099,2026-07-09 10:29:43,66c9dbedaffcacef8bc7ffad8999296dd6cc021a1eb14e1e815775f5d04b3e9b
Data/FITS/fit_2e6b30baffc1_K30.qs2,4708204,2026-07-08 15:44:48,641bd989bbdc16eb04dbcc2921392291460bdb91dbb16ba64e61836e30d18205
Data/FITS/fit_2ec60aa69b6c_K40.qs2,181082,2026-07-11 03:40:49,009914ee56edc8d4a0c94330c55248015cec9a84131ed1fe53d1b682bb2c89a7
Data/FITS/fit_2ecfd9997615_K80.qs2,447835,2026-07-10 16:49:02,39bcfbc3411bc59335840c1031b0941b2289367238adf6891b7c30680c4ff6b4
Data/FITS/fit_2f14d347830c_K40.qs2,194841,2026-07-11 09:11:17,8ecd13d9af018dd8dbd9912ac85628959e57a871f449d247ee2370e5e07ee639
Data/FITS/fit_2f20edf1d5b0_K4.qs2,10246,2026-07-09 07:00:46,ec3571d6675407dab61b7927762a6c8f687c2252b9370b98c45db7752fb0a9ce
Data/FITS/fit_2f313a8918ee_K32.qs2,160549,2026-07-11 12:50:24,2be4808d0055d61a0b08bab28922cc7e242b3bfad163461f56131176eff12dc1
Data/FITS/fit_2f45411949a0_K40.qs2,182022,2026-07-11 00:09:31,861cbaa4254f08deb456850e43ad4ecf7b898136b59967c5ea9222d2c487d20a
Data/FITS/fit_2f5740524190_K80.qs2,292656,2026-07-10 16:49:14,0fcb8855d228c261a581cab6ddbaa4ad94f253e57b0cf7df9b4ad577922146f5
Data/FITS/fit_2f6ce942d60e_K2.qs2,47750,2026-07-11 22:32:04,4c7b31c9e0e52ac7449bb951d17059479c69d509249ed58b832cf74cc4559792
Data/FITS/fit_2f6fac3671aa_K2.qs2,1079430,2026-07-07 15:24:53,f21676f553bd5fcd2e85653bf4b7bc740f6e01d02aade3b29e45fe745393c358
Data/FITS/fit_2fac9f4292bc_K70.qs2,267077,2026-07-11 13:01:43,3462b7ab64c17f5f6718c5abe67620df10cceddbd282d83dcec06c8dd19cc144
Data/FITS/fit_2fadfa0bab26_K50.qs2,213817,2026-09-01 22:25:31,9e41cd3ba6ed80fa2447b6eeae15144449f6f96b13bfa368ddfe4b651712329f
Data/FITS/fit_2faf238817eb_K10.qs2,78676,2026-07-11 07:23:50,e027d3b8bd91fa5ffb0ada355f64067bf11853603af530e68765f3da2be338b6
Data/FITS/fit_2fafc48a1947_K90.qs2,315223,2026-07-10 14:47:44,33f02307ff879a31bb34c973da2ce38cfaca83ef43f27a230438e45e09d46584
Data/FITS/fit_2fc66d5517bf_K9.qs2,1520356,2026-07-07 15:28:54,771ae9962bc34beffb8685bf6fb540b850f0f6a2bca6ac3804e48a7522508981
Data/FITS/fit_2feea15b249c_K40.qs2,200364,2026-07-11 06:20:16,883be63e838398eded7df883a0c1f33339296c691062ce863c55c0bc5654d22f
Data/FITS/fit_2ff8ede64513_K3.qs2,26244,2026-07-07 15:19:07,d54fba1088515936dfbc09ad81d58dc971686da0ba59b31ba2a2054781e933f6
Data/FITS/fit_301f9159df70_K100.qs2,341579,2026-07-13 12:24:24,fdb5315d3619c13496ac8e977d825670e877f7527eabe63f62ee6fa2afac961c
Data/FITS/fit_302a0131e180_K44.qs2,192360,2026-07-11 12:50:06,ba07dd2ff344456473c54eb850dd82549de4d7db04a2a399f5fa8300d07bc8cc
Data/FITS/fit_3045147cda8d_K130.qs2,596748,2026-07-09 20:22:02,17a6474642a3018b9d305fd643f89f6a28b14e31a6d94e1a6c4a8e0d10cc2dbb
Data/FITS/fit_305dccb3842e_K30.qs2,1193412,2026-07-08 09:32:17,e180018e6be099388f0dff7a2e060cd7c815d70f75074515ca39895d94e18606
Data/FITS/fit_30aa85027ff2_K40.qs2,195682,2026-07-11 08:38:22,3fff2b1f4b9f68c20ab593179bb5b057f60b93bebb90d15cfbed6a65244ffa40
Data/FITS/fit_30e151b92824_K170.qs2,716174,2026-07-09 20:15:44,f05e978c819f49d23075a37e56fde01a11c14ca1c885e733a1a81d7e7b224f94
Data/FITS/fit_30f4ec9c0bbb_K70.qs2,2417144,2026-07-09 09:59:24,5f481f62643dbad73d9a72eba533910e3042698d5c7a0c2ce8032b5530faa214
Data/FITS/fit_3124bc3a293e_K70.qs2,2408011,2026-07-09 10:03:00,d23cfeca7ec348dfe0469767ce96f65827cb2a5b824471e8f5bb14226d2f618a
Data/FITS/fit_314615b3d180_K140.qs2,632467,2026-07-09 20:21:27,1e772298a038b48d744767d3aa2b44deb5cbe83d6fa075750ee04260fa88590c
Data/FITS/fit_314dc3a06fa3_K60.qs2,2116756,2026-07-09 10:07:10,55e74c38b42fc9bb826d92eb7c5423f6298b34d2558e2b13af09f12b8a8d3ccd
Data/FITS/fit_314e4cac0c71_K100.qs2,3223075,2026-07-09 09:35:56,1b725f18c39be73b100f755ed0207eb470b88a8f1a9bcdfb1384547644511783
Data/FITS/fit_31635091e137_K10.qs2,79924,2026-07-11 00:43:30,c06ddab91a1eaa96508930cfb40f25462e3425fecd654c448b3e539e11923650
Data/FITS/fit_3183e5b0457e_K3.qs2,41435,2026-07-07 22:04:06,848c471d0c4cbf39f980c597079c3ddee799dd23fcd785973aad98dc6f891942
Data/FITS/fit_3192b9184411_K10.qs2,79499,2026-07-11 07:16:00,b402fb2e0955fa462ec1e47cd4d9dcafa5a97d76f7a4d2ec245deb31c7849f21
Data/FITS/fit_31ba15a9d469_K5.qs2,32199,2026-07-07 15:18:47,c426b0facc6607ca991edea28d57553a8f832ad4fda6df0644e4e9b88951d7a6
Data/FITS/fit_31c129346ab1_K100.qs2,338441,2026-07-11 12:56:08,9026504cdcb3adddc66922ca8bd6835ec1516262e3e44c4af1c311683fe539de
Data/FITS/fit_31c13d40a3e6_K60.qs2,769122,2026-07-07 22:26:33,c8dd27e73332deb7c89038e775207f4c22259d980b796414c7460cb94be4eaf0
Data/FITS/fit_31c63730eb23_K200.qs2,821021,2026-07-09 20:10:10,e566157661fad425b5376b09babb053464e5c6f93c18febe5d7d69a777236c35
Data/FITS/fit_31d67bfc0483_K15.qs2,1663245,2026-07-07 16:58:42,d7bf0984c3f3555584d74e6ed24d67ea2df13be6f9d771149a33ce90102d9428
Data/FITS/fit_31de0e1b03fd_K10.qs2,126521,2026-07-10 16:55:49,76c708b6ca63631b59583af5d9966bb8e2908bb66f5547922f3e17eb9aefc24f
Data/FITS/fit_31e1c608c5fa_K90.qs2,452541,2026-07-09 20:28:18,081144b19ab83b0827fd185830a6fde33242bd3e1f97f53dca91a3c8b7a36b91
Data/FITS/fit_31e4aaca7061_K10.qs2,78675,2026-07-11 01:08:03,ca93c8505485aad479ed751e12fb790abf1c183d0f49c8891abf4582d19d1b45
Data/FITS/fit_31f69e98c2a1_K70.qs2,415999,2026-07-10 16:49:41,36b74e8e13ba61af7ccc258f0cc0764ce36f5eb25ba7a882eaaa84a3bc612fb6
Data/FITS/fit_32011d8426a8_K90.qs2,484551,2026-07-10 16:47:59,2d54e7167c78912351bc16f090afe6cebe4a28e80468523cffbec0ddfc5ae441
Data/FITS/fit_3201d8579b8c_K160.qs2,698077,2026-07-09 20:17:49,3492a543c4c899b5b26d0883537557aa18fe805a7aa2bb1ac463da74a7a042ba
Data/FITS/fit_3237941e449d_K20.qs2,399294,2026-07-07 22:34:33,79eb1ea3b26ac6c3f776db37cf21b0b359ddf847fa8b0d938dd20cb0731c52fd
Data/FITS/fit_326a9106bbc0_K10.qs2,97298,2026-07-08 09:16:57,5347f3cde1d2a3e8269bcf86415cf6ed4b972e440ad9238de89398e0e72b0eda
Data/FITS/fit_326b35aa4d05_K60.qs2,235101,2026-09-01 09:58:46,093a9e2f455eb898790e271ad099e3c2dc1d4e1ccdd45e7349762d63b32c3d1d
Data/FITS/fit_3275106e41c0_K20.qs2,932041,2026-07-09 10:44:01,84baa28ddf974471bf714276c2519555b94b1c8f800dbbbd6f200a78d2e67faf
Data/FITS/fit_32872dbcf52e_K80.qs2,409811,2026-07-09 20:29:45,3a13b85f0b3957e4beb6e4a86bfe6d1b2e200aaf9b5905a0b17942a0888d6df7
Data/FITS/fit_328dbe33efd4_K50.qs2,206905,2026-09-01 09:47:55,3e12b8a8baa974077560051bafa8f543632e7c978055e4db6dedf770ae10a84f
Data/FITS/fit_32be66fe805b_K11.qs2,99978,2026-07-08 09:17:23,1a1e457137045bc4a16f5057932aedab30c312f9b22661a16a4e6f88f1c53883
Data/FITS/fit_32cb6a7ec0e3_K4.qs2,96671,2026-07-08 22:18:36,b3f6ab26b2719fd7cb0a414eacf54d2008567eb0597496fc57aa2030c4b15258
Data/FITS/fit_32d295714bda_K5.qs2,68357,2026-07-08 12:33:22,94f90cb627069a73a4ef89a736afd41ce63cfdc0502aaeae4100fbac241d58c8
Data/FITS/fit_32d7836eda06_K38.qs2,176257,2026-07-11 12:50:15,71c23336d6fd6cd005d1440938b18be5c2203a30048b4fdbf93eb95f8fa0d3b7
Data/FITS/fit_330da7416030_K20.qs2,390270,2026-07-07 22:43:27,e72d14a2bc79eec555226a5af7fb4ef7022f8d1e054f81e69f6740d72ef066c3
Data/FITS/fit_331ee342570c_K60.qs2,2121180,2026-07-09 10:10:41,f7fdac913247b96fe14a00c0a74f162b5cf8385387198d1043ed98a41cc04629
Data/FITS/fit_3326a60c7daa_K140.qs2,634582,2026-07-09 20:21:01,97791703f01b31f1eddb8dce89baa6d6bab37d13d376404fc971136ffe478cd7
Data/FITS/fit_332eb02da351_K70.qs2,267325,2026-07-11 13:01:37,d22564385466f35160a6927af58395f0d1d0fb76ecd3d75274fee777b8f78b53
Data/FITS/fit_333341b3f3dd_K50.qs2,206273,2026-09-01 10:43:46,1b9c0831fc2ccf46323412d157d46cf4a615f284d23cabc4ce78161664e5d74b
Data/FITS/fit_3346737701e6_K40.qs2,181328,2026-07-11 13:07:24,4f0e3f3970ea8121d6d6f4c78d6c68fccce8a1cc43f1b9e83356789352569b76
Data/FITS/fit_33611d70e8d8_K110.qs2,3496535,2026-07-09 09:19:32,c2f07aab9e14b62c14036d6ddfea2c35939a21b67af3ec952b8f6f3ef9539f25
Data/FITS/fit_337ae6a2cc81_K2.qs2,20958,2026-07-07 15:19:15,a1b7b0b055c191f7d2a620921280d919a13359d7cf1b0fcfc76fe93e78499389
Data/FITS/fit_338a301fd084_K15.qs2,1780247,2026-07-07 15:31:24,1fc72b16f9fcbe8490b2c381d548a0914219f09fbe899ff07c64f3fc9be7f96e
Data/FITS/fit_33ac4f02262d_K40.qs2,173729,2026-07-11 01:34:59,fc2bd50aa3ea0f8141793a09c7f00855ba5ec38fa42cd8f6fb96c5dcb409cbd3
Data/FITS/fit_33cb44320c6c_K30.qs2,1247129,2026-07-09 10:40:25,cdc5a5e68f38ff88c61ea4919f62b766445af9bff3bd49709548f497ee1ec409
Data/FITS/fit_33d6ee9a2082_K8.qs2,14046,2026-07-09 07:09:21,cdcbc7beecb4960a7bf1433bc5593fb0f3d97c1935644b37528566250c8c3376
Data/FITS/fit_3452ff286d56_K10.qs2,80508,2026-07-11 13:11:39,537b4f4a4222f114c7a4910e37a69d1bf463d255cb5206504cd8f6ef1549598a
Data/FITS/fit_3467fc1a3bbc_K60.qs2,2119564,2026-07-09 10:13:56,d4152913bc5d296c91dc2716f8ead61b88045f74ac7cb6af5a9d0bae89e9df52
Data/FITS/fit_34779d4c6bd0_K65.qs2,2188635,2026-07-08 10:10:10,e73c06845f04d36862bd7dc4a7e19ac33ff9b58d564536655d2cce2350a286d2
Data/FITS/fit_34a725a8954f_K20.qs2,158631,2026-07-09 20:40:57,1d7ac025d6e5dc27dac97d584db5f860c7ee9d16f51d35b83d64c100c11412e3
Data/FITS/fit_34c036864e37_K30.qs2,149885,2026-07-10 16:54:28,045e6283480d44819ff14e84b0b676e6b791bbcaf87531257379e7fa31e31f61
Data/FITS/fit_350930865dfb_K40.qs2,181324,2026-07-11 00:19:32,95be583a287d538199530c6742e6c4227b987ca543d12c22c16e0e09a0bf0c5f
Data/FITS/fit_3521c2bbf46e_K20.qs2,20284,2026-07-09 07:13:14,8bcc2bf27873e184fec72c5550900aa881d54b2e2cfec77155929715e7cd54ce
Data/FITS/fit_35314b736c76_K110.qs2,359822,2026-07-13 12:24:14,6d018fdbcc29abf6c076117d3fcab60ca278b101ff9cd2c03caaebbecb5c5908
Data/FITS/fit_35361fde2d7a_K30.qs2,468111,2026-07-07 22:19:33,ad800ac033f42d521362060e595a11b470b63f59f5956aacebb613e63d7be34a
Data/FITS/fit_35403b18513e_K40.qs2,173412,2026-07-11 01:21:48,612160fa948d3c457ef470059fe644135628aad1bfb1b09572f614b1c6666345
Data/FITS/fit_354d4615ce52_K80.qs2,2614449,2026-07-08 10:03:15,bc292305a833d15c5a1bf224cf932fc654a8642b7f3655091d7ccab6d21cbfc7
Data/FITS/fit_357d394db4b0_K15.qs2,105666,2026-09-01 22:27:44,0d21d8c17d2bf891418c76d362c7e7fcf1453d212eb9f1a0f5d1d9bb9a6f319c
Data/FITS/fit_359941cc6ad2_K80.qs2,290212,2026-07-11 12:59:33,8ecd14afa6e6ca50940e7998f09b3ee5238b67be9533f04af7c182845d2788ca
Data/FITS/fit_35d2b9e597d2_K15.qs2,118894,2026-07-08 09:17:05,c9c88fb1d25c9355d54b6e7cc3316913e249970e4e618668d0c9ccab6abfd1b6
Data/FITS/fit_35db6735d954_K10.qs2,18057,2026-07-09 07:12:43,887fd616957d8c31940a72eb0969b2dc69b0cd40b0748b92a4278c084e57ec01
Data/FITS/fit_3625fba28322_K10.qs2,80498,2026-07-10 14:55:32,1c5342361084033502621a61280bf092842dae3665c26fc91fb6ebd83b6358fd
Data/FITS/fit_363a352f379b_K60.qs2,240967,2026-07-10 14:51:02,6bcf7861b25f61982848855fadc6a8e13cf10d5a752e82ace9bdd22380e771ea
Data/FITS/fit_36a377c9c159_K10.qs2,17868,2026-07-09 07:11:55,2210aa9c8ceb520ccd0371f2e410d6248a977f93a24be140ccc1c77582ac28d5
Data/FITS/fit_36a8b8732b7b_K25.qs2,427361,2026-07-07 22:19:54,0f790493f6c0fd591ee8b1c7004d2f96aaa50eb506dd177d0a7d6e92c9b26f2e
Data/FITS/fit_36ab0a29fa06_K18.qs2,18935,2026-07-09 07:13:15,776589332acff7e49fde6ed1b4ac6ad3973ddbad5fa6058669e94ac3fb9644ee
Data/FITS/fit_36bcae09b6a7_K20.qs2,198918,2026-07-10 16:55:18,9877f286c9cb6b5a036c4c8aa627edf86fb750ea02fffbec5245b7d78b24b2d0
Data/FITS/fit_36c435ebfc37_K10.qs2,79593,2026-07-11 07:31:24,91a8387a3af04b4823c5ba936e3121dfbfc152065f39146320b439a667772914
Data/FITS/fit_36d1f77c539a_K140.qs2,635587,2026-07-09 20:20:28,508074d078fb00c6925f868ecf9564140cb9f792778fcd98c819ff99a938a8da
Data/FITS/fit_370645e282a5_K40.qs2,244239,2026-07-09 20:37:45,019c50348b5fb9a0c5fa8be9ed26848a806cb25c5e2509135e96238a0ed371d9
Data/FITS/fit_3707faf081d1_K5.qs2,10177,2026-07-08 09:15:59,5a7ab0d8c4fe45d769e20cbb1902628f06ef0a676752de0a08f388857ae41fda
Data/FITS/fit_3726c73d1298_K90.qs2,315034,2026-07-11 12:57:52,36a110ff0e68892bea970672646cc0601e5957718948ca7c4f7872561a5b80f4
Data/FITS/fit_373699bb8356_K8.qs2,15991,2026-07-09 07:09:20,212e0d1c015eab5952d92092d08e3140f5250ba0adf736810b4f4f95f6ebc864
Data/FITS/fit_373a38b8c3b5_K10.qs2,82276,2026-07-10 14:55:30,4bb827d46eb7825596472ced53ee2dcd6a993b9761a5ce69d4b109c93ce48742
Data/FITS/fit_37406e40a66a_K80.qs2,292294,2026-07-11 12:59:02,e5efce835a05a615ac8b07272d8c391950e683483e6dd1f1ef972f2638724c07
Data/FITS/fit_3741ebdb4fb5_K40.qs2,244305,2026-07-09 20:36:55,60f7b32bf6a647766d1d4c5aa5fbced9e4c5b578b206343a0ca12fe966b09383
Data/FITS/fit_3761635cdc69_K50.qs2,214163,2026-07-11 13:05:34,1c7f790c518b62eb1b870077459e7604c6acdda905d046187d504317b372b969
Data/FITS/fit_3764d0c39941_K100.qs2,337988,2026-09-01 09:58:48,154d85e0569fdbd177a4468a340dffd7df3706200779b75458dade3b4b58fa55
Data/FITS/fit_377371979152_K15.qs2,763637,2026-07-09 10:51:17,1008444b55e9318cfcdea1fafff35802b0def79eb7814ea6c0481c7e96aa2d2a
Data/FITS/fit_378d69c139fe_K150.qs2,4401237,2026-07-09 08:35:24,ab05d1da20677e87a7a0c7cb842ba19935a883a8466b38f433d8c82bca077a7e
Data/FITS/fit_379429947fd1_K120.qs2,3757306,2026-07-09 09:07:04,4e84d8467251b9b460953b2a1a0aab5f4f24a7d240bfe6134cc0b0e6010a45f4
Data/FITS/fit_37b7424defe7_K90.qs2,313455,2026-09-01 10:43:44,74cd93526b362156eeb71945456ea2725750835bc3a52642131b2643e91347ca
Data/FITS/fit_37c56c698f91_K130.qs2,3957670,2026-07-09 09:03:22,291ab9117d2784e9d481ccd21d8e086f6e44a08c2fe89e469ca1623c1c725db1
Data/FITS/fit_37d54621b5e9_K80.qs2,286923,2026-09-01 09:58:47,c480f33c2a4a25c190ac2c995cb5b8c6d010014aac0487060280ee4e55f153ac
Data/FITS/fit_37ef4634c15b_K80.qs2,406778,2026-07-09 20:30:47,c29be7d5d87531fcf44b34b5f53eb8ef1ecdf6e65096ae584e151404e9f92def
Data/FITS/fit_37f1efc1fbc2_K50.qs2,206786,2026-07-10 16:52:29,87cd6824f209eef7790c9f1e636b80d2fa1a86b66674c0ef7fcfbce441665456
Data/FITS/fit_37fd34630b12_K2.qs2,28321,2026-07-07 15:18:49,8bbb398660d5f7c7c8f7309f335e91d80b6440d2ebc2bfc2b8f011966a4e774c
Data/FITS/fit_381329d0b474_K110.qs2,528219,2026-07-09 20:25:04,5e4e0f0115280bfcc4618fbfeb03e9df9a512b231fbfadcaa06e6342b4a9916b
Data/FITS/fit_3827744a26da_K11.qs2,1468801,2026-07-07 15:38:53,ee5f5efaa71e274dc485afb8e3665c42dfc6f9bc9e63e57acb016e7a2ffe5666
Data/FITS/fit_386e7607d393_K170.qs2,4770934,2026-07-09 08:12:02,d2659cc6ee4739f00ef116ba4c077463256460b8feb1324db039243496ff52b2
Data/FITS/fit_3883b75b0011_K160.qs2,696023,2026-07-09 20:16:49,7c9ef007cceed2b9574297873c8673f5e8be8545b9559eb1cc9691260034e47f
Data/FITS/fit_38875adf8fe9_K10.qs2,79345,2026-09-01 10:44:10,bfbfbc42dff931eb5a4cb64d001d4b8a808347287aadc020b38e0eadc6337d9d
Data/FITS/fit_388fae607b2b_K60.qs2,239230,2026-07-10 14:51:05,b4619fcedc94e3861ce5d3318c9dacb42da572fb1bdb91c6f7764e5f35498920
Data/FITS/fit_389fde67a53d_K70.qs2,266748,2026-07-10 16:50:26,3fb5304fbfa0a367352a6269ee3a6563bf24fb06a6a4a0dcb6c8dea56f4c4520
Data/FITS/fit_38adce6c400d_K150.qs2,4396080,2026-07-09 08:39:44,ecb018cd7acd2dcc429ad2f84c31589db1e3dc3aba8efb9d17c3d3b1cfe1e5ad
Data/FITS/fit_38cf5ce9fa3a_K30.qs2,250552,2026-07-10 16:54:24,913fb542b2073329540fc1f016076e5e33f83338c8d290169603fd87c19fd263
Data/FITS/fit_390b1f415401_K100.qs2,338878,2026-07-10 14:47:41,5ca4e91100e103f0d572f3fdc787304c2f337a94c126ac8e6207bbe3a5761423
Data/FITS/fit_390c6793507f_K2.qs2,36860,2026-07-11 12:51:10,a9e03454ddb7f366f28fe6b6c4504bacdede2eab3a8a9de6f29121d99399803f
Data/FITS/fit_392c7195e427_K25.qs2,157449,2026-07-07 22:03:14,f62566bb25dcb157af84606d2067d46377a5840845a4c455aac5c3a62d623986
Data/FITS/fit_3939c9173cd7_K10.qs2,14584,2026-07-09 07:09:20,ef50a4655c33ec3306c3df078161d8eb4027921633303851af9209f8149638b9
Data/FITS/fit_3940ce12bc90_K2.qs2,909643,2026-07-07 15:25:06,aa74b739d9aba3fbf8d56e3f95f7eb138c264763a4fcaa581219a5926240236a
Data/FITS/fit_398eb35060bd_K160.qs2,4621615,2026-07-09 08:21:55,6f342039476028be7256f6b9a0083d43a26757fdb0f1de7d81bcecd571a0ddf5
Data/FITS/fit_39d0aecb9f90_K140.qs2,635476,2026-07-09 20:19:58,178f535ad3587ca7f1335b283a53095d87d4de04380b094044f8e5d131df1939
Data/FITS/fit_3a060ecd1019_K30.qs2,153923,2026-07-11 12:50:27,17b8db66558e3e5cdf687e11ff3b2f97f8fed3656f89dcbf5bd24e334316c49e
Data/FITS/fit_3a0a7ef252ee_K35.qs2,204442,2026-07-07 22:03:02,a9c734ff0240d0da9430738235659b84bf89760bb816e2b4e373f64b85c363b0
Data/FITS/fit_3a1d7fcfc8ef_K10.qs2,81999,2026-07-10 14:55:56,1547b67286b3381c651f28143614860a46dc5c8877ef3ce4174de09155fdbd05
Data/FITS/fit_3a284c8d663e_K19.qs2,19152,2026-07-09 07:13:09,e75d0281754f017f25c9125fbd60a3fec407726d9e5a742fac771ce1251e7f3b
Data/FITS/fit_3a50b24e672d_K4.qs2,1104893,2026-07-07 15:24:41,52eb40325a17eb28c581efc3fe4a249fd20cc19b41ccc1f81aafc73a73785fb5
Data/FITS/fit_3a539d2c2930_K12.qs2,1538913,2026-07-07 16:33:44,634ba60ef8cc0314b751166a55464b4c0dedcd10af635e7b8df77906ff564d33
Data/FITS/fit_3a88ed815a72_K90.qs2,317843,2026-07-11 12:58:26,0e27330d5149389c93c8d5caccf8a3e64d596f4e56886be1e7573b73235f41e2
Data/FITS/fit_3a9f1d75480c_K40.qs2,177515,2026-07-11 04:40:54,99e5ca9a1c040ee55c94f4e4d3fd842281f1c97869681895c6e60ba5b3e3571d
Data/FITS/fit_3ab721eda780_K50.qs2,210364,2026-07-11 13:05:06,95c47ba0bc8c9b3acffd60e2caf10ea0a27b4231857adfd79f9aa819abacaab2
Data/FITS/fit_3b0196bbb6de_K35.qs2,175408,2026-09-01 22:26:34,6c963cb290fc9a0a8af67ebca161eab3f164cd002da61c6c56acad43ae75614e
Data/FITS/fit_3b1e1416e2e8_K6.qs2,48337,2026-07-07 21:31:27,eab640b29680bc3f74f3e85248c2f11be6d896e7e2fa6bdf91137e465a7a3df1
Data/FITS/fit_3b36168c516e_K10.qs2,92456,2026-09-01 22:28:01,e30321d2be11137e7144c78e023b9505dc7bc799fa68546a61e00ac87e9ba7c6
Data/FITS/fit_3b75956b67ee_K170.qs2,718040,2026-07-09 20:14:32,d12f9f5e19a6d0e951efec1e1c66dc32abd7c96872bd84e0864ffb99f2ac8092
Data/FITS/fit_3b93cb70411f_K180.qs2,5001016,2026-07-09 07:56:06,0591281082df13601762f6b58ffd9f9e517f48eceb81e674663d0823a345398c
Data/FITS/fit_3b9902636a41_K70.qs2,368261,2026-07-09 20:32:21,4752ceb1d365599eb7a027d53e292cda41dd967bbd592966aa69e7be97b43d9c
Data/FITS/fit_3b9db54c4bf3_K60.qs2,237973,2026-07-11 13:03:53,194af310797aa81b366565d9a347d759310cffbdad357e4345112ba0779f9f73
Data/FITS/fit_3bcd9e5fe4b1_K10.qs2,85185,2026-07-11 04:20:04,ab9bc04772411af8bc5069df1cb0d0f3d27e4b55ba2326f6f4ed3c5df9357225
Data/FITS/fit_3bedabea2dbd_K5.qs2,107655,2026-07-07 22:47:43,b3f8375e6859d5483b3fdf6b13a22c169ee12ff2efe29fb8a759f21251b525f6
Data/FITS/fit_3c0f54f64968_K30.qs2,250595,2026-07-10 16:54:13,940f40a5a636a60289fab8b76239b185d13f60ffe4525c065b37311b7ed61362
Data/FITS/fit_3c2254e94535_K12.qs2,1535864,2026-07-07 15:27:57,9ada7fd2763f0b36d2d47a371895ac07dccf89a0760c8a2f7e462e3ae7d0701f
Data/FITS/fit_3c48d6e715c4_K30.qs2,154553,2026-07-11 13:08:54,74237781c8c91ed6c929a9c0d4919041f16d9e15ad8d66ccf27b63761ce563a2
Data/FITS/fit_3c507f7c331e_K30.qs2,149073,2026-07-10 16:54:41,b211cb759dd7ed5eeb0ebd4d40510d62f5ede89a7d4617959044d667af844215
Data/FITS/fit_3c53310475ce_K10.qs2,558325,2026-07-09 10:56:42,f88b10afeee6e86b97fca2494766e67ae7a860c5a5c3a07c64c04f5aeab66ffc
Data/FITS/fit_3c713a894a99_K20.qs2,189582,2026-07-07 22:52:06,330909b18c54d5f781e6ed176ee6296665496242f18ad7bc36e2baa6027b7cd6
Data/FITS/fit_3c820fbaadb2_K15.qs2,729167,2026-07-08 10:18:42,a5850505ac0e2307f0e7e8cc35bf11930315e5939d9359ffc0224462305d10cb
Data/FITS/fit_3ca6ed529fa1_K60.qs2,377365,2026-07-10 16:50:39,9c9b5bf644ef4d38c6e3fe00e980fbc9fd09e4bad176c2cacd9537f27678c643
Data/FITS/fit_3cd1e319c951_K130.qs2,3943985,2026-07-09 08:58:05,88cd5e56fff3058d209b36f89bd737049838b593067bae16ff055a81e416f864
Data/FITS/fit_3cd3a6683e3e_K180.qs2,4960760,2026-07-09 08:01:08,34fde47725f2329146f45444b2a7b51b4e25532978df059b0c8b1bc9323bc100
Data/FITS/fit_3ce06f8064dd_K5.qs2,30813,2026-07-07 21:32:54,ad72d1788dfec12b2cb1e4450bae4f42fc43501629fd2f84775d6deec4f72d44
Data/FITS/fit_3ce118795276_K90.qs2,453606,2026-07-09 20:29:09,6be4b197391a48603d1e084c03b310729c8ece19cd4c8ab41b2034442312f8ce
Data/FITS/fit_3d0354190863_K70.qs2,369964,2026-07-09 20:32:57,64e0d36170596fe021a8336a74747ea91acae8fa32aaffe06dc42ecc290e1ae2
Data/FITS/fit_3d04eee15a03_K80.qs2,293099,2026-07-11 12:59:00,3e3043c87f38c36082763287471223bb65d41cc5d5ba0beda355598b8b432feb
Data/FITS/fit_3d1408cc8bcd_K110.qs2,526583,2026-07-09 20:25:27,4857b226933dcc71395660666e3d4d72b459d3ddc80cb8a13cec19adfdbe816e
Data/FITS/fit_3d2c1e0f9d86_K60.qs2,553728,2026-07-07 22:50:17,fc74a7da92a7294453395acc833d254c8238c8a8de5706c2373e334bb336a072
Data/FITS/fit_3d355ab695bf_K40.qs2,297538,2026-07-10 16:53:01,cc467e5d33ddf3af48b63f1186c1ae41e01cf3e1f0e7f1326d1a4bdc627db1e3
Data/FITS/fit_3d3ad368e2b0_K60.qs2,2115538,2026-07-09 10:14:13,6d7ee0e2edf05800bbf949db20bb5f9e6735a83c1a82329e6d9803c7df5b4de7
Data/FITS/fit_3d3c46d5cb3d_K20.qs2,20373,2026-07-09 07:00:39,6b492501f419839f612e631a7341f6bbbf2f3641671951baee239af2bc82c85c
Data/FITS/fit_3d3c519de77b_K170.qs2,721933,2026-07-09 20:15:41,d954c9bffa346354d747639662a9c8422e25205463c9f88bcbd50adfce72b833
Data/FITS/fit_3d4e9e3b46ec_K180.qs2,753347,2026-07-09 20:12:26,ecd45c8a7389de4fbec6cfcca479dde4d326047d51a00de4af0a5f3ade7c74bc
Data/FITS/fit_3d62dc96bc98_K70.qs2,419025,2026-07-10 16:49:52,5e371dace5d6eaf731ce4786a2062049638d2bfc86c82a4a9e8e2e7ee94b9e81
Data/FITS/fit_3d6e1090b274_K11.qs2,1423323,2026-07-07 16:26:12,bc084c2e9c44998178fcc0aaab68c9279eaf35492755b42489fb51e040ef5960
Data/FITS/fit_3d7911252fbe_K30.qs2,153576,2026-07-10 14:53:53,e1b27101b3c7736bfdae062188643fabde4ba30fa7a985ae6b0c13aba6e41781
Data/FITS/fit_3d8cad33b7e0_K20.qs2,119835,2026-09-01 10:44:09,09b1862e38871d5ead18dd5f7a46aef1804b9d3d7560c6eedf8c4cd6cc250d28
Data/FITS/fit_3d9222019f4c_K30.qs2,156823,2026-09-01 22:26:50,1755c2012cbc6d6f5c5fe41d6741f74ebeec924cfd68cfe2dcbf553feae4f8a3
Data/FITS/fit_3d9c2515f97d_K60.qs2,2123625,2026-07-09 10:06:49,c4a35e7c9f546ff0b67f6c6321644b20fbf43fb912df10880d98dbd23c525992
Data/FITS/fit_3d9d68c3e23b_K15.qs2,1668621,2026-07-07 17:06:22,32f32f72a021e2f933e647b103b160ca13ab2feaec5db94017f2937d21b1124a
Data/FITS/fit_3d9ef55fb919_K140.qs2,4146966,2026-07-09 08:49:06,809d0d2f42122b998de58df08837904e208b96a21e258234ab56a97ec732c5bc
Data/FITS/fit_3da91a2a94d8_K10.qs2,84103,2026-07-11 09:20:42,33bde27ddcf16df3ffcc7c225379a1eb256864709e4fba40370e3874f7e96b57
Data/FITS/fit_3daee5486459_K20.qs2,123089,2026-07-10 14:55:02,688aad49cf10174cbb70d16349b0d5be59297167b145d4321c74a852a040c2b1
Data/FITS/fit_3db61ee928f1_K40.qs2,603774,2026-07-07 22:26:20,93d3f1010f995eb7057b5eb70573bb7690a607fee505b74027f38e1b6bc7e1c4
Data/FITS/fit_3dc412116018_K200.qs2,5311818,2026-07-09 07:30:11,bfaad935f345b1fb97770065bdd9bcd36e602e68700594c69dd8117f198e104a
Data/FITS/fit_3dcae4194e1c_K15.qs2,762095,2026-07-09 10:50:28,62246b14e3abec5ae07dfe5413c8b1105ba25ddf9cbcd8a4e490cff0260a4b3f
Data/FITS/fit_3de63f901f82_K10.qs2,82477,2026-07-11 03:13:53,b3915e07a97697a76b69f632028ff0f2d0f46e583c06b267c8df2ed15d8f9ef3
Data/FITS/fit_3e2b4d88278d_K10.qs2,2877326,2026-07-08 15:56:00,ed49739edcff18157468dfa5c52f8a49210e08329566c71852e8e5c95e4e3c06
Data/FITS/fit_3e34303d7aa6_K11.qs2,99525,2026-07-08 09:17:46,3541d8183779f5aa4346a54f59088b4611b51c358ef5025387d30467cdf2162f
Data/FITS/fit_3e358a0a0605_K70.qs2,1548154,2026-07-14 16:20:30,578de6305289178f86e6a3e305bcc0820de77833114f06973b212d96a2cbfe2b
Data/FITS/fit_3e50b3523d4b_K3.qs2,7308,2026-07-08 09:15:35,a9d8de0bf7eaa830a9fc0d020c87ca74352e765a3d9c1199e79622140762ae3c
Data/FITS/fit_3e6259c0e566_K2.qs2,933269,2026-07-07 16:20:52,d97a95bb5fb7a9fb630f14c9a49a83dcc570a17ba204532d30486ea5c006efe2
Data/FITS/fit_3e8d59edc63d_K10.qs2,14460,2026-07-09 07:00:43,e635bb151ec4a5c55fb81247f873c1e0816bf038daa64ccf39b42b7ca6f03e0a
Data/FITS/fit_3e9578626169_K80.qs2,293789,2026-07-11 12:58:27,feec907d1036fd9839757ba0714ad0d014886bdef8fd2720e6b4abeb3c83cf96
Data/FITS/fit_3e9f48601c4b_K19.qs2,209094,2026-07-07 21:49:55,c42c8e9c896e5e7f6feae87ba80d18e0e2c8ab4e9361a7932b3493fe354c7afa
Data/FITS/fit_3ea478292f8d_K60.qs2,324566,2026-07-09 20:34:22,a7b690546699a2918412b0ed416273c3af53219d3c877cea1ad2bed50b31fe22
Data/FITS/fit_3ec3633efec2_K80.qs2,294356,2026-07-10 16:49:20,346f4cb478d5afd6782596e52ebb19eb12bb0fd68ecd3fb2ed1fc88f4a6d2e1f
Data/FITS/fit_3ee03bea9c05_K20.qs2,124633,2026-09-01 22:27:27,e6c2554c22fba5aed1d0655999dd8294e1b3baf1e9c11d87b02a92b7864d22d0
Data/FITS/fit_3ee355aac77b_K80.qs2,2694279,2026-07-09 09:51:54,7870f3f0cfb342f5338ea3cf6a3c8c0b0eab622d0aa4d22bb5798bf87a4e8834
Data/FITS/fit_3f5c5757da30_K10.qs2,901408,2026-07-08 12:43:11,b629d3d78a9a8507acdc21537a854591cf57f95d588c4abaf66c118edd2c10eb
Data/FITS/fit_3f654fe019a6_K100.qs2,3218532,2026-07-09 09:31:50,28a964d12ba22198593a81ae7ff50ef1ac63f5836c6fae7296c129914b0c9fba
Data/FITS/fit_3f77fd58f728_K100.qs2,3215434,2026-07-09 09:32:05,1950afd26fc0d92514c29862009ee1439b192486ad7bb2cf4d482d17d878a046
Data/FITS/fit_3f866337ba38_K3.qs2,25585,2026-07-07 15:18:46,15504cce979f984fc00f3187c84a6b104c0009b6cb5688497e71fa2c0cbbbbae
Data/FITS/fit_3fa56fdce9dd_K12.qs2,1470619,2026-07-07 16:38:01,4e5e31e3f6dc8e70ccc6abc54f613d0244c88b3906224884775ecb25a3c45d3d
Data/FITS/fit_3fa919035048_K20.qs2,122530,2026-07-11 13:10:32,be5b3f7729dab98e18ab68549e3ff872c6651dbe50afdcc27967116cfe3d7040
Data/FITS/fit_3fb5d956ef73_K12.qs2,159364,2026-07-07 21:50:29,697805b8aebcfb13b05d4c088d87ccf55c2c453f495f4b228093517e41583c9a
Data/FITS/fit_3fb6073a8709_K15.qs2,106214,2026-09-01 22:27:53,b41110b2370db7bae9177afc50e64f0ee62c4094e213872b513bbb89decc8c07
Data/FITS/fit_3fb94fbd1043_K50.qs2,210863,2026-07-11 13:05:32,9b601388e95576440e3cdf476f487c15ff698bc2ed57daaef95c84bbba36d052
Data/FITS/fit_3fc491b1ffeb_K40.qs2,5602881,2026-07-08 15:32:42,fff060923c78f3cb308ee33dcf0f42fd226c4da710d74ecd1bc3dfce08a35599
Data/FITS/fit_3fe09dc93915_K16.qs2,23482,2026-07-09 07:09:15,a012924eae3c0f939e6f09a782201731b37f181e854da4ce26f6086a2ddf94dd
Data/FITS/fit_400952b48362_K25.qs2,159377,2026-07-07 21:59:42,4fb89301c0e6a0ab1a26b977b74be7e8bc5b2498b7ae2631ab6b134dec4ed5a3
Data/FITS/fit_4027a9b414fb_K40.qs2,196140,2026-07-11 08:13:20,d7182c97b320b5e9a28f1af1ab0d93355a51bdf03497a1ad73dd62cdebbd6283
Data/FITS/fit_405d868ab25b_K20.qs2,122486,2026-07-10 14:54:53,d7725f4a688968002df5c16b8d2b5577cd6540241f6ca8a11d6825bea3c57c7d
Data/FITS/fit_40720436a5cc_K70.qs2,268639,2026-07-11 13:01:16,40a2c132f55c7b3a27887852a823828d8b0f10f2a63732b943b795901efd4054
Data/FITS/fit_408656186f16_K10.qs2,99399,2026-07-09 20:42:48,c324ff19e856101c160b965d7b86da1f5f62fb5f9e642f4fa47c56a81fc95ebb
Data/FITS/fit_4090bd7c2e2b_K20.qs2,934679,2026-07-09 10:51:30,1c2cf0adb346222d8381a41750d48fa9fc3c6c49e48f5f7692437664bebd7a22
Data/FITS/fit_409ce277ef49_K130.qs2,3927977,2026-07-09 08:58:04,f773783752b25f74e97ba59476a994d53d0e240abd346013476caa0cceb7c9d1
Data/FITS/fit_40a62b449a62_K160.qs2,4580625,2026-07-09 08:26:07,bd566d1f8854137772fcd42f8a16924d1ce6dca9a6be3dc438a7cc558f77224d
Data/FITS/fit_41269ffca727_K2.qs2,48110,2026-07-08 12:33:23,0fd1441a8260134fe226a6e9dd0b52bc1eb6e287a9e83c9c206b9c744ba23898
Data/FITS/fit_4129530d61cd_K10.qs2,81877,2026-07-10 14:55:34,48d5e3e27d5b032d0f4573aa85fcaaf4b67379ef2a6d780e0b5f78bbd1237b8b
Data/FITS/fit_413015048aca_K10.qs2,141929,2026-07-08 22:18:26,409ec978c56b89113f20b80c2d622a96ce23d9efc1d4804e7c2b768cc3483fce
Data/FITS/fit_413a3024dff7_K14.qs2,177234,2026-07-08 22:18:26,c9797c6e80615b51f9e6a5fcfc3a1ad9ba987e4ffae8ebce046aa769362d643e
Data/FITS/fit_41449f210a67_K110.qs2,526543,2026-07-09 20:25:55,18a174318f28f17d088a6493a6ad67d650c456c8652dd2427c7f2f69735f593d
Data/FITS/fit_41559b795d77_K10.qs2,1382701,2026-07-07 17:03:29,bb38402e6b7bd253cf572f031b95164dce3719b06c69a59ffbc4a1786ef4bf1f
Data/FITS/fit_419b8ee066b8_K50.qs2,212022,2026-07-11 13:04:23,56b0179a8881a3b474eabbceb9ebb3c153d1051a36a473e31ff23c949ccb560c
Data/FITS/fit_41a55ff5420a_K80.qs2,291091,2026-07-10 16:49:22,3246f6ae932d2f213c1844f549e6048162a01bb97a73aabdbe612fc099163dd6
Data/FITS/fit_41a6d0f52b6f_K20.qs2,122800,2026-07-10 14:54:57,06ce8d351a2723d57fd2a713cf8bceee9872b9193859ef406047b68057dfbe1d
Data/FITS/fit_41aba5eaf487_K40.qs2,186563,2026-09-01 09:43:37,8ca5b3a9d839c3873b29c427d89a98fe758c23e9c7bea2ff67f27486fdc8ec09
Data/FITS/fit_41bbfadf5bae_K6.qs2,12574,2026-07-09 07:13:21,4509cd2c94b5496c0dbb5ae59430a222fb1496dc226d2167386106e9049b387a
Data/FITS/fit_41bc4bc74a0a_K40.qs2,193978,2026-07-11 09:16:39,5c0db7c68f56c83668cbfdf8c8011e93ee3c8d8a6a82bc726905331f78d07ede
Data/FITS/fit_41e7867fbff9_K60.qs2,382353,2026-07-10 16:51:15,e29d21bd975e57c7db0dd917dce9db72e216734c67cd2dcc6b11492f24229788
Data/FITS/fit_4202e6cda3b2_K150.qs2,4401616,2026-07-09 08:41:03,8f6f1d370eb8aa6c111a3e0b8f68895880cd3bb422aaf82bea76addcd98f72fe
Data/FITS/fit_42047f5aab8a_K34.qs2,164777,2026-07-11 12:50:19,47e0728543cbae2574d8f524f9e3ec2ed26373765dbefdc279bfa3e39a98e122
Data/FITS/fit_4207c88c2f64_K30.qs2,156679,2026-09-01 22:26:49,f4212ec9269e2473b17316cbd5c4769f693e07491e6ea79b4b21d8cc52f41fce
Data/FITS/fit_42132da9dc26_K100.qs2,522405,2026-07-10 16:46:43,bb777f022f667b079fc5db8674c088d32f7467064c84cca323dbde54cab37bf2
Data/FITS/fit_421ca82438bf_K6.qs2,12277,2026-07-09 07:00:46,b8a729ab45e49f3df4ab766bafd5306735a6175ad373868abe1723c03ea44ab3
Data/FITS/fit_4235bb7427e9_K10.qs2,99858,2026-07-09 20:42:16,1ab74423b1571f7ac974e17aa48841ae4a92f3cad9a0eec5a18950ca12ae22ef
Data/FITS/fit_424381ef5db2_K4.qs2,29366,2026-07-07 15:19:16,8d45d98fbcf4a5c23dd2d81447cbf91f9a1243cae54bf051af0f0e6a97af452c
Data/FITS/fit_4246ee13f21b_K50.qs2,1822069,2026-07-09 10:14:50,ef10ce6aed8a3cdee9aee8f5036eec7bd24230d8d1919e234b8a979503e249a0
Data/FITS/fit_4277ce5550b3_K150.qs2,669138,2026-07-09 20:19:02,29d210f530249288ba939d6621cd617534cd0c42576955f53fd554d0bde94d13
Data/FITS/fit_42850277bdf8_K30.qs2,150095,2026-07-10 16:54:27,58e6f6b0e279ef7fb5aeb96dcc8ea01c554f802e8d0daf36c00216968a22cf51
Data/FITS/fit_429a6d488721_K110.qs2,3481901,2026-07-09 09:23:48,c66461870dbe41d450823357eb3c3d53711e9ccc8f1ccc708e835948f35aeb87
Data/FITS/fit_42b814058de1_K5.qs2,329894,2026-07-08 10:24:59,3dab653aa8636b126f27ea2fdf2fae2d5296c9d35800f9e6684091136118eebe
Data/FITS/fit_42cde9588c78_K18.qs2,1740218,2026-07-07 18:10:50,7d5b2a7bb8a00030be71d9e801ee48a39dc5f7ee3e9d7a20638ca5038048543f
Data/FITS/fit_42d146dd5ac1_K10.qs2,85694,2026-07-11 04:23:16,bf9f745a0059d6042d8d838aa6963e0579e10ec51baa8d397e5215e290f23362
Data/FITS/fit_42d7e81cd49b_K70.qs2,262088,2026-09-01 11:06:36,d6c4921e9570df76c003db1069d86fcd68d268e18d878a7d4adb9bfb10c78f46
Data/FITS/fit_42e0b14ac7e2_K8.qs2,15359,2026-07-09 07:09:21,70ed85dd0dcc190d9e6ea2b7aada0afeecd5c676dcd250679539cf622f7b02dc
Data/FITS/fit_42e658976f71_K70.qs2,261649,2026-09-01 10:21:38,bc2c38accf86ddd20461a7928096d9b97dba261571f48c6f65177a3f14bad348
Data/FITS/fit_432d6c1658d4_K40.qs2,179474,2026-07-10 16:53:32,638dcead336c11a3b562952ade6ca53fbc445feeda2dfa79c7629fbe42d43443
Data/FITS/fit_434136cf2117_K16.qs2,23342,2026-07-09 07:09:15,714063c11446c2c203738abcd28d1069665a3e5dcb7d6ef3cc043ad4f6bb0eca
Data/FITS/fit_4393eee8daca_K40.qs2,180491,2026-07-11 13:06:05,646df82fdf9c0254244215ad5ccc76b52a761b0f1c58a3833786bd26680bdf9d
Data/FITS/fit_43b20aa2cf26_K60.qs2,322280,2026-07-09 20:33:28,164290de130001899b070621f15c5bbdf610988d8f945cb047fbf559071a8aa4
Data/FITS/fit_43bb8e02cc0c_K8.qs2,13434,2026-07-09 07:09:21,6ae29738350fba8037abacec8623c1edbd5c7c4f38751393ee462045de06b1ee
Data/FITS/fit_43c248a81441_K10.qs2,81456,2026-07-10 14:55:58,5f3c02bead6e729766fe311aa67d3d470f6d872be0e41b6ee825a2ffb87a5d30
Data/FITS/fit_43d081326680_K80.qs2,287741,2026-09-01 10:43:45,30acbb8c22fe848e6509112229929664881d459bf7ae27a0b2c15f329b96f417
Data/FITS/fit_43ea9857174e_K5.qs2,61089,2026-09-01 22:28:14,272b45be7f9f1a790c8ef247270100e0d5f4da0dee9e5c5fe0d85a42b977f120
Data/FITS/fit_43f5aaa37dfe_K160.qs2,4597642,2026-07-09 08:20:50,dd7fc89a33e7bf1c5bb5ff9064b4fdb1a745b9b7f61d319f4832019e0d9212b8
Data/FITS/fit_44023b787758_K70.qs2,422508,2026-07-10 16:49:36,c7d98e49e4963c9124e43dc33642c9efd314a145b0683fb58570881029cf4b1e
Data/FITS/fit_4413c030d256_K50.qs2,279686,2026-07-09 20:35:38,d55beb40271b73c802cf91f864e711152dbd89ae44a59bdc3fcbe8e17d96d43f
Data/FITS/fit_4424a416e9b1_K2.qs2,43039,2026-07-08 09:17:36,3915b0d0c455aadf3f3bc7aa874aef79875b128f376b464d2df9b41a7cc9e430
Data/FITS/fit_442626595544_K6.qs2,1192229,2026-07-07 15:25:40,2db78b95ef51fbf1eed72c9c947b3766b7694b8b36b612615b84fd166b4371c4
Data/FITS/fit_44459f182d46_K20.qs2,27789,2026-07-09 07:09:12,b323706c40b49d8810f780503d32ff2f281ad620e183adce937b98e7589d3ad6
Data/FITS/fit_44572377813f_K5.qs2,102611,2026-07-08 22:18:33,18c44354aedaa024c5f0fc73c28e816a5929150fb4af6ed391bf8385f1c58101
Data/FITS/fit_448f84743cfc_K6.qs2,70586,2026-07-08 09:17:17,857c3dcd4e75aeb19d13a9ecfbf42222d016e98de4655a77a236a6efc92d8d01
Data/FITS/fit_44c0cce4ac36_K15.qs2,3340342,2026-07-08 15:43:34,154030c4fddbc6101c4484514fb6b11e9edc5abb8a35415f1868220bdafd57f0
Data/FITS/fit_44f7063cf841_K70.qs2,2330723,2026-07-08 09:36:32,ab85c7ac2730c3159f70887c22e8ec2a58bc8bc51e949a8f6aa92db11e2fcc98
Data/FITS/fit_44fe3de6f0a3_K60.qs2,233985,2026-09-01 09:47:54,b2fc93a336cea0199418ac0070b9ebf3403b320dd4413cc76a7f015a2175c47f
Data/FITS/fit_450a37558587_K5.qs2,1132450,2026-07-07 16:20:49,d19b6ce2516ae17a8196f1d8760c55dcc4ac3ea322a60b7552989b34bce29c0d
Data/FITS/fit_4518ee26a165_K40.qs2,293680,2026-07-10 16:52:47,cffab95593f3bdf90dcd329c282d63d8a0c9a15feef272ae4416600c603d1481
Data/FITS/fit_45256a4639b0_K170.qs2,4788251,2026-07-09 08:10:40,36be3ac21c4254292c21ffdde79d97678c91cbae6a74938b5583e0e821658116
Data/FITS/fit_45359555fd72_K5.qs2,106678,2026-07-07 22:47:51,e10bf69db4a651f9f41afd04ed226fef3a43abd738f881a5072320314e9f9c14
Data/FITS/fit_4553ef7a0ae2_K20.qs2,893351,2026-07-08 09:44:40,f3f69431286c8975c2ae662be6a339522ce6f16bfcd14758635ded33496e6116
Data/FITS/fit_4578376f0365_K3.qs2,1001485,2026-07-07 16:22:00,aa69c516b3399f3a7b540ddea11c5fe5b59e746370136331b7dbbbb565f101c7
Data/FITS/fit_4581d7bceed6_K40.qs2,1566421,2026-07-09 10:32:41,ed13963a3c96ce3a2e8872e510ab10edbe6f826f872be9eb18c05204e22b80a5
Data/FITS/fit_45fb83e594ac_K120.qs2,3733241,2026-07-09 09:15:33,6adbbcfc26129323bf560ef60f6211cc12b16e2a2d164fb3ae7ecebb8623ed05
Data/FITS/fit_45ffcfc6bb1e_K10.qs2,80367,2026-07-11 06:51:50,7ab3d66c6f75816406fbda80cf55499ada71c3754ebb2ba23d27c8d5ef8e2c36
Data/FITS/fit_4608311cf7b5_K45.qs2,519402,2026-07-07 22:27:39,c8f6616f3efbc7a73bb59fc540d9859aa576854b09e38c5beb3a9d6d91f4853a
Data/FITS/fit_461a18c3bc48_K30.qs2,462961,2026-07-07 22:14:24,76229ce49b9ae21b397afd13463ad10491e65b255cf827fbbcd3792e76c472ac
Data/FITS/fit_463da07f6f77_K50.qs2,211670,2026-07-10 14:52:08,f4e0034db6c111dfeee797849db76d9f36c701e97e6e0b240a2dfdb722556bfe
Data/FITS/fit_4640231ac551_K110.qs2,3492400,2026-07-09 09:15:47,6f9d29db412698da993e3a1013c6a9d119a97bbb12ebdd6c1fccc896364c55d8
Data/FITS/fit_46497249f3fd_K30.qs2,4720749,2026-07-08 15:33:52,4d460a8c587a69d3d2ef59cf5161c8f8f0dd145ba32232ecc3f03b278a2b22ae
Data/FITS/fit_464d55613afe_K70.qs2,2319617,2026-07-08 09:47:18,99a23d9188b17a28cde9bb38bfc0c0f334e83474aae5375b68f7d6a32fcd560c
Data/FITS/fit_465e24ecbe59_K50.qs2,206525,2026-09-01 10:55:11,9d296f85f9a0bc21b66687c612eb1ad0fb125afad16b32615c123551f6d59f8b
Data/FITS/fit_4673b915057f_K15.qs2,106888,2026-09-01 22:27:44,4280480f3a4961e81e54d20a5d676afaad36314cc6ec9f8b78b2db8680b99d5e
Data/FITS/fit_467f24048bf9_K100.qs2,3249060,2026-07-09 09:32:03,052de9d0f34235e23aea87cda8ec23ad23756264cc66ee15b0407157e1923f5a
Data/FITS/fit_46833266a03a_K50.qs2,280568,2026-07-09 20:35:37,96b4511ff913f5bfe7a2bf4f64fc1574653b355ad1f4a01800f138a1a78aa5fc
Data/FITS/fit_46841090fe41_K40.qs2,296554,2026-07-10 16:52:54,d2ebdfcf1d4b9c5526d30e46bfc593f57ecc544b130e41d6908c2c2c29ec79e6
Data/FITS/fit_468f616612bd_K80.qs2,293898,2026-07-11 12:59:32,e4d1ec2177ddd23d93f3490a15c1c735c8428d0524714230d9fe8a5b57443acd
Data/FITS/fit_46aa907218b6_K100.qs2,340797,2026-07-11 12:55:37,f5ea295e4b5e61afa2f3d56e9a847583aa511bb2e279b8e31a7193df94e0414e
Data/FITS/fit_46b70d9545eb_K10.qs2,100370,2026-07-09 20:43:19,fb87a2931518a8ddeef43807e44567888d49bdcb10b81765d720d19d017e6d8f
Data/FITS/fit_46b710d783a7_K150.qs2,4376976,2026-07-09 08:35:31,807f618bc4e93b8a833a1ee78cd691cad10df6c339a71351523ca43213517538
Data/FITS/fit_46cb55106aee_K100.qs2,3218580,2026-07-09 09:32:00,c6806642bd364feb07eb8ec46db0c3720672a18fc1136428b19ea6adef3bb2ea
Data/FITS/fit_46d7d3c22e4a_K20.qs2,898844,2026-07-08 10:19:35,a765f2759629ab945b9705208a83f96cebacda99f687ee7e7aff95865b71f172
Data/FITS/fit_46ec8e43ef81_K70.qs2,414674,2026-07-10 16:49:54,785e48e7f77c9e708fc3a46e24f89e83e31b16027bc2baefbd878e262c00e3af
Data/FITS/fit_46ef693e4a12_K45.qs2,206511,2026-09-01 22:25:53,ceef35a35619e58842aeb0cf8d64a3bbdd5c827ba1d669e778502212a05256bb
Data/FITS/fit_4703c6ab0c35_K5.qs2,64856,2026-07-08 09:16:46,e7927bb266bffcbb82e42b9f2315294d7273b4283c81d8ee1413a31e6ebe200d
Data/FITS/fit_4705cdd28007_K15.qs2,729631,2026-07-08 10:20:22,862ba2b1a58bc17a22a89cae4d1ace9825fe07fac57369d6dd5323cca60e908d
Data/FITS/fit_473a2eacf493_K90.qs2,485209,2026-07-10 16:47:49,1df462693058f30c8cc81e7ed4f016ad3c25f786e2b0b93209ca43211bcecb6d
Data/FITS/fit_474f8415f200_K60.qs2,239365,2026-07-11 13:03:20,de178023eed3f811c546d61c19106ed040049f8441849b58e6c34a0144dfbacc
Data/FITS/fit_47593ed05f6e_K5.qs2,11082,2026-07-09 07:00:45,4d49acf6011d7fc580b820b42e6253d2bed0969d161c29b982f977753d7c37a2
Data/FITS/fit_4765622346cb_K90.qs2,321516,2026-07-10 16:48:20,c292f90095190bec628e08a21408963f6e5e45b96e74b917f729cb93b485f38f
Data/FITS/fit_47afb25ca27d_K60.qs2,375451,2026-07-10 16:50:55,2e5ca54337297df73c02aecd9ac73e4820641b8c6826154439d0de63c9ae4b60
Data/FITS/fit_47b8e0279701_K120.qs2,563137,2026-07-09 20:23:31,bf2500f320d5e98b14a22426f31d8a7d245e8de5876631a9a0aa5838edef4a78
Data/FITS/fit_47e3257c3d6d_K100.qs2,3233112,2026-07-09 09:27:46,5e138f342520b13f231eb7473ff92a84188485b4e630f5e027bc325d4b8cd423
Data/FITS/fit_482b0af7baac_K20.qs2,157634,2026-07-09 20:41:00,3bd75f231ee8d4b0ddef08990ebb296a57bd9180bf72715873550666fb1e20ca
Data/FITS/fit_4835768ce748_K10.qs2,82020,2026-07-07 21:59:24,587f2817ccbae7d38f2a22e09a48468cbae8e7aa1c9498463b354aa6158be06c
Data/FITS/fit_48398f2e3200_K10.qs2,1416923,2026-07-07 15:27:31,89de6599765e4dee01ffc23a23b3caf6ade34aefa9d7cc6457d3f21de3d8fb77
Data/FITS/fit_4850042a4d51_K20.qs2,232337,2026-07-07 22:48:47,ac0a94556ac8ffb7021dd380427b25cd547dbd2b2c03dcba61826b88fb31354b
Data/FITS/fit_488b5b9648d8_K90.qs2,2967120,2026-07-09 09:40:02,35209431814c25423d0f693d3bbe1dd81836d2512828fd85c57a29b0d64a64f4
Data/FITS/fit_4899a8b1b793_K180.qs2,5019186,2026-07-09 08:00:37,c676c0513500264233f85923ae6a81ed0a8e9079128eccbdd365176a00860b3a
Data/FITS/fit_48b5c42d42b3_K80.qs2,8844931,2026-07-08 12:44:59,63cd0141b3b8c86c39e0fb44df707a215ffa140e7562a4237a40b1039032f5ad
Data/FITS/fit_48c1b73842e9_K100.qs2,340639,2026-07-10 14:47:07,630d54c92ed0fbccb97c7ce1b935a5a4aef0b6c73496fc6a63aa404b2c6c7f5a
Data/FITS/fit_48c60211dcfe_K40.qs2,180478,2026-07-10 14:53:19,18570e02e71d84200e34d809bd2b9b16f462142f4f3833f03b289b593fc10298
Data/FITS/fit_48c8ec4dbc71_K90.qs2,2962867,2026-07-09 09:36:39,fd0429a455f05de6f5f7f4cfae3d6299e9b667f6d07dc4ec0a4547656511a2d2
Data/FITS/fit_48e860fcc889_K15.qs2,757559,2026-07-09 10:49:14,d9c6dcd9ca3915c0ce71f3b51f5169864d82291a8053ee02337b181e00891d32
Data/FITS/fit_48f84b1ae357_K8.qs2,841319,2026-07-08 12:43:47,3311ee6a3060c5ec74734f1f040110b2a8a291ddfd0b6e830e090f41f9aedc83
Data/FITS/fit_4915b6c02029_K13.qs2,188585,2026-07-07 21:49:57,730a05633e21a91d5bde40c47fdb552986030a97160d59ea813827b9df092dc9
Data/FITS/fit_493fe679f5c3_K20.qs2,157276,2026-07-09 20:40:29,f47ea757b3205ed16329dcd9c156cd25fa4465124727fa6b1c61b17527775e07
Data/FITS/fit_4940cb512504_K10.qs2,558594,2026-07-09 10:56:54,21a1fbacd8f5d02bb5c55d13f73ed7d67d5a328babcd7cd7be7cc553b957e21e
Data/FITS/fit_494f472a9150_K5.qs2,34218,2026-07-07 15:19:08,7b29c5ad38eb2381d7f035e1a681968b06d8625ca096120c2351df33c8198c8c
Data/FITS/fit_496c8493a8c6_K170.qs2,4788050,2026-07-09 08:16:15,4167a012726bd84e019cd0fef855667eb8958c4ab8a5d1453d99d2e6554a4777
Data/FITS/fit_4977c2c88b8f_K35.qs2,175891,2026-09-01 22:26:34,28789d41ddf2b6808b7858739c33890073d393c133c00e8aa349dde51a6251bf
Data/FITS/fit_49a8206bb467_K70.qs2,267808,2026-07-11 13:00:39,28927225e11470a6b1366559047d6bdb203da0b865eaf47f324646d2a4602259
Data/FITS/fit_49b0089c951d_K6.qs2,13049,2026-07-09 07:09:22,c68a261752ede3253a37a02e47f93774dd5854ce03f3ababe2c9bc6282a2ebfb
Data/FITS/fit_49b1c3eabe9e_K10.qs2,2891040,2026-07-08 16:00:44,3539c256d47aae42572474cbd166485bdeb0f9579a4c010489a54e1fd25be5bf
Data/FITS/fit_49c641ff1041_K4.qs2,122991,2026-07-08 12:33:28,d42f17a7d1c77c40013a8bf6ea60b2902304576e946cb6c6a52d066922656f6c
Data/FITS/fit_49ff39f5efa2_K50.qs2,279131,2026-07-09 20:35:47,73e5a483d0e7d32ac1b67512e0b466260709bbb533bf1304bcd79e5579f3cda2
Data/FITS/fit_4a1ba213537e_K20.qs2,3779414,2026-07-08 15:43:21,8444be3c450226072b046dcc012ef56531153efb82a3b53ceaa78366127f7960
Data/FITS/fit_4a1bc69c2bcf_K130.qs2,3963948,2026-07-09 08:58:03,e3e2b0514354cc21037226c943226f4d2be500689305e350ffee720f6912c173
Data/FITS/fit_4a3765ba409a_K30.qs2,202582,2026-07-09 20:38:51,4df150b70e9b98d240995a327b74435a52eea0824e9f66b7b682eafb2af25df7
Data/FITS/fit_4a3ef88b5dc3_K150.qs2,665727,2026-07-09 20:19:24,2546a694694888f21eec8849ccc913ade294cb117f0faecff9aa0d24a1b0a0b9
Data/FITS/fit_4a7d6b068832_K180.qs2,756856,2026-07-09 20:14:01,4dbc71516b9adbd7524a0cf6c0f713c4162a35408a8389992ce0a3ac498fb6f3
Data/FITS/fit_4aaeaa1c4b5a_K16.qs2,18401,2026-07-09 07:13:16,2f51a9328b6b52c2b09ebb4052efee3a621eff743db9a25cd2f84eccdae4a76d
Data/FITS/fit_4ab683727bf1_K23.qs2,132904,2026-07-11 12:50:39,15e0bc17700f19946ba903b8be3c5d5e7824d929d0c1093b6fc3aeee69c2a45e
Data/FITS/fit_4ab9fb1c83d9_K18.qs2,19159,2026-07-09 07:13:15,30593cd65aece162e471cc8e131a1d4f940ceddaf0098d030f81fe267d391e72
Data/FITS/fit_4ad2705d5743_K140.qs2,630462,2026-07-09 20:20:31,096e610d4455e29de682ce1a4960e0482eccafb8650b53472a9ff93410c62b49
Data/FITS/fit_4aeb3300cba6_K25.qs2,166825,2026-07-07 22:00:03,ae3971e4b9ca8feb9bc1027cbf168d038070d22b0321d1eaec6bb544534a4459
Data/FITS/fit_4afe1a065c1b.qs2,199604,2026-07-07 15:03:58,c2e2f751f502647b1385b3b064d99decbe5caac085bf6bbd5cb5126ddb79328a
Data/FITS/fit_4b11617442f6_K200.qs2,811669,2026-07-09 20:10:08,97bdcbb8846ecef8a16f67fa864cb36552c1b1eec3e561dea5e14b7ba6d01436
Data/FITS/fit_4b15c52a72eb_K40.qs2,174895,2026-09-01 10:21:41,415b2dc96956933656d145d55c27854c7c9c91e3b835043610d66df216adb052
Data/FITS/fit_4b2e8d45a90b_K50.qs2,207270,2026-09-01 09:58:47,934ada526b6c9464c96e4ab2558af7187c3d4590c60d75539c319ebc15527b1c
Data/FITS/fit_4b375a865f71_K80.qs2,292914,2026-07-10 14:49:26,36b5556e1e50ef34e91693cde45cefbc27d285b2c4ea6a61beeae818782c0fe5
Data/FITS/fit_4b3f5a00a6bc_K20.qs2,158778,2026-07-09 20:40:20,f2e735953eb81dd3ffbf4b4ce9b8d123f9dac75028d6bdad3cc24289d3a78bf9
Data/FITS/fit_4b58cbf15000_K3.qs2,27983,2026-07-07 15:19:13,393fe621dfa94220a08d21b8b67a73724b72030e42fef6cc142fc37a9cb7a8e3
Data/FITS/fit_4b5c57a051cf_K130.qs2,593786,2026-07-09 20:22:09,063daee3a6cf6824dd1b1cd4986f448fdd80ed13cb501fd505ec5bd3105a2484
Data/FITS/fit_4b67c8c08beb_K10.qs2,81483,2026-07-11 13:11:59,a2c96de7489615c5bf341166a69f89d81f94a674ae7dc299d37532c769a08526
Data/FITS/fit_4b6ef56e1ca0_K110.qs2,528442,2026-07-09 20:26:22,ffcf3c5e219dec5481294983a4a001d9d520fa5e9e1b259f433ef55e065ea3a4
Data/FITS/fit_4b8c8c3bac55_K5.qs2,1150830,2026-07-07 16:22:56,46b6601dc06aee116c5e7c44fd0e700e9b4039ad14d4b0b6c6fc9123e8e3bcdd
Data/FITS/fit_4b953d5754d6_K10.qs2,81580,2026-07-11 00:50:05,a5457f39e8c154086b2984832e83c77a6960ef702af62c02a78d883f8a4d83f0
Data/FITS/fit_4baaee75c72b_K13.qs2,108602,2026-07-08 09:17:39,e9a81b09e3b7379fdfa06c30d6a92f1d65610029f62537ffae6405312b4a51a2
Data/FITS/fit_4bc5290515be_K10.qs2,96694,2026-07-08 09:16:46,08bc845c3e859356a5d211c6841096d000398bbb16d6b123e5f0829e0f592855
Data/FITS/fit_4bc53d4a1bec_K100.qs2,341671,2026-07-10 14:47:08,d9e6b493b9707c0ca41c064d68e529c3c0187c8ca95fa25054a0731c7c150b31
Data/FITS/fit_4bdc542378f6_K8.qs2,1298462,2026-07-07 16:25:47,3b06a13da88db666b5655c0c6ba1bed1cea571d352df196d8d8d9b94207f1b40
Data/FITS/fit_4beb88ffe539_K12.qs2,19263,2026-07-09 07:09:18,c33dc3fcf0131875e138dde74f52e5e237b9260f5efed3c6d486fa15dd567c5e
Data/FITS/fit_4c0cad0b1d3d_K2.qs2,33798,2026-07-07 22:04:05,f18403f5967f0895b1e247564cb0e7d1ac34464088e17e1ad4ce99f3bca43a64
Data/FITS/fit_4c27a34fc120_K40.qs2,199420,2026-07-11 06:27:27,7828905e7a15b3eada89f35ca84ebca2486a62811ba24b5f0868bef126629d33
Data/FITS/fit_4c330e1e174d_K30.qs2,1246424,2026-07-09 10:34:18,3910e7b3e36e284a7736e1f0a1abfcb5b18cef0e5f756141b77cba6807b451f2
Data/FITS/fit_4c3f0ef3b38c_K10.qs2,83442,2026-07-11 09:42:34,555eee1af117372fe9ae6dea65321854b9aed921ea9d3aa7966de0eaabb437bf
Data/FITS/fit_4c4356d325b0_K70.qs2,370739,2026-07-09 20:31:46,f8f755eba8cadb1ca7e432365d15d9bc9723d0ab7bdc048b80687c4f5d56c152
Data/FITS/fit_4c5fa2dfa2e0_K130.qs2,3918931,2026-07-09 09:02:44,3c1842e4fa7ea47b0f507261ef32a346646e5d60ed50f53582fc86b9f9482389
Data/FITS/fit_4c74182285b5_K90.qs2,449368,2026-07-09 20:28:37,85501c77da69c3f4d2e5548b8692c91f316a05c3cf6a824ceb6a0f3df77ec853
Data/FITS/fit_4c76b2704e65_K100.qs2,466489,2026-07-10 14:46:05,32683ecd5ebe14b18acdfb86bc0f0adf9f35cf066a8a61b0f9f27e776b650cf6
Data/FITS/fit_4c7b2517fe8c_K18.qs2,19230,2026-07-09 07:09:14,2a7b391cf051f12540423a2203765e0e629229fa250f6a07d1899d7d342608ad
Data/FITS/fit_4c8afafe9c72_K15.qs2,127072,2026-07-09 20:41:48,0fae375e300bf611d05dec71fb9d44d3dfa29240ee8378bdcb70ed922a59365c
Data/FITS/fit_4c92dcc14012_K100.qs2,341357,2026-07-11 12:56:11,f9cb81c3296e83664a668fd6e6a1048052cc73a5d4a2201f2d053763036eec15
Data/FITS/fit_4ce8d0d12229_K60.qs2,239936,2026-07-11 13:02:46,de1e7e41686040d72a60968751aa95bd250d3d46b69e7ef9114ef31ed5b8f71b
Data/FITS/fit_4d2ea4433ce6_K20.qs2,198732,2026-07-10 16:55:18,d88f16c10534f7add13a77f6a139d864537d93da7646e181c9ee57e4bee237c4
Data/FITS/fit_4d5594746260_K25.qs2,136746,2026-07-11 12:50:37,08c89f7a821793dc73833d95eae2c81aedac8aeb0d6bed31852b8ccdf60bb55e
Data/FITS/fit_4d6b009512ce_K90.qs2,317169,2026-07-11 12:57:18,c59d08638c94519e816c2272c1c0186b7ae7d6c6b431b291f47e307978f5f9bd
Data/FITS/fit_4d8534af29aa_K10.qs2,1612352,2026-07-07 15:23:11,91d8357906e7efa3a7666d04d2d4ca382f3c3caf8a625a0abe584a00b9a2218e
Data/FITS/fit_4da60760c261_K49.qs2,209746,2026-07-11 12:49:55,87c9b88f95b34ddd0df5109a6b3f24908d53610ff9f519831e4e44940b3f68c7
Data/FITS/fit_4daafbb508cb_K20.qs2,120675,2026-09-01 10:10:22,7908f993d1c32fc9dadbcb66470d1021c12517b99e1a61a8547b1323a6d6860a
Data/FITS/fit_4dc678e27767_K10.qs2,80534,2026-07-10 16:56:22,f4a9cb76edd159d55a99aecfee28a51f4e6d834f0962159ad7dd7117c467dd8e
Data/FITS/fit_4dcc1fb20732.qs2,104637,2026-07-07 15:05:28,35e72c1c17079347da0410bd6e6a2be4989db530e88d6b65d82dc9ae005f4c52
Data/FITS/fit_4dd9a38e0553_K80.qs2,2703774,2026-07-09 09:48:09,4740c461888e23ef8eec72568eb698e9c825a263011292d5e4af28c362557f0c
Data/FITS/fit_4dde8b542d07_K10.qs2,123171,2026-07-10 16:56:13,37df1390049818efab7395b600db180b87376a66046e0881bb605cbd6af45687
Data/FITS/fit_4de55a8172a5_K150.qs2,452608,2026-07-13 12:24:15,67dd03b1bc11284b8b986a0aa8378477c4f149248b9581a9d931732e164cd94b
Data/FITS/fit_4df543d8596b_K20.qs2,244258,2026-08-31 16:33:54,79b15e7ac8901cb98fab558a3fe340738ceaa1a10d3ee0487c288328231da88c
Data/FITS/fit_4dfb2debf08c_K15.qs2,127843,2026-07-09 20:41:55,69eb7b4a6525fdde612129ceedd19fe3e9438925557ef0b903672cab28f6670d
Data/FITS/fit_4e0c5575bdcb_K50.qs2,1825482,2026-07-09 10:18:15,dc885c15c6485fbca02e14a672597b83c2ef0fd3c9e3e36a64377597e5e1f37f
Data/FITS/fit_4e22a7b9d1f5_K50.qs2,213816,2026-09-01 22:25:34,ea5b0429ae186022b6ccbd0e64ef4cdabad64fb561dbb6d1234f05fd567507ea
Data/FITS/fit_4e40f503348d_K5.qs2,2389866,2026-07-08 15:56:46,6e3c5e9c11acff5e9b5160d5fc0845542a15eac6484249fc61ece535cdbb5295
Data/FITS/fit_4e7223573571_K35.qs2,177427,2026-09-01 22:26:30,e3eec8476239e05d06c370a3368f90cc03e06787790b40bbfb6c0d0c4905bd65
Data/FITS/fit_4eb4778bd168_K3.qs2,1008347,2026-07-07 16:20:22,290b05dab2751a8f526b76de6ce0bd4089b68b218fa6831439f7f6176b0e88e3
Data/FITS/fit_4eda554d0123_K15.qs2,760048,2026-07-09 10:51:39,3300b092db1673f133f8c84dad1ded4478e707cbd4e338738525c3dd50382a56
Data/FITS/fit_4ee38f437f35_K70.qs2,8199844,2026-07-08 12:29:24,575c7c2d2bc0c7cf0e820d527c9fcc70e023c7dfa40144f501e30bf625a3c970
Data/FITS/fit_4f2519983ec8_K40.qs2,245220,2026-07-09 20:37:14,5f0fb9c8f91678fdea6d27ae51467d753401db45c116eccfb6de994af14cde12
Data/FITS/fit_4f36e83e479f_K70.qs2,262632,2026-09-01 09:58:49,6a3d22acf66832cdca2127c7ebaa9fd1e6c9aa73ded87b4e5ad0d088037136a8
Data/FITS/fit_4f4f30732600_K100.qs2,490092,2026-07-09 20:26:22,8378bc39870c5421f37faa3eec0de980d46a0d7de69607724a344c17e3d5090d
Data/FITS/fit_4f5f92213b56_K70.qs2,368801,2026-07-09 20:32:20,e3de28b66f947ec4f066322c6316c3f1653517c2ab402af61b9efe17322dbad1
Data/FITS/fit_4f752da19d9d_K20.qs2,124038,2026-09-01 09:43:54,890839b2f224a5e6ff504ce7ad25f525ecbc0a268061a10b355456d59f184742
Data/FITS/fit_4f784d08dda9_K80.qs2,293191,2026-07-10 16:49:24,fe4963881ba8fa5bae9ad918627432cb56dc99c81de587fdf2b616dd58228c69
Data/FITS/fit_4f8c4a6f74f0_K30.qs2,1189753,2026-07-08 09:41:29,d2d1a20d2c3f5c48c120a42c8195c8be0d5cc72b12f0458c86e1bb661c036d6e
Data/FITS/fit_4f94615b24f0_K30.qs2,202805,2026-07-09 20:39:52,b03c016329a2f33dc96cfbee508bee1723a234b442c47dea05b408b395ab4f10
Data/FITS/fit_4fc8e1ca4f89_K140.qs2,4162389,2026-07-09 08:45:37,1d043b80ebfb8a9adff6e72d34b1ca5d697b686e2e07f6195cf08fc0f64c4864
Data/FITS/fit_4fce865fa696_K30.qs2,1251084,2026-07-09 10:36:10,d14801737dd576d6da8f08b2080f2ae1fe65148d0ae054035463f2e239e7f069
Data/FITS/fit_4fd4d2076c92_K14.qs2,20949,2026-07-09 07:09:16,4934855f0cfa6328aa78951462045b0e3fa746461e923e135ae9e13015d4f0c7
Data/FITS/fit_506278ba7e96_K170.qs2,728044,2026-07-09 20:15:10,41397e6c997feec5c5e61a8572e26b1fa381e4b55b7d53353cac86cd408392b0
Data/FITS/fit_5096fb0ac80e_K14.qs2,1609717,2026-07-07 16:27:00,e7efde6ab29a28fa786563fb993f99f8613057ef13b86f0fb503493f17e1fb9f
Data/FITS/fit_50a94cda6894_K100.qs2,489925,2026-07-09 20:27:45,bd5b138cbce43608fa1f3004ca63b46b647a8e575178465cfbfa07d0dd23e780
Data/FITS/fit_50cc311a664e_K2.qs2,6517,2026-07-08 09:15:56,6a2d13e3fe017cd5f3141353400307bc5526664a2ae9e2187bc61d13a5a690c9
Data/FITS/fit_50d738ae8ad8_K10.qs2,85352,2026-07-11 09:24:48,16400c493d0a76141de99fb113d29bcd34103cfa9b1dee8275d160c3db0fd04b
Data/FITS/fit_50e82ddb52a4_K50.qs2,1827984,2026-07-09 10:18:43,c99f1744b6f31e1458cba89e025b22ab13e3d17f1765399b483d4da0da2b8a21
Data/FITS/fit_50eadefb4633_K100.qs2,514149,2026-07-10 16:46:58,a7235a03c1d90acbc36b22b7c5ccb7f97ae04e06accd9aab1541d37436d88069
Data/FITS/fit_50fa24be7b8f_K80.qs2,449667,2026-07-10 16:48:48,c00fc2e8c2fb7d8a42e9cf9837ffd11956638b4132b2c750e551047c2bcdff29
Data/FITS/fit_5126aaeac2b7_K30.qs2,1187160,2026-07-08 09:38:25,01fb6cd0140b62013c4bafcd09d1d44c6e9db902b1918272fb79dd2b7e7164d2
Data/FITS/fit_5142e54cc1d7_K30.qs2,183575,2026-07-07 21:59:53,454dcbca502216732e8c63222ed819907a58600cb35eb3625735da7d43917d97
Data/FITS/fit_51438c6cf22e_K12.qs2,1494192,2026-07-07 16:31:39,2339ebcbc80effdddf3116c19c762cc7e6b758f807ae46b7a7047ce07b3115fc
Data/FITS/fit_5189f9ea2305_K20.qs2,121033,2026-07-11 13:10:34,5438e7f14d90b7c4962e8aadb847f88d9759a236f363af8e35fcb05cbbe85dba
Data/FITS/fit_51aeaaa2549d_K70.qs2,414805,2026-07-10 16:50:01,813d27344f97a53263e959710d7bec901802b6ea1e8d26b14ed710a10289dace
Data/FITS/fit_51c8ab7b425d_K40.qs2,180043,2026-07-11 04:10:17,93e5179f3c1892e96049b0796cb602b4f2fce52b2d2798506f5c2bbf3245bf4e
Data/FITS/fit_51d330a4d407_K20.qs2,120843,2026-07-10 16:55:36,6bbeae4ba2e765556966892cf0a86325c333b2e92a8274c3d50a48a6b0333929
Data/FITS/fit_51ebbca9867d_K150.qs2,4432639,2026-07-09 08:40:02,34bdebcf1cef5a0558d08c7d4c1e1d9b972c44fdc84b84862ff7b6acad2ca8ac
Data/FITS/fit_51fa6021b9cb_K25.qs2,165419,2026-07-07 22:03:34,577beb898b07768592532ab8a882dea8fa5cf12cc21d3404f384bd5acbe30229
Data/FITS/fit_52188be0838a_K30.qs2,173189,2026-07-14 16:59:19,425fc80de04fe5558089cf36fbbbdb33d31b95e348471d75d313bcce2cde2800
Data/FITS/fit_5242e789268f_K30.qs2,200807,2026-07-07 22:52:19,eaea62e93c6906b41464aeeae6997e667e9c8fb2ad40858a1f264c14ae5558f6
Data/FITS/fit_527472eced97_K2.qs2,20556,2026-07-07 21:31:46,86c273ff1e885d58ba373cafb359607419528ed965a13d3ec7f745da4e92c6af
Data/FITS/fit_5285afb0acae_K10.qs2,1432263,2026-07-07 16:24:56,2545ab1ba1829b4a141e4e93a396a406c1b12d88ba641906c9c59892f02b030f
Data/FITS/fit_52b0f7210c33_K20.qs2,393507,2026-07-07 22:26:00,ab6d6c88f83c7f0c06f18bd15d571b2328154185f84a723034535f9abc2e8c99
Data/FITS/fit_530fc7d55843_K30.qs2,153505,2026-07-10 14:54:20,5f9123257356b05e42ea20cf23f1a0c6f3ed324741f51c83cf31bcb6fd78b9b5
Data/FITS/fit_53192860146d_K90.qs2,452496,2026-07-09 20:29:20,dd50d36ffac5e328aaa909458d9d0a292436fe3bcf491602e199158ff5359f23
Data/FITS/fit_5320fdb8123f_K18.qs2,25593,2026-07-09 07:09:13,568bb1e073d6501ba198a3d997a5ece24ef80683c3474bfe38493218c5ba2c62
Data/FITS/fit_535c98d5ef56_K16.qs2,17415,2026-07-09 07:00:41,9bfc4a1f86efffc12ed7eec86de09bf3c6fc4bb5a1e04f67dc013dbe005ed05d
Data/FITS/fit_536a9f423e2f_K50.qs2,212112,2026-07-10 14:51:36,3d73baa732fde85106076215e1127c2562756d8d37ec3245bf471962afd9bbd8
Data/FITS/fit_5374361c6034_K40.qs2,1567191,2026-07-09 10:33:13,89386e89288a621d94af6ce2b0684698057640c40cbd6f2d4684aed2da305ced
Data/FITS/fit_53d3a47508cf_K5.qs2,30815,2026-07-07 21:31:29,9d134f8191b83e10e323fcf183832aa5fc1c5736fac011495fdbfd7bc73cb1d7
Data/FITS/fit_53e2059352df_K40.qs2,205219,2026-07-11 06:52:12,75a1c41e4844d79974c104d9aefa0a0012113814ceec5abce1faec4102fed368
Data/FITS/fit_542683dc9293_K40.qs2,181037,2026-07-11 13:06:15,0bf8e52d3c3ff28a4b32f235fd438d0deddb51149b851571ce2fe17d2d86b978
Data/FITS/fit_542a9c59ef41_K5.qs2,1143511,2026-07-07 15:27:08,8f763e95bb9dab705816ced8cc5e891d52b791194603daa01d2792f36134800b
Data/FITS/fit_542d26d11bf1_K6.qs2,1212433,2026-07-07 18:07:37,92f54a4461979c5e1267ce98256f80af64d2b80a49c96f824612223e7d526840
Data/FITS/fit_5446f597e822_K40.qs2,178011,2026-07-10 16:53:32,db9e3e46b469bf69816c51a7a05336c237ccbc5dec9182ebc4966e2ab69e9639
Data/FITS/fit_544a814cba6f_K20.qs2,156503,2026-07-14 16:08:51,6c4f8ce7d9241bc991b1c3375b0db73f564a03dd47eab7a5269c50d3bc212839
Data/FITS/fit_54bd70cb3d6a_K2.qs2,48054,2026-07-11 22:32:04,ef2c64d464014197aaf08498a8dab48e9920e0cafff6f855be86081106667740
Data/FITS/fit_54c2a44b2048_K43.qs2,190360,2026-07-11 12:50:05,9dcc644b111788609f079a01b7395a719415b6562af2fd8f3fe3e8b8c7cab097
Data/FITS/fit_54d27a9356eb_K2.qs2,911815,2026-07-07 16:20:59,ac24e7de72b18bb20b6372d8dc142936ce6c3488093fb674cf81da5480ecfd91
Data/FITS/fit_54e9fe50b6d2_K40.qs2,1564493,2026-07-09 10:30:19,2ba65ee8043b5eac4861bbcb2bffb4924e6ecf5acbf4af18d9365fc74a8aded4
Data/FITS/fit_55022d9ce907_K40.qs2,610298,2026-07-07 22:34:13,8e029e81c322d1f0a95fc72571ebc96afe2458e9bffb68d317064baa3acd3399
Data/FITS/fit_5511727dda56_K180.qs2,754972,2026-07-09 20:14:04,18ac11410f4ed60ff06554dcf8114ce09c2596f92896441d7214c9b0649b70ec
Data/FITS/fit_55313fcc2f6e_K150.qs2,4408263,2026-07-09 08:35:08,2132296db6e586d039ae304b3323103add512947388db30260fe98f52ebb4232
Data/FITS/fit_553322b35b94_K170.qs2,724379,2026-07-09 20:14:37,38b6b26f2652fe6cb2756844a3a67e83dfd68eb79baf6300a86613b76d419b33
Data/FITS/fit_5546d8c721e1_K20.qs2,930186,2026-07-09 10:47:42,5d68dfa8ed37d1e88de61434856bc52f4a966ab861a2fc5c1d689424d978ab89
Data/FITS/fit_556f1911801f_K5.qs2,65261,2026-07-09 20:44:15,53f0b504dcd91a328915ebfe45284428b55aa9dd41ce38e48dd5689c434cee3a
Data/FITS/fit_55790faa4e80_K120.qs2,3733752,2026-07-09 09:11:06,19e088cd523064546b7401e85fd53a9c6de999e2d8d241dd39ee9fffb1ee4926
Data/FITS/fit_557a13a88c75_K20.qs2,450574,2026-07-07 22:22:03,672f122abb9863e1a8b78c8eb7998dda9da5015c86c0cee91d67d1e750dccaaa
Data/FITS/fit_5591dad8f073_K60.qs2,234995,2026-09-01 10:21:35,5ff88b6ea9d2ecb69a5c22d58311a752ca35422aef887620e53542ae451ee41c
Data/FITS/fit_559c58367328_K20.qs2,439411,2026-07-07 22:33:03,b1c2c9c7c3a13218eae9aae740872225b4f7da75aa9fd14f46322c539e5e114c
Data/FITS/fit_55b49fecdebf_K70.qs2,266143,2026-07-10 16:50:24,9244f7e7d0a812a401f96cf5dc3d1062d8f0006ff65526871c83fc892c146528
Data/FITS/fit_55b5999beca5_K50.qs2,1828656,2026-07-09 10:23:14,9699d6b3b6207d67abf38af2439c196fa9cc369eaeffb1e64eee7a2e85bb4621
Data/FITS/fit_55e4190eb8d5_K45.qs2,1625891,2026-07-08 09:38:35,d81a97d0d5b929c7c2e3860f1cdc5427813365ec5661ef9e36f63b54be6110c3
Data/FITS/fit_55e58f88bd3e_K6.qs2,61619,2026-07-07 15:18:51,feeef25b8cf4d4babcbcbe9d786b139dcd6cec89f5a7b13ef803a98121cd1c02
Data/FITS/fit_55ef748cb372_K50.qs2,212477,2026-07-11 13:04:26,bce3a201f2429a8af817b4bd4b4d578e8a51cd0b27e086448c0eb492c7e656e3
Data/FITS/fit_561c85cc3dcb_K90.qs2,489259,2026-07-10 16:47:48,a3e104ae8c4554f9edee2ac1099272db9a1a455bf6b92d237476be81e6436496
Data/FITS/fit_56217b8a5aa1_K30.qs2,495896,2026-07-07 22:38:15,90ec8eca34d418d693a1017fc34e9e0fb60bcb5c22742e3865946180bc5221c2
Data/FITS/fit_56224e65e0f4_K10.qs2,99333,2026-07-09 20:43:56,9db2ee241ceb4f638f771f1d9c7d55179b5caa888021dcb910d95490f71c905e
Data/FITS/fit_562bb6f67c5e_K80.qs2,2602211,2026-07-08 10:03:13,47caf86251f3873737e20914f5287d13320f28be8f8de3e4bfdfd4b18f186c2e
Data/FITS/fit_563cca03487b_K90.qs2,320343,2026-07-11 12:56:46,2ae091b69da66b3fff1d108b88e668412526b7b8f2816cc8d5e197e1acd00acf
Data/FITS/fit_56624d017bc0_K40.qs2,418674,2026-07-07 22:57:36,fb3e3f59814819b8e4e77e8ba4c6c08fb42ae482fbad8555e48ad5c847a35c4d
Data/FITS/fit_5670d1b7d01a_K4.qs2,7918,2026-07-08 09:15:35,3929117a88cda9202fc67795b7c638ca4e6a039ba7872d510e7fa6b99c1600a4
Data/FITS/fit_5673bd471e81_K4.qs2,10582,2026-07-09 07:09:23,ab0f2b4cbff3c5b7d13972dd8c3f977a7e1934c866253600df52debd2044cfc7
Data/FITS/fit_567e3ad211f3.qs2,48520,2026-07-07 15:05:33,c7b416beb9db09132612750c1832fe6ddb0151ee66d2aff29e667f3a53e4b1ab
Data/FITS/fit_568b7e56c1b3_K9.qs2,76987,2026-07-11 12:51:04,c88b6689717cf402ec95ab1b2fbdfa51bd68ddb96e88377c34f517e66a8b2747
Data/FITS/fit_56bcc451fb0c_K3.qs2,25762,2026-07-07 15:19:07,c6e6be834603ee2adb1f87615847c8d18794c6c05857ab3cacaee4c772a9d996
Data/FITS/fit_56cb827f2502_K100.qs2,490929,2026-07-09 20:26:21,fbb21ea761a3f35bb0b0c0717bea8ef8b0e5a914ad616cd82be5cb00c9880227
Data/FITS/fit_5728b83fdefd_K40.qs2,199611,2026-07-11 06:13:44,0c206c804990b75f0c8875487df3500d73a7d83cb3d02fce825b9c573330c71b
Data/FITS/fit_5729a186e51b_K10.qs2,127118,2026-07-10 16:55:51,cd7755673aac2d155bb1015c82fd28a536a54eee6773aa765be432aa953c9431
Data/FITS/fit_572ed6bdbca0_K10.qs2,80997,2026-07-11 13:12:07,1bd6f5db3e2bd8f3077db10b2c030dd22f0a2b620b88eabf77d94d239ab7836b
Data/FITS/fit_573c5dec16b5_K60.qs2,234002,2026-09-01 11:30:17,f96460574ffafd31f7800829880d9c153338e4ffef44adabcf04f9977ec86139
Data/FITS/fit_5760454e7e71_K45.qs2,207896,2026-09-01 22:25:51,182561fc7c725657f53e9110ac7b19ad3b5e4c6f7def9ff9ea91d5d7a49423e4
Data/FITS/fit_57639b7ff391_K10.qs2,72063,2026-07-11 01:31:27,15723d4e55e8fe774add7dd78cb440d125863425a0c8a3427a58565058b9ba15
Data/FITS/fit_57695954e97d_K40.qs2,296936,2026-07-10 16:53:22,12c1faf4be26bb7988ce32c7f5feaec1efa32737fb632de229a7793add913ba4
Data/FITS/fit_5782c78ae0b6_K10.qs2,99631,2026-07-09 20:43:28,f7a465e6b818bc26d9078e1c0e99a6411e87646d7fde824c6ddfcda67eac0a4a
Data/FITS/fit_57a2cc742142_K80.qs2,2699700,2026-07-09 09:51:35,0f3af947ce4fbd738222251727f679bcc089a3e08757cd2477090bdaaefbdc3d
Data/FITS/fit_57b1d6fd474e_K40.qs2,244351,2026-07-09 20:36:47,859b4bf622eb404ffbdfcb656fc7410f342725b39fff7fbb7efc62828ef67a42
Data/FITS/fit_57b3c8ed6349_K100.qs2,336921,2026-09-01 10:10:01,9bc7442d58c9d9a4ae6ec3a41d3522e119bafc10ca3837b71aa5f13016372aac
Data/FITS/fit_57c0d0c20798_K80.qs2,409505,2026-07-09 20:30:13,27d806082df5b81bf5fc3e9575a585c8292c75d47b8769a77554e639cd190f0a
Data/FITS/fit_57c1ec886189_K60.qs2,2121311,2026-07-09 10:10:16,c60eedcbbbf7fdfdcff6fbd15f045ae686bee7a5d4508c07968c614db08dcf5b
Data/FITS/fit_57c8c48b2a04_K8.qs2,13338,2026-07-09 07:13:19,c78b9b5f1742618be6db4d6477c7e75d0565db70a8fc2cde7f43aebd5db2955f
Data/FITS/fit_57ccdb0d1cd5_K20.qs2,26614,2026-07-09 07:09:11,6549e3f13af3e139a14ec0f76ec4c7b14fcbee04416e7b5137c01734069f2f12
Data/FITS/fit_57e76e1aa55f_K4.qs2,10355,2026-07-09 07:13:21,43daf31ef4730d71d0adeeaacf9716ca2c15d6970bf3390a24afd25368857c6a
Data/FITS/fit_57ef5389bba4_K150.qs2,4365950,2026-07-09 08:31:28,0b06a21cfbe6799b2cf6b5c009bec000ffb3bd3b49940c827f310625dd99c73d
Data/FITS/fit_57f6dc4508cc_K9.qs2,867106,2026-07-08 12:43:52,8ddebdbc40d6ec900d713b4a2e8c430591e86652f44a3b54d3fb8b71ee0889af
Data/FITS/fit_582e59f4984f_K90.qs2,453697,2026-07-09 20:29:12,f4870c3a3392249a53595369f1d934765a3d435cd91b582bbaaddf4fa0658c62
Data/FITS/fit_5831230108f3_K70.qs2,2400548,2026-07-09 10:03:12,1b8157fbcb02cb85f3b15c00c9a1e994356a631e638eb476c9dce50682783abd
Data/FITS/fit_5847b8c34509_K140.qs2,4190906,2026-07-09 08:53:39,a31fe0a528bf0116f98b0ae5c7899a00359a78bd61d991f30bd2f242d864784d
Data/FITS/fit_588428d8eeda_K180.qs2,752347,2026-07-09 20:13:30,0756563ed7515b58c56287e4b37d2c02378a8188986e8eb7cec6b22b94732a83
Data/FITS/fit_588e8786da6d_K70.qs2,270775,2026-07-10 14:50:02,51ca90bf6e1ce60fc633b17fa9c38f3c5a25e3e1b985e44442594a21f021412b
Data/FITS/fit_58c812234a7a_K5.qs2,60636,2026-09-01 09:44:02,40e4188a0413963c0c0d5ec387bd38e54fbe7fd4ec58f4051f7133dd2b3712c2
Data/FITS/fit_58e6cbc0a28e_K120.qs2,561748,2026-07-09 20:24:24,9e7371f87f9a18bf175e8498e4a4e3ffb6b0a3d0f0904d8e033f64d497f94f64
Data/FITS/fit_58ef6516d107_K90.qs2,321130,2026-07-11 12:57:50,9f4931f60ec240de385355df4b3fa2b6affa00c6a27007173ad9c611e02174fd
Data/FITS/fit_58f01bb40e87_K10.qs2,15390,2026-07-09 07:11:15,5bdf6638cfd1fa2e72c702c2130d099a5065e7e19227b09a1ca0633a96ed8443
Data/FITS/fit_58fc76af330e_K10.qs2,85077,2026-07-11 04:33:35,cb96bc20c592d7daf1d4f1a4a7d3192be9d80cae77cc2b73330aa36a632ae235
Data/FITS/fit_59040280617e_K5.qs2,102617,2026-07-08 22:18:34,bd63b339be91464d51fd7faff65a7dab78f71893fd7952ed40a33f8533b8c287
Data/FITS/fit_590adf94d91a_K16.qs2,195178,2026-07-08 22:18:12,a0c7a7586acdede3ee3048f99f30af3fd72fa68256391a125f9a81ef0809235c
Data/FITS/fit_590cba60420d_K100.qs2,469278,2026-07-10 14:45:45,b9482d38a315d3920319f0bf27b8b777e56c89cd4d7c40114ece6e7facff164d
Data/FITS/fit_5918b46886ae_K30.qs2,152965,2026-07-11 13:08:53,6b8a038ae6e98e1fb67474ece6e22f91400aa790d78533355c2bfee2267f81ba
Data/FITS/fit_5933c1cdf38e_K11.qs2,1463545,2026-07-07 18:08:05,ab25a0fd497bd6c92b4ade8844528e813b3e0f5bcdb97090000ac694ee1b64e4
Data/FITS/fit_593a02ff6f08_K90.qs2,2969377,2026-07-09 09:39:49,969942c11ab5f99d2e98d7c685ee04460d2ac066d91fe3097c2a0287ce014500
Data/FITS/fit_595132bb201a_K40.qs2,194196,2026-07-11 09:51:29,3a5ea5d6a0422352350cd05ca50a27f97505a8ddd50ee3c5de1bd1522caf688d
Data/FITS/fit_5957e8fdef21_K100.qs2,489529,2026-07-09 20:27:23,bcdc4be21a40ec56d25fa19f0403b9d72cf0a968b3060c31652f4bc58eef54e8
Data/FITS/fit_5963b718e261_K190.qs2,783567,2026-07-09 20:10:43,e49ea16e851be90149222bafe90fe505cebc7cfccb80a7acf81560874309be08
Data/FITS/fit_597f26f47055_K45.qs2,205953,2026-09-01 22:25:53,18ae5ed1d473f63665d6477aae2110672b802a6bf20d175eb15bde3993beacdb
Data/FITS/fit_599156c6cc97_K50.qs2,279685,2026-07-09 20:34:57,4be7c3be5b09fa4848c2b8a53016988daf1044edf3aa4a4ae24607f529efc194
Data/FITS/fit_59ade0c74ee8_K6.qs2,1222908,2026-07-07 16:22:59,53ad2efbb19ca7249528165650d574c8b11b1fb98f1c7ca74f27489f26b199a9
Data/FITS/fit_59b04da53e30_K40.qs2,1565087,2026-07-09 10:33:05,093842bb54e52437d678fe451c47b035d3c003332a3dbf8635c81da20ac637c2
Data/FITS/fit_59b840684fe3_K170.qs2,725844,2026-07-09 20:15:44,43b67d740d7d682fddf2b80deabcf7d3c71fae16f2b70670eaf6928e7dca7e0b
Data/FITS/fit_59d003aded79_K160.qs2,475440,2026-07-13 12:24:13,922ce976343491010fe02fd783356fec288a072d8c974742f99d29700c0f8e96
Data/FITS/fit_59d524648d94_K160.qs2,4600424,2026-07-09 08:30:42,ea6965e03a544321d65d6dfbdc5a0f8c2e941cbf6faaabe69815659120c70a9c
Data/FITS/fit_59dc50d7c693_K3.qs2,25876,2026-07-07 15:18:46,68f6f29ea943811563ceabc8282c1bde94a8a283083f5881a88c26fba320e690
Data/FITS/fit_59f157fb5e85_K4.qs2,97815,2026-07-08 22:18:37,af0e54c358d8fc284f7dbf714749436c8e42b48217f13d80f6eea6c0572d5e56
Data/FITS/fit_59fcd0dc3a9f_K70.qs2,263035,2026-09-01 10:10:00,c03fc314c329ab3242c30d683710b3f68e6f70b4b3d2613eaa69fe465fb2580e
Data/FITS/fit_5a255c2a49b1_K6.qs2,13396,2026-07-09 07:09:22,b28e9523d3d40d44911d0d58b381ee5142a854aac3ea1820b9701c9327691c7d
Data/FITS/fit_5a512cf939cf_K70.qs2,267062,2026-07-11 13:00:38,6e88bcbe58eafbc8abb95e6ea476e8fbdb807c341b5b7bd1c8fddc06158ad11b
Data/FITS/fit_5a55a26f47fb_K95.qs2,6328634,2026-09-02 02:34:48,7085c50bc0ddc2cba13abc1e00e52da4055f5f2737a61fd46888fe636f521ae0
Data/FITS/fit_5a7189e13850_K180.qs2,753918,2026-07-09 20:12:57,dc304bf4de5b833a606bf963c667c30a6dd4811e3879bb059f76b940e67eefa3
Data/FITS/fit_5a941bf28389_K170.qs2,727033,2026-07-09 20:16:11,f1530554d1794064c87c879f857b6892b50539d4cef55308a4f68faff15a9fd9
Data/FITS/fit_5aa74e544d54_K19.qs2,1794820,2026-07-07 18:16:43,6284940f900d8c9451e418634ab05d8f95fa5f361c8977ad9183661a5276d385
Data/FITS/fit_5ab46e4a727f_K15.qs2,3341058,2026-07-08 15:51:04,b19ba698553dc09fcb36d83b0a927f008e82805582d4d3b3cbae6217c9edc577
Data/FITS/fit_5ab7fa7324d5_K70.qs2,265443,2026-07-10 16:50:14,1286e8fd79853c676bd039fb56ae9c334fd774aafd7371eca1bcbe689053b29e
Data/FITS/fit_5acb3ef40199_K14.qs2,1624014,2026-07-07 16:43:46,90a1caf95afa5795243840f4e092ec299e22122fa4a2c278f34279abab9f8014
Data/FITS/fit_5b1c7ec52445_K50.qs2,206620,2026-09-01 11:06:35,737a33cad01808f98e2a996731cc6c52e65a5b6008460eaa2c5047ff0682ae85
Data/FITS/fit_5b2c2f34120e_K40.qs2,1277824,2026-07-14 16:24:05,60349c29df2e2765d1b14534080c6797d5117723db7faee1dadf2c7ed79dc0dd
Data/FITS/fit_5b34a94b0053_K40.qs2,218316,2026-07-07 22:57:58,6855a62bc4dec0fd4a899fd579fb801f308956c9f6bf49822766a5f0f09156a6
Data/FITS/fit_5b446312419e_K14.qs2,1570884,2026-07-07 15:43:02,a11e7de8ea1294a77d6ff106a9fd094102812d230be7f2c812cf75a9f336389a
Data/FITS/fit_5b583dea8cce_K45.qs2,686229,2026-07-07 22:32:33,a016c6a8dbec9163a8e4302dcaf5c65b0638819a8de20650643990dcc1def2a8
Data/FITS/fit_5b5a686f8433_K35.qs2,175602,2026-09-01 22:26:33,0dea78b73ef79baeea5f6572d81c4838e8858532ac5eb8fbebd4a40b1c3d04a8
Data/FITS/fit_5b60395e45fb_K30.qs2,147658,2026-09-01 11:30:20,608404b5da7c7a3a346d38abee892a0cffc85c00ea39c7a0ec424a6ae4c75e62
Data/FITS/fit_5b8d298e5833_K6.qs2,69987,2026-07-08 12:33:22,b2309bc35c904db356bed96fd8a0186a2858d37442bc18fde58d7a7c1302365d
Data/FITS/fit_5bb3fa7f7ccf_K50.qs2,210675,2026-07-11 13:05:39,7d26371b03133dcdc670e2de5cb2df659e06338b1f94886415db2207973924db
Data/FITS/fit_5bc51bb245cd_K5.qs2,31545,2026-07-07 21:31:46,2f65cda0e372492e34adb9227c052203c0de6dc3235a58ae2909aab45b5775b5
Data/FITS/fit_5bfe5f4a9057_K30.qs2,1248798,2026-07-09 10:33:49,23f580387049b1a56bc1911afdb7ec034dcb3a0e19e4c82ece73b6e37d18933d
Data/FITS/fit_5c0c17236d00_K110.qs2,527174,2026-07-09 20:25:01,e7f75859083b44aea1d95fab0859497fce8aa1f4dbf87c0c8dafdcd04256cd1e
Data/FITS/fit_5c156b8f0830_K40.qs2,1563887,2026-07-09 10:26:47,34fa2fdb1dca3a9120ed138f2722f2871a11bef3f56bdd2c3240754234d66a31
Data/FITS/fit_5c173a64f2a3_K40.qs2,179389,2026-07-11 00:40:09,47167da6eb1ac11d326529e5dcf517c9798df95c098ad69f555ebcb1345d77fa
Data/FITS/fit_5c494a113ed3_K60.qs2,238864,2026-07-11 13:02:45,b76cca2736e27434f6dd30d9637a0e1ea776e8c172879ab38dc73d4daca55175
Data/FITS/fit_5c7b704a24de_K18.qs2,18912,2026-07-09 07:00:40,429366b3966496d10985734d94cd0fb87992d18fd50fac11b2f2ed1d7dcff976
Data/FITS/fit_5cc8670b3a55_K20.qs2,20936,2026-07-09 07:13:14,cb42c0778d14545a96eab8bc96d7988c601d7a83f2047973da63e760a6122e93
Data/FITS/fit_5ce93adf96f2_K7.qs2,1284096,2026-07-07 15:24:00,65204d0f2c1efc9b46512063c28042974866e41c05f438068c325f9e25e45f6f
Data/FITS/fit_5cf52d8d2d04_K20.qs2,157767,2026-07-09 20:41:31,f7c7c42adf4269a1436ddee96e8f5420f04fe0d750aea36430953c59542332e9
Data/FITS/fit_5d22077206ae_K50.qs2,208054,2026-07-10 16:52:30,909dd5cbf3104b4c790ddd1e143df1d0f2223ed637216b3469a5cdf8d4035149
Data/FITS/fit_5d26e23a313d_K4.qs2,10734,2026-07-09 07:09:23,f3627500276f4fcbbea90af133157ed796c9d6bc4e4ee6653fc0f09803ea0df9
Data/FITS/fit_5d68af4bac57_K150.qs2,665726,2026-07-09 20:18:55,dadd32e4ec7e8065b275010b6359fdf7c6c303771e564a5c7c13ea4eb9b9025f
Data/FITS/fit_5d6a35169066_K4.qs2,1101769,2026-07-07 16:21:25,94dd06a51675a4de5e76a7bbecd9e5432eecbb63c8dc83d5996053005c277110
Data/FITS/fit_5d884b9cbcf7_K100.qs2,488119,2026-07-09 20:27:43,0afab6ab138af5871e418614ded7ea51272c015e0a55ae17ec8419ee948c0b95
Data/FITS/fit_5d9c2060f090_K80.qs2,293713,2026-07-10 14:49:21,7d2688f47667a4db2fde3d00188986e6292cf963f71a49a4d33dba5c099b530b
Data/FITS/fit_5dbd48db0151_K6.qs2,1211806,2026-07-07 15:27:57,b33f649bed2914781afeab58f0472bfb96b4a92b2f968aad4d00fb417ecd9290
Data/FITS/fit_5dc8c9d0f28d_K90.qs2,321717,2026-07-10 16:48:09,32acac22b95a3ee413fdb3e6ddf16f02adff62936acc5ba50e93bb6b46a69382
Data/FITS/fit_5de3758467e4_K70.qs2,370055,2026-07-09 20:31:14,a7c2540270d5902e515984fb1792667f0681fb104a765455f3cd26e5d191b61c
Data/FITS/fit_5e18655dffbe_K40.qs2,172397,2026-07-11 01:38:17,7f34d9843c343f770f04722e724a553ed2105c9391b66a93b07b4d62c1463899
Data/FITS/fit_5e636693d25a_K15.qs2,1636383,2026-07-07 15:49:32,bc46d7acf70dcc8fa4bfbdc04048707dcb67ea0afa6a6b6fd0521f8aaef99bc5
Data/FITS/fit_5e66e9cce85a_K20.qs2,124574,2026-07-10 14:54:25,50977d86082eea78ec427f48d6b0e59fa657776dee645407b4c427643427f060
Data/FITS/fit_5e6e01fab0a5_K50.qs2,207896,2026-07-10 16:52:19,250786db8cd3b8e812d9241802a6c6c38ea5101c055df80c3a4af31faee6d0da
Data/FITS/fit_5e9e896fde13_K15.qs2,106415,2026-09-01 09:43:52,bcfcb3491e5d7de74e8b59cc6e7b8974613f782d8ed60de71af155f603200a12
Data/FITS/fit_5ea5859728cb_K90.qs2,2975204,2026-07-09 09:40:02,38263d7546e121f8e0eccc835f49a09ac079da1eb09fcbfc10905307f8ea80a8
Data/FITS/fit_5eb7d21cc1d0_K10.qs2,559543,2026-07-09 11:04:48,42ca0bb451a5fa1b5e90ce069b387cda83749f37d1775328c12e2cbfeae4d7b8
Data/FITS/fit_5ec64bc6f02c_K30.qs2,251414,2026-07-10 16:54:07,b24dd92704bbd6a9c13a127cbae8f7367fe6fa518b3bec686a2136f69be9d528
Data/FITS/fit_5ed9a9e00d06_K40.qs2,245067,2026-07-09 20:37:56,70a0bb7389e749e2bc93f2cf1fe1d7508eed165a5e95780ed3d60ab5c570a0a1
Data/FITS/fit_5eda9e43b608_K30.qs2,1250670,2026-07-09 10:36:42,25344f95275aac11eae0c0400687ef1d86922980622aec07b34e62888cc2cf07
Data/FITS/fit_5ee240d8a21b_K10.qs2,99875,2026-07-09 20:43:51,107353fbfcd138a865d7e97125e485658657328f15e189877377778e3251e40d
Data/FITS/fit_5f4d1010d1ad_K40.qs2,195488,2026-07-11 08:54:46,95b4575a81e9cc48e8e7892d2cfb04c7ef000a0d62ac27a82eeac72bdbf973a9
Data/FITS/fit_5f62d540c13a_K30.qs2,1190791,2026-07-08 09:35:24,097eac7f27a26d028261d9487e0eba66c6ea3167b524951756667d987f2a80d5
Data/FITS/fit_5f9099fa6923_K45.qs2,206262,2026-09-01 22:25:54,43b9572030e765e0de7ac69a47c4ff812d878fdbd8964aa178d645998d7fe970
Data/FITS/fit_5fb6e00cb04c_K30.qs2,157429,2026-09-01 09:43:52,1e515001eb5dd38c76aff573812a3c28d59037f6b64b8ecdb1e4235a3a6b57b6
Data/FITS/fit_5fbb1358a397_K40.qs2,200639,2026-07-11 06:23:49,6ca461c4448e76861dc8a80a3b547a69d55315570def6307d9577093c4897a18
Data/FITS/fit_5fc27011e3cd_K40.qs2,244992,2026-07-07 22:02:45,730d49e194a0590037b7567be4e93d0abc3ac0dcb946ce7ffab0904338bcdeab
Data/FITS/fit_5fd16556383b_K6.qs2,71100,2026-07-08 09:17:28,44b44036656eace639f3d6a439a906c58d5138ec621170115aa351ec7f7e60ae
Data/FITS/fit_5fd3c2a360e0_K40.qs2,245711,2026-07-09 20:37:48,f8a3191da3cca8c39a5b3d4b8956bd800b3f26c4c12640868600860da39be67e
Data/FITS/fit_5fdf5cb7f852_K130.qs2,593106,2026-07-09 20:22:27,14e6844727d49b7742bf00eba15a58fe0fa4fa7c795b0769ca6fa916608e1c14
Data/FITS/fit_60366644ac4c_K50.qs2,210287,2026-07-11 13:04:26,164f75bb681b22e38632da00e7757ee53014c5ab32a8efbdfc70f5dd4a5cc3eb
Data/FITS/fit_604027bdb035_K5.qs2,1142710,2026-07-07 16:25:27,0648e21f34a1343b7f3ec7ce2517a4e976b7b87e18d0113f17873008bb4f9a8d
Data/FITS/fit_60615a4d9ead_K20.qs2,437842,2026-07-07 22:24:21,433f7dcaf7d201792fa6ba73922d44d6834e671e6609b3b9b9ae4578a5a20b66
Data/FITS/fit_606cf2872656_K8.qs2,127920,2026-07-08 22:18:31,dd3da1987fee85f5ba8886dc40a79018e51d9993e56f7fef34867292ec4fd445
Data/FITS/fit_6077ff465b4a_K140.qs2,636646,2026-07-09 20:20:34,9837f20321905ed5021894a32eeba2e9eb4f5374cb60a13d8509098a06c0d715
Data/FITS/fit_60802c242183_K90.qs2,451340,2026-07-09 20:28:11,032eab993c997bd8ccbad4f014e48ca2ccbc8135fef3d76877486733aacb1e13
Data/FITS/fit_60d0a197884c_K6.qs2,11908,2026-07-09 07:09:22,06a5800bb0e5c3852e9bb3fa81cd8e8653526a9226491bd966f6377f134314b2
Data/FITS/fit_60e2145f9619_K40.qs2,628764,2026-07-07 22:30:15,bc533733d4c8169ea438c438e955aa7fb5cc8a8b8200a1f293e24e6a9bf5d43c
Data/FITS/fit_60eb72f7e16c_K4.qs2,9594,2026-07-09 23:06:34,558ce7b6d383675addc781bf5c86ab71d0f32779effc3eb912fe778bb7da4e40
Data/FITS/fit_60eedfbcda1e_K10.qs2,99541,2026-07-09 20:42:12,140b5989f93ac537af79594c69f26b956fbcd3191095683db7543c0782560b20
Data/FITS/fit_610de14605d1_K160.qs2,700149,2026-07-09 20:17:53,dbc1ec641d9c0f64cf3045dfae374a1d11be27c7b4c617a4abbfa14672f39596
Data/FITS/fit_610fc8e07647_K50.qs2,210071,2026-07-11 13:05:32,a2696132d510d6fbb94f318d91c09f1e1bb5466dbeecb12c20c7483be3a2714d
Data/FITS/fit_613360039864_K5.qs2,61557,2026-09-01 22:28:14,5929406291ef261fb3ae9b14a667b154915875fd4200441a49c31f36c79f344d
Data/FITS/fit_615d999b372c_K160.qs2,4634008,2026-07-09 08:20:06,62abb0e44afb8901dceda1b035c572fc09887a6a7d54abb76069c1fa77a606e1
Data/FITS/fit_61a0a2d13a76_K20.qs2,241284,2026-08-31 16:34:05,3097aa06b28a53ad9b91624040c9f66235453e8c253c1cca3352e2ccd0795eb2
Data/FITS/fit_61b4064f2bc7_K10.qs2,17446,2026-07-09 07:09:19,d92ad9f0a8b07b19899576bb4a67dbbb4a9d820b3e8236403e5ab7b1c58da578
Data/FITS/fit_61c7c9ae8182_K20.qs2,26954,2026-07-09 07:09:11,c7f8b03cfa1df5aa23aa80998d31741f83b09744ba3c7864081f091d9be08d37
Data/FITS/fit_61d69eddb88a_K75.qs2,2476313,2026-07-08 10:03:03,421dcae315872eccd226601e13d443be61b72c4c9c0d7fb21e75d014445ee337
Data/FITS/fit_61d6b44a9fad_K60.qs2,324347,2026-07-09 20:33:52,d67c99da3c74287b325b1ad23b321615cd487b5d273e39441814acdd412e1a2f
Data/FITS/fit_61fc65dfef0b_K130.qs2,593847,2026-07-09 20:21:36,677bbebfe95fad4c616a710592341b065b7b9ef6e9a80bf6596e40c230f406d6
Data/FITS/fit_6200196884a1_K80.qs2,405982,2026-07-09 20:30:13,af2d6c8bab60968ea21337b905aed9e1aa75252be19e57267fbdc8e55c20820b
Data/FITS/fit_6228f02b8c27_K11.qs2,151200,2026-07-07 21:51:10,896d30953f16ce81027d6c05512d3c28b5d4d022a852f4bd7ce26489c316e8c7
Data/FITS/fit_62373b7bb161_K60.qs2,237524,2026-07-10 16:51:16,ed6c973d2c0274bf62d49fa190011da2ca5a79352da413af4391b613ec00c22f
Data/FITS/fit_623caf872cee_K90.qs2,316704,2026-07-11 12:57:21,e3913758ab0367d43577c0d2b5ac73cd6a027a4b5109f5c3cea3f241a58a4add
Data/FITS/fit_62452a05e192_K50.qs2,1827873,2026-07-09 10:22:19,f65231f17c35b7db13871eae1459acf32e23dee5abe0628c53966c2cab415a14
Data/FITS/fit_624547f6f980_K15.qs2,759753,2026-07-09 10:51:41,d68b9235c154b3b0e10e05ff94533b8f46051290ad793387b5f48e826f50a9b4
Data/FITS/fit_626620217293_K100.qs2,338009,2026-07-11 12:55:03,38f14247b6389eadd45f24c0c0e675ea4ec3236a41012b33f2963d4a8565bd2b
Data/FITS/fit_627c9d737c28_K20.qs2,140665,2026-07-07 22:02:56,2ece56c879abb575c1bef7dc6998933f56244dd0e0a5d4e4873a4ae9ad12a7b8
Data/FITS/fit_62aadb28ee02_K70.qs2,2415523,2026-07-09 10:03:05,02a460488d84eab4c65f9b80dbac990a22dfa5fdd93403fa34024a05ca22ce9e
Data/FITS/fit_62d0194e3ed5_K12.qs2,1476017,2026-07-07 15:42:55,41a0cc4a391b84061e76e086ccf48ec605df19dfc7fc642e84d722e739f9c2c5
Data/FITS/fit_62e1e7d71bf3_K70.qs2,269635,2026-07-11 13:01:04,6e2e91d9c2a41eab9e57a40b3a3213fae3370177575a396d57900225bd0be479
Data/FITS/fit_62efeb2366c3_K24.qs2,237183,2026-07-07 21:49:43,da9b8af4f458f92f9b0560f7ee33317c30064045941db17d0e7ab8e9dd873d9f
Data/FITS/fit_63111f6f29bc_K4.qs2,38695,2026-07-07 15:18:49,5399d285542022cb9aa5dca3c06d4b8450d4bcef5166ae62fb73d2ac478e2d53
Data/FITS/fit_63324f858674_K2.qs2,42977,2026-07-08 09:17:45,a2990783673d24dd445f3301bd00cd046b132c52bdee78ae4e82d2f905deefc5
Data/FITS/fit_63446e53e13d_K40.qs2,193704,2026-07-11 08:33:53,d28299b6e5e5243aebfba27213f3024a0cd1b2da34ef91e77d836ed83577434e
Data/FITS/fit_637666f70924_K5.qs2,1165844,2026-07-07 16:22:25,22463be5ccd9d19b63a5e0e25115361ea77d82229b7da7461653da2b5892e9ca
Data/FITS/fit_63793e4bf7d8_K20.qs2,439711,2026-07-07 22:41:49,ff94c33bd9d5b136c3d0ea178d76859e0b8a15c674c0ce4e0b3d8073f0e5f15a
Data/FITS/fit_638546f29bd8_K10.qs2,80162,2026-07-11 07:38:22,478e9a793bf926e9ab85ceb54578daefa79b4e142d6c82b161022fa57fe6a056
Data/FITS/fit_638f36f0193f_K4.qs2,10474,2026-07-09 07:13:21,ca4b2ea63bb278944a78aaeea855cee3b0eb9627fcdc578c316efb7a260aede1
Data/FITS/fit_63a8db15e804_K14.qs2,16769,2026-07-09 07:13:17,b211e7460b61e5e145ec8dbaef62494afeb85f796d6e3e6d8acfbd76171c9b3d
Data/FITS/fit_63aea7c9728b_K20.qs2,158166,2026-07-09 20:41:27,10cd73493ac8a2c87e733d00d1f5d6f037bceeb0fcdb65ff32ba91daf60b1b04
Data/FITS/fit_63b16e2ba8f4_K4.qs2,58449,2026-07-08 09:17:32,5f5713c7d93126fa4bccd8f8f566ab26b11f68df55a681d5cb0eb37578b4a4fd
Data/FITS/fit_63b7355f8c49_K20.qs2,697617,2026-07-14 16:23:29,e34c005ae47070a9ffcfee0e1717e89af7f7c115cccbc7b0d0a905a3853fdd68
Data/FITS/fit_6414fbb30eb9_K10.qs2,83420,2026-07-11 08:33:47,30b965287aecc76dd92abcf6d793d0bfcd1707321a683d3c84833845ff6a1918
Data/FITS/fit_64239daec64b_K10.qs2,80004,2026-07-11 07:34:57,0dc9fd9f8577b32efe5c54254e16b64285fb0a5394be2c986082ea5066dec293
Data/FITS/fit_644d8814049d_K70.qs2,2334136,2026-07-08 10:10:05,c63b43e371df41b44aedacc149cfa89f77ced97da1fadeca561ca55616ffa02f
Data/FITS/fit_648c0c816895_K40.qs2,244870,2026-07-09 20:38:18,b628a59afe2d207613316adaada752fcffc49f1b2f3c0e3e7b0e7e5f64370800
Data/FITS/fit_64ac59dbe693_K5.qs2,64802,2026-07-08 09:16:58,2547d30610e3f16ef92ad961109f2c59b42f58d23d7e7996c38506b20a2eb528
Data/FITS/fit_64acd29a0144_K60.qs2,322452,2026-07-09 20:34:28,386ce4422be399b689bf23a1925ccd14df81b2748be83449acf2e18ea065987f
Data/FITS/fit_64b1b7d05e6c_K150.qs2,4401676,2026-07-09 08:40:42,e4bd6401be571094649f0a211e05aa5a891bb8ccd41357b9ab8f86d167368c8c
Data/FITS/fit_64c3751f5f19_K2.qs2,43034,2026-07-08 09:17:53,78bd43083a70164082d22c5893d1ca335c3aa7a83f351a79edd9ff10b69bac95
Data/FITS/fit_64cff07eed57_K50.qs2,6702332,2026-07-08 15:21:44,b9e498e1e5b04ed12cb98ee12bb89f40d1e7777fe6e5666176c3edc4a07567f7
Data/FITS/fit_64ddfe25c1e6_K200.qs2,806783,2026-07-09 20:09:33,5b4f05e720163d87020e6f4d4bde76ce06b9b1b6c07dc6d904a411f2f3afcbb5
Data/FITS/fit_65332a1cbbba_K4.qs2,10665,2026-07-09 07:13:21,f33622eac598f1113dca310e3411c46b34c27341a8422bf537bde836c60499d5
Data/FITS/fit_65569a7946d1_K5.qs2,49665,2026-07-07 15:18:49,7955c1e410925f2a3a04bd2c09f3ca054babe05fcbe864e84fdb2c38736c87e1
Data/FITS/fit_65608f25e9b3_K4.qs2,11447,2026-07-09 07:09:23,1ff9bdae4246d17bd5f62e08c8e2110321c0309b317a0513ca687cd41af27816
Data/FITS/fit_65d1ae173bdb_K160.qs2,4601827,2026-07-09 08:25:50,cb2c469dc79a336cadbf1df20cad73d2474efd93def4ff8e40d659bca28adb03
Data/FITS/fit_65e08914d5fd_K190.qs2,5189066,2026-07-09 07:45:51,ec5bdd90d850e57a95ca57625cdf314d6ff1289d1ee571cd93e676027c675a26
Data/FITS/fit_65fb077d51cb_K20.qs2,225891,2026-07-08 22:17:51,bb0e82ad27ab302efe58dbafd004a1039b42170f9fa0dd51b8690e59a83b5209
Data/FITS/fit_65fbd39cb6d3_K80.qs2,408531,2026-07-09 20:30:45,d2644f7d1f6d1614c8e5c6529d6b46db86bdd70d928df5e9e935a56f0dd60748
Data/FITS/fit_660fad4c5865_K7.qs2,1255849,2026-07-07 15:31:26,f3a22a35ede18af3c4e2fd72b945f35b822a955c69f48fcf1ca0b96777288b0d
Data/FITS/fit_66114582ebe5_K90.qs2,449503,2026-07-09 20:27:51,90d58c3be74c867e2ac3558d05bc447fe3c57eb1edf0de04bb1a1f44b97aa4dd
Data/FITS/fit_661b1ebec6b9_K110.qs2,3493497,2026-07-09 09:19:46,65521fc204105bb34a010766c12b1e7364e73ffb6fb4eb34a16ae1651fcd014b
Data/FITS/fit_662575ecefe3_K20.qs2,122384,2026-07-10 14:54:50,52a6095b69f916bda99afc2e3d9499c089582119aeb4896fe314e2104aed9074
Data/FITS/fit_662e7d81a01f_K190.qs2,5185468,2026-07-09 07:45:54,1a72ce02ab1d89a83ac80e3e24bb3268cc29fc998c5467a9e3f0271c2d4a17ff
Data/FITS/fit_669504301d1d_K40.qs2,199267,2026-07-11 06:41:16,63ca6a3ea628978f70076c887084d0df2d465f78ec56032eee9e199adf61aeb7
Data/FITS/fit_66ac2b08ac30_K40.qs2,180303,2026-07-11 03:37:34,6a2c68f00ade059d958a2d4c992ef8e267676f38943ea5be737c330803d2c9e0
Data/FITS/fit_66b9d4d744d9_K100.qs2,3235942,2026-07-09 09:27:54,d6f8f71e7ede58e2781ef169b197028ee016c01e18fe9635e729bac38523f318
Data/FITS/fit_66e08728c4fc_K10.qs2,80403,2026-07-10 16:56:28,2851ee7babbbdb76f4b392c954f2cb998841755c3fb2a9bfbc0e25c793c2d19f
Data/FITS/fit_6703e33b58d4_K120.qs2,3720072,2026-07-09 09:11:23,800d1e6c3a0daa1de0b2b6c15fdad4c90d2bd5d0d0da64b3f16351a652300f7d
Data/FITS/fit_6710a0dccd0a_K100.qs2,343695,2026-07-10 16:47:08,bb027514690208ac1b8d7c83e6d9f60ba5789b39e0eea7d0f8839c0b494e25c4
Data/FITS/fit_673dacfbfa39_K100.qs2,489835,2026-07-09 20:27:44,9f3842ff28b826a2a5434c4abe0237b3588b14b287818b3cc8f72a149ec6c9e0
Data/FITS/fit_67564e73088e_K160.qs2,699880,2026-07-09 20:17:22,6fff2b601cea023402b710ed3eeea25ca2a5a687b15b2acfa8fcbfead1e60f59
Data/FITS/fit_67613ea7e2c5_K3.qs2,59356,2026-07-08 12:33:23,dbf6be98bfc19ac281934fa5f7c6e93c5d13e4dfa5996778aa6c4e2f2153dc11
Data/FITS/fit_676d6e9be78f_K70.qs2,369695,2026-07-09 20:32:23,c5e82ade962c0695a1a4bac5d114f38b48df186d6ed2391c8a7d54fac9020b1d
Data/FITS/fit_67707ea7e457_K18.qs2,207375,2026-07-08 22:17:48,8511a08d1c101f169b6e2cdad32cd7e534ead44a8fb4148f8be952b08381fd25
Data/FITS/fit_677d23a1c6c7_K45.qs2,1619463,2026-07-08 09:41:49,7c0e2e3d8b4b217773844c9266db3bf56c11df0a4274eb3845542478cbbe8d8c
Data/FITS/fit_6782af89e107_K30.qs2,329544,2026-07-07 22:56:32,9a166acefd76f190f57b34f731c544cf73e56c545ce85106a3f0dfc3abf10707
Data/FITS/fit_678a9e26590c_K30.qs2,148112,2026-09-01 09:47:57,453954c8a777bd6c013d815c3c2a4828a7b7366cea6bb46443c9d4058bfcd3ea
Data/FITS/fit_67a03cad3cf3_K7.qs2,66964,2026-07-11 12:51:07,5482268f60dd6b1863ba1cce6140deffb1a98e7bbb7455cc0414e9f855065356
Data/FITS/fit_67af5dccf503_K105.qs2,6726408,2026-09-02 02:36:48,b1643306dd73587c471c96afd7349f42e40b31dd11099d0f84c37ae23e92be53
Data/FITS/fit_67d7323e76a4_K110.qs2,526780,2026-07-09 20:25:32,51b23f62f54170c9ada4ac6a4f941049833efca2095a291882c1ed0fe8f4c580
Data/FITS/fit_67d793e22b5e_K40.qs2,206451,2026-07-11 07:16:18,389e629f7994e887f67c8cfab8ba3df45568204ae0e32ef5efee2441bdbf88cc
Data/FITS/fit_67e1f9b25913_K60.qs2,380283,2026-07-10 16:50:53,6dddf0b10d80c6684689d1cdbc95ee091d73ff33b5111e43ead8ee698b788108
Data/FITS/fit_67f5489eeecc_K40.qs2,296586,2026-07-10 16:52:41,9c5dbea1f8d661ef08447568cf9cc2a8301202b616f229f042df7e377976618b
Data/FITS/fit_680820134a2b_K50.qs2,279502,2026-07-09 20:36:48,e640d0f5a84e2b433d7fa9be51e545bde229325a6e32c284fc7db4af97be75db
Data/FITS/fit_6808724da6ff_K100.qs2,3217133,2026-07-09 09:36:06,11aacb9d44843bd78fcbe7189ded862f1be6831b7e9ac58fc16bc0c5375277dc
Data/FITS/fit_680d6ca2ddbd_K7.qs2,75859,2026-07-08 09:17:47,e0274d69ca1efc12cdc5c927173ac230a20ecdc4f16160dc89db1c56955aa42e
Data/FITS/fit_680e6e6d38d1_K60.qs2,234618,2026-09-01 10:32:23,dd0136401c508c852915364136d895d3d116fa5d5d69f159c0c059fb107a6edf
Data/FITS/fit_68323cfc6baf_K60.qs2,240885,2026-07-10 14:51:03,0df5c9d7b7bfbe2aafab6924cc85028f13ccb119d6df770825a295c0248720e2
Data/FITS/fit_685eb562159b_K40.qs2,193773,2026-07-11 09:37:57,49c92b28fa96fcbd11a4410a24aa5ce7b9c692c2de7c1f4d97462a01496a23f0
Data/FITS/fit_68612df98073_K160.qs2,695396,2026-07-09 20:16:43,d820f97007f7d9a5d21d6eb74dadb866dd47cf21ea82f0e2bcad3767524fa792
Data/FITS/fit_688158869c8f_K150.qs2,662650,2026-07-09 20:19:27,815fb4d8806a8d25cf5ccae43a57a9bf2fa1f4ed919ed941d0c86a1157b495e3
Data/FITS/fit_68899aa5bf4c_K60.qs2,2107503,2026-07-09 10:06:57,a377a5a4cd07300cc3c21c228dad8f5850f9db6474ee993de7d27bb3f404b143
Data/FITS/fit_689841544d32_K50.qs2,210407,2026-07-11 13:04:01,1f3949cc82eaeba5d97cb4d8c5ebf356db7b7b5d67af85ec3407116cb578c528
Data/FITS/fit_689f48fc5b0d_K10.qs2,83854,2026-07-11 08:50:25,97188907cd83124b7ef10b89ee229e16a05b0b877d724a6fabb6f8c99d4d5f1e
Data/FITS/fit_68a725a9df0c_K10.qs2,83462,2026-07-11 08:13:18,9be92d3d233b5468b02e7cad88a949342381a1cf488716f52aa8d5bd8959aa60
Data/FITS/fit_68ca0e574b71_K10.qs2,560630,2026-07-09 11:01:56,7681526de21941f32c954301184434b0cbcec18e53273fbf5a35acfea375aab9
Data/FITS/fit_68cc9690a0dd_K120.qs2,3733198,2026-07-09 09:06:52,bd9dbbbc27cb3f1b813c0dd8d8ed4b1a18fda507141bfb416731fdc2c7937eaf
Data/FITS/fit_68ce14a1629e_K40.qs2,180260,2026-07-11 01:04:33,f23f8448a36050a5129430d5abfff9b98ed320132acac6189903d2f660747d8a
Data/FITS/fit_68fa4c43fef2_K14.qs2,174458,2026-07-08 22:18:20,7fe9ae2c34f9c5fce65521053753df28bcd2480e91cd6a2a9999e1f5fc9935c8
Data/FITS/fit_68fbe903d963_K40.qs2,182462,2026-07-11 13:07:52,e116825ee6dfa6d0dcab243097efca58537cae81b1d3fbc6d1b72fea0ccfe952
Data/FITS/fit_6902b59ed8fb_K18.qs2,25196,2026-07-09 07:09:13,a8a28221e0c18ed0bb2592d2529f6028d9c1d6dfa26cf87f5cc50d4c3e9d49a8
Data/FITS/fit_690b475c0aac_K12.qs2,19483,2026-07-09 07:09:18,2471837529a28586acac01e3ee316f2de97bf259ce1702bfafd3a4f0022de8a7
Data/FITS/fit_6927d32843f1_K4.qs2,27500,2026-07-07 21:31:26,87814b5c4d1d9be7f199d6fcb44574f8d731a85bb16b3f21fcbae789350420ca
Data/FITS/fit_694325cfe65c_K50.qs2,339275,2026-07-10 16:52:09,0c09ff2d56f0a3a26a46eb362097af6f2dcf365d44942cc6a9ececb8bdac1971
Data/FITS/fit_6961004da1c8_K60.qs2,381905,2026-07-10 16:50:39,df11d4bde8e8981f3f6520b91a7cf59843b115528102fa776fa60ec88542727f
Data/FITS/fit_69671f68fb77_K3.qs2,671990,2026-07-08 12:44:08,5665bcf38bce8e10c77965bba5be84d49378da3b5ecd12f84253a7104ac6e5da
Data/FITS/fit_697aaf5db44c_K160.qs2,697655,2026-07-09 20:16:17,8d76c211aa8b74efadfafb53e8d7528372fc6f4187972f3823ed092649f6b089
Data/FITS/fit_697c87a69f7c_K13.qs2,167865,2026-07-07 21:49:45,5e2fe35f73cccbbce295d9c5459fffdb6858170bfd676a527eb8a6284b4c542a
Data/FITS/fit_697e85289995_K13.qs2,1562817,2026-07-07 15:29:32,c691767ea62afc527f7b101f2ad278bf39aacc65b8987dd7214d7a70d9205dec
Data/FITS/fit_6990a83ea8d4_K100.qs2,488115,2026-07-09 20:26:48,2c675bb25891d1807b8a9323ca0f1f68c74c85e21ed311e9cf1c68f910b4bd74
Data/FITS/fit_69991b6b917a_K190.qs2,5239466,2026-07-09 07:51:22,c52ae78d911f1ce1721f364733517562c5dcb7b09b2f744006ebd44eb88a502a
Data/FITS/fit_69b1de0c126b_K20.qs2,139509,2026-07-07 22:02:31,ae0154c6d557bf327d9b2fc61273d56503284744ddb35024aec85c6e376b2b14
Data/FITS/fit_6a0130a95a46_K10.qs2,14716,2026-07-09 07:13:18,f1b5b9b7e3c977187ebd801da4fa6e63626b1a3845ad2aa663776c76611efd99
Data/FITS/fit_6a3a126ff5ea_K20.qs2,198694,2026-07-10 16:55:20,a5d43525136caf80b5b677e19ef60a2e2025d493b9643302444f7a3721e2f1a6
Data/FITS/fit_6a6d1d2c4234_K10.qs2,150535,2026-07-07 22:47:13,c776d8b362b9ea8e9149e3b04311c3e46d991a27abf5652c74bc030d1872ccc6
Data/FITS/fit_6a8681b6e981_K4.qs2,1082190,2026-07-07 16:23:21,531b6a38f405a4079e04d1c33b8b69ddffbf2ca7603f91047ba7e34286ab3c0a
Data/FITS/fit_6a8ec6ca8b5a_K10.qs2,15058,2026-07-09 07:10:33,d5ede7462dde510dcd98da272dae0d8e9e0e8df18dc21c8eef07047953bed002
Data/FITS/fit_6aa1552bb536_K30.qs2,154302,2026-07-10 14:53:48,b76b5ed092de76b7cc372c77de684329c35c7e82571cf7ec4c6c7c14b6e9d2dd
Data/FITS/fit_6aae132bb0d6_K10.qs2,126588,2026-07-10 16:55:48,6604429979b02de1a49c112252f29d907f4d0535d7b062478144f1fc3a498b17
Data/FITS/fit_6ad003dcf4ba_K20.qs2,122044,2026-07-11 13:10:01,6cc02491395c573bd053d71dc1902cd2b0492a773483a2da3c997b3c58ebd5c0
Data/FITS/fit_6af7fded0ade_K10.qs2,80076,2026-07-11 07:57:12,a4e1534d676f893d9ba12aab6895bc29ebb919b4210857bf11bf2958115ba207
Data/FITS/fit_6afbf54e5285_K50.qs2,216474,2026-09-01 22:25:32,954e5f3d99a0e2b00ccd9feae92233293ac10e8b67750cab8367ee21c6ec1582
Data/FITS/fit_6b0aa40cd441_K90.qs2,2971479,2026-07-09 09:44:21,5de14cbc35a50d77619ebf4e8091f75becf5ee5416bc85524f8e3b61442a9c3f
Data/FITS/fit_6b23294fe6fd_K20.qs2,121056,2026-07-10 16:55:25,8e32b6bacffb4306eb348f3278d602d9ddd7bbff0aefbaffbd57b1ddc3d56b02
Data/FITS/fit_6b3040558198_K35.qs2,175923,2026-09-01 22:26:36,0ada4034674aaf680c087fa434947033840f399264be8f6345923b26ab2b3497
Data/FITS/fit_6b5acb926cce_K4.qs2,8068,2026-07-08 09:15:55,f88e17d1c96f8dba0c7add553ec043c6dc4633c54529c1613a9bcf2f4c573a1e
Data/FITS/fit_6b606d592f70_K30.qs2,249571,2026-07-10 16:53:58,b6d6cbed8be68c7b9bc69f3ccb6b3886d129f1962d07ff507515eb885c82b513
Data/FITS/fit_6b757331d6e2_K12.qs2,15596,2026-07-09 07:13:18,45e624329ca600073a7e780e1562c0450aab8a28a066ee781bd607f437179f65
Data/FITS/fit_6b9aadab72ec_K4.qs2,29400,2026-07-07 15:18:46,40db79ffafd6c9df7965003578d88b078cf20ccfa4a651bc27ed722c4690240c
Data/FITS/fit_6ba40047157c_K50.qs2,339666,2026-07-10 16:51:57,e47875ed9e045e3ac052c21a0dfbb1d62135f270e75075bf16e58ded40bb75dc
Data/FITS/fit_6ba7b682952d_K6.qs2,112286,2026-07-08 22:18:33,5bd9ae3521f9b7e827158b7f611aaf1cf82d0a2cafc17e786ed27ebd5c1a56ff
Data/FITS/fit_6bcd1a832a39_K30.qs2,250326,2026-07-10 16:54:17,9f3af8d8ae6ee0a879274bb4bc08c1be3cb60c14556e37f0ed1d0b338376766c
Data/FITS/fit_6bcd524fcd85_K13.qs2,1699566,2026-07-07 15:23:21,e9143fa88fbc45879418a656583a74b8e94b75b64afd28c3a60c709a1d35c66d
Data/FITS/fit_6be4159d2199_K55.qs2,1919339,2026-07-08 09:32:27,4b8445c5a170b8e7677eb826f9a506e9d7a2f2a35a3bd9fb894f1c4d51a1b060
Data/FITS/fit_6bef4d579971_K70.qs2,266043,2026-07-11 13:01:46,8df6d5127e88ecee3667dafd105dab6b57a52d87eaf099f71e14c2f66f538076
Data/FITS/fit_6c18a58caa34_K10.qs2,14340,2026-07-09 07:00:43,ceca580f93a6fd2885e82862572d627d905573ba5b471cdfa86f96382fb6af18
Data/FITS/fit_6c1c55168f26_K10.qs2,83683,2026-07-11 03:57:09,1f54246811203be1dd8ea296aa6f49344756e0b82eb24006e88f51584bb4dbaa
Data/FITS/fit_6c2c487048db_K15.qs2,106335,2026-09-01 22:27:45,fa0cd2481f96b3b2373e8c6ca2bca4e8b7cf30258b8a4ebf0a066f144c4d5338
Data/FITS/fit_6c3ea6f2df8d_K10.qs2,99245,2026-07-09 20:42:23,a2ba60083efa0a31962ba4555f39ad7eff8910ce07cd6bedf0a72523a2d55f36
Data/FITS/fit_6c3f2520a4fb_K40.qs2,243700,2026-07-09 20:37:48,068ee982ae77e02c2514179a20ad161199e5d16f5b294e0653bf2d86b373b779
Data/FITS/fit_6c5b85427696_K8.qs2,131504,2026-07-08 22:18:34,5131f4f438331260942f8d1ad04745612467a03815b4a98d8b372fa082a76826
Data/FITS/fit_6c701eb0ac5a_K80.qs2,410460,2026-07-09 20:30:45,a1d7ee48daa460fdc77ad9b88cdb7f66782b695daa1341323c0d69f7aa43b7f2
Data/FITS/fit_6c790e59179f_K11.qs2,1477758,2026-07-07 16:28:06,28898390101e039c36389bbb2f3ef31f753f2e1bf3b450408b537b752ea04a07
Data/FITS/fit_6c855397bf38_K3.qs2,1020957,2026-07-07 18:06:19,b9bb32207e5c7aa8e09589bc66307473ebe5abf341c436b7da606f521cb28dc7
Data/FITS/fit_6ca8f4ea1d92_K90.qs2,2975906,2026-07-09 09:35:59,e597ddb44fbc14face8d3a94271203c1ce2c4e43d9c09aa0ac1114eca73b805e
Data/FITS/fit_6cc892057970_K40.qs2,180788,2026-07-11 00:53:43,78bed36f8401eb2a377b70a50ca3f1f94fe3afdb790bf4d899aa9a8f57f53a3c
Data/FITS/fit_6cd725c60747_K5.qs2,2400361,2026-07-08 15:57:06,deb2a6abd23a6964379daccf3c2d032cf11685dfdc81210c093ade320321583a
Data/FITS/fit_6cf6112d4e99_K40.qs2,602111,2026-07-07 22:38:06,0f4b2eec11a97428dd3b316ac42d3d3633e68a08eef03d3e65be80c8b7a24e3e
Data/FITS/fit_6d058b56a027_K35.qs2,177676,2026-09-01 22:26:33,a42fe2f82b4ea6b2fec429095e1c96c36742b6889e1f2f7afa404f4ef5214ffa
Data/FITS/fit_6d155c538284_K40.qs2,182590,2026-07-10 14:52:42,6d1532e18829b2c6ef086aaa4ab72210a5fd40659d2673b3a53e9a8a7c7b09eb
Data/FITS/fit_6d50fff16027_K80.qs2,291742,2026-07-11 13:00:09,d74b5f95e9716da8308362145e293d90c802e2dd74a9d7782bb1acec03315d44
Data/FITS/fit_6d56227b20cb_K100.qs2,485861,2026-07-09 20:26:23,8b5642f070f7abb1eda82d64c1c2116e47588b40f2725d1fac62770f77266159
Data/FITS/fit_6d710fe2a5bc_K10.qs2,2877048,2026-07-08 15:51:35,845cd1656f2dd2829ebf607f5ce8b032bc497568c3274bca9c52f3c4ed4304a0
Data/FITS/fit_6d8918542502_K120.qs2,562718,2026-07-09 20:23:36,5a489ab021173a4ca0a01b6c3438d514247014f9207d8f22342e81ef877d3428
Data/FITS/fit_6d9fdb795698_K10.qs2,79397,2026-07-11 07:03:06,f8b8a6bdaccd6043834d89b37452d1d78de9e020cb9457fe71abddc4f920611c
Data/FITS/fit_6dae21b5f35a_K10.qs2,80351,2026-07-11 13:12:54,8528384df1ca04be19e2fdc59415a7daf7fb02f3351ea7e08b7ea47c5e48a60e
Data/FITS/fit_6e002c92e96f_K60.qs2,239119,2026-07-10 14:50:30,0f1ee2a36294078a0501714548f8272d2fe954dd53edf6311611449fe6d40ed0
Data/FITS/fit_6e077419bfb0_K10.qs2,126920,2026-07-10 16:56:03,4525635e2d67a948c1310b27fc29578fbf63140a14c8b44efce935fb62df129c
Data/FITS/fit_6e1de1f564d8_K10.qs2,544624,2026-07-08 10:22:18,bb4781987b6967046f0f9bdef911ab4344200dbdc82ba21127ead00c4a073c56
Data/FITS/fit_6e27a0f6a29f_K5.qs2,1158424,2026-07-07 18:06:35,98710d2c70a08203459f9fba37bb11c97dbb5f217035a902c552b5ee8a90f27e
Data/FITS/fit_6e2bc356de9e_K3.qs2,7184,2026-07-08 09:15:35,529edaa8880f688a971136a2e5986c77725886216d4e5dad064132282fbcc3ed
Data/FITS/fit_6e48d0b49378_K5.qs2,64963,2026-07-09 20:44:03,56a079204bd7dcbbf4547758163d006375d42e3c9c1976789800ec63a4b83aab
Data/FITS/fit_6e761b89cf5e_K40.qs2,187814,2026-09-01 22:26:12,97e813c91abdf06b6a7b6b25779d282f84a7dee392e2cbfb145ecfdafa7f2b95
Data/FITS/fit_6e7a221877d8_K10.qs2,559965,2026-07-09 11:05:04,686d8595df5f9d2a86c16e80fb8f988e116a9b4aa85f043fb5a985e48e90b3cd
Data/FITS/fit_6e91bb7dd1e5_K3.qs2,24176,2026-07-07 21:31:23,09c7b45b2a528fa3d51c7561b79819d8e10101ed5e5a2846d7ee3f6b74b40746
Data/FITS/fit_6e94e3546119_K60.qs2,236242,2026-09-01 10:09:56,1b4211707a7cfa0f41d6f0217d0c46206ef0a2d46895b80e58657e3b341eb718
Data/FITS/fit_6ea07bfc0cc4_K60.qs2,2124126,2026-07-09 10:07:43,e468786ad9a4ec755bdbfe960f4fe635e733ca4994afed3598a2700d09a0212a
Data/FITS/fit_6eacf2969af3_K20.qs2,123935,2026-09-01 22:27:26,b26e01f2743998e117983f4f3b1192f2a7ce05be8c81ac550865f54f6495fae9
Data/FITS/fit_6ed208bffac8_K6.qs2,113752,2026-07-08 22:18:36,6dc87016c9dfa11449a00f46862ce5885a5c67cc5939f3ce50826456cae0bc52
Data/FITS/fit_6ed8ef3aec2d_K15.qs2,190227,2026-07-07 22:48:36,3af39e5fef2852b7a78602b0af311cdf4d4696fb65fc50563c31e4a9fe3a2364
Data/FITS/fit_6f0467fd265a_K80.qs2,412025,2026-07-09 20:31:17,1286f3de0921c7028654f4112d37f807f46ce0c550ac276b0588bc1064d255c7
Data/FITS/fit_6f20e8ae0393_K70.qs2,369240,2026-07-09 20:32:24,b62223498486b1b66d669eaf774fd32585cd6794fb51d39b4c179dacc1c9d920
Data/FITS/fit_6f306e7ba8c3_K10.qs2,1339671,2026-07-07 17:19:36,42ee2513eca01809f1a9d5d18b8f2916b748f2eb6afd36999690c4cc3de42f52
Data/FITS/fit_6f37e546992c_K10.qs2,82008,2026-07-11 03:40:45,c9b8da10fe2334b68ecb9f557b828f2d00636ce965f24f93513d969ebbe13265
Data/FITS/fit_6f68ae9cc381_K60.qs2,237900,2026-07-10 14:51:03,85328c53e0db3a77b8bb2588543fa23e9e2f55524f319effc7dccb5fbcc74872
Data/FITS/fit_6f92beac8464_K120.qs2,563888,2026-07-09 20:24:04,0c2fee9d8a53a1767e73a79db8099ee9ac66adb2caad03038eea2e4a724453db
Data/FITS/fit_6fbd2b683f11_K60.qs2,237474,2026-07-10 16:51:26,df093b1b7ba4124e5c5ad966f9f022cc974a94da6844e682f821587da1ea8d3b
Data/FITS/fit_6feb07a28de0_K20.qs2,390886,2026-07-07 22:41:15,140f0104e2b9dc3ed69c2ebb784042d4df0daab1d038d0e4b8cc48879fb9d9d2
Data/FITS/fit_6feee9326905_K40.qs2,215087,2026-07-11 07:45:31,9d8651633e17945006ba4c1fa5b89fba40642ff632152fe84b6c5b5e3352e6a4
Data/FITS/fit_6ff7d501a62b_K60.qs2,378906,2026-07-10 16:51:05,4ca68d2efcbd98571e3e7f9a4f8e7b314a6b3e842cf5b0bb7b329a199cd2bde5
Data/FITS/fit_700956f9cbba_K150.qs2,4417035,2026-07-09 08:35:25,9cbfc968e58150b8f81f8f93349b93a685b942c63d97dd270817638bbfa1fa0c
Data/FITS/fit_702a6ed66770_K60.qs2,7521945,2026-07-08 14:49:36,145f2a65d9056c21a50a4647f2e99905771d688ae9daea3371cb32c5775efde4
Data/FITS/fit_702bc8447ac5_K4.qs2,10382,2026-07-09 07:13:21,2adf1f0b6b54f97d00b411a7b8edf947d2321097a0c0e1a35471d5d7d93f52ff
Data/FITS/fit_702efb82fe08_K100.qs2,513402,2026-07-10 16:46:54,fbe42ec5c0ae2b51ab21a74d6e685ab78693faa33e4b6ca651b7af199e32f8e2
Data/FITS/fit_7047f1909c06_K80.qs2,287786,2026-09-01 10:10:00,252e59e2ce631a4ff8c478dc5b4461a895aa719e175eabaa9ad1eae8d6db64c3
Data/FITS/fit_704e19fd3482_K170.qs2,4771247,2026-07-09 08:16:31,646b6a4f880f4af7ee979ed83f5b774699792670fe6c9acda7ecc524283694c1
Data/FITS/fit_70576fbf3551_K8.qs2,131992,2026-07-08 22:18:32,5b780f0f4c06fb15af4c0e09bc3c1bfa27832e2f048562d35c495b944b5750b3
Data/FITS/fit_70734a42c32e_K170.qs2,4821420,2026-07-09 08:11:08,9d16737066a067fbf02ac3259ab9eb33cc2b794027044e18749f0d66b915e0bd
Data/FITS/fit_709a59353898_K60.qs2,325211,2026-07-09 20:33:25,fbe7fac7f78b477a029b1bb6ff094b25485d01e9fe5929a09a7899eac76c0052
Data/FITS/fit_70a6d481584d_K90.qs2,478030,2026-07-10 16:47:59,008722b84a0ef04e7810c89004f4e13d8665efc09c1176a5d24af73b5f7a8b18
Data/FITS/fit_70db95f86167_K10.qs2,80788,2026-07-11 13:12:33,e42d52aa8b3133cbb12777505a19ab09f255823b382ba0e1c5e97f25b9414dfa
Data/FITS/fit_70e1f068bb3c_K70.qs2,413435,2026-07-10 16:50:04,02396d365e6330f2e16d33d692319bf39059beefac3cfe1afc1a9886249bab32
Data/FITS/fit_711d42783f62_K16.qs2,194873,2026-07-08 22:18:05,3a76f2b44f51edbd3b73a18928f4c28306c4fd35687d470eecb5d54e38ae8237
Data/FITS/fit_7126e603e4b2_K30.qs2,156466,2026-09-01 22:26:49,da50d4c4c5bb704dc6c877a7aaf229b4d489f3e2c15443d3c59e570f6e815624
Data/FITS/fit_7141cca2c229_K5.qs2,1165555,2026-07-07 16:53:08,acab3206d86be81c5f7357c74d1bf74d7f45d29221e2bd83dfa2021fdb6812a1
Data/FITS/fit_71632f6836e8_K70.qs2,2406598,2026-07-09 09:59:17,f7c2281eb000d8b307852a9c4cb228a4971f126e42703d18028c248f1d82ac48
Data/FITS/fit_71723930895e_K30.qs2,1186568,2026-07-08 09:47:33,95918a2268bf8d41191e12b9ac2224d82a933891d795f1d1d364bbfd180b35e3
Data/FITS/fit_71b7a4ee5a09_K10.qs2,75142,2026-07-11 01:14:45,df7a85d23c702c9e837e4178766bad725c5d45e8489e9783910293b00add8d74
Data/FITS/fit_71beed43d5bc_K2.qs2,914029,2026-07-07 16:20:45,d98b980d11a1039fb536dd8d7e2e0ddbb78648ef36d40ed9a82cb83c120eb988
Data/FITS/fit_71c2be8dc613_K20.qs2,122462,2026-07-10 14:54:57,494a9a52bfd543ea4d6cfd68bcbb55f11506d5299f1f177d87032c77c5e007f9
Data/FITS/fit_71da431543aa_K85.qs2,5829653,2026-09-02 02:34:00,9c0e3c8030943bc18e632b5c83d59f9d6994d9e0c94243556f78656c04c3f0e2
Data/FITS/fit_720298c7baa1_K20.qs2,20013,2026-07-09 07:13:14,1b1154514714a3a375024b31324898327849e1c0a1bfbc22474457bed2a275a9
Data/FITS/fit_7208372f0d67_K50.qs2,216316,2026-09-01 22:25:31,84119232088b662f7134824721e541f043b6629b940278e7cda9e24cb8dad55b
Data/FITS/fit_723fc34630c4_K150.qs2,667278,2026-07-09 20:18:51,f3987e15308090953bb2b6b6d57a8795844881ea6a6aa192f13d8e2c77fb858e
Data/FITS/fit_72670001fae4_K14.qs2,113999,2026-07-08 09:17:27,b3385fd3155311b63a1ebb5ba367e4cfba439355da8552d0bc7daa859814857e
Data/FITS/fit_7281794bfc54_K30.qs2,201894,2026-07-07 22:53:48,c035a4c2d7ba8c05d6bd70f497f3de287b4e08d9fc3fc3c7d1b214c6d94cadb7
Data/FITS/fit_728cd05a0ff8_K30.qs2,153515,2026-07-10 14:53:25,8113cb83af12ed0d4d2c2c348c494d5bed39001c11652f6aa2ae4a1bc33a2c20
Data/FITS/fit_72afbc161154_K8.qs2,71902,2026-07-11 12:51:04,5d42882b96dd5fbd57d5cc658139448cc05e3f664b8465ef5e60cd48fa82efe8
Data/FITS/fit_72da52ea4379_K6.qs2,9855,2026-07-08 09:15:58,b08b5a01d20c41e88d3a2a6313ef3e0aefb03bbc65fe23a27e9d2d71ba62697c
Data/FITS/fit_72fceeeb5158_K5.qs2,337639,2026-07-09 11:04:48,1df281ed891d53ec951827367074a71f70361c85bca133d2f8f23f7501cd6e14
Data/FITS/fit_72fd2abfc422_K23.qs2,230815,2026-07-07 21:51:31,4ca56508f5d4310ca85c7623eb341965fefcb35bce85f3e05ee9149b8910d106
Data/FITS/fit_7303bc56722a_K80.qs2,286491,2026-09-01 11:06:38,faaeae5c10579b0ba81797aa44201186e55f6d6eb76ad707ce05a97fbbf04e07
Data/FITS/fit_730dc010b936_K50.qs2,335619,2026-07-10 16:51:42,e3ef5b000483a99911537f0f2420bf21aa68a8a21ca109c6e1b43e9c8295ca5d
Data/FITS/fit_7313b023613b_K100.qs2,487476,2026-07-09 20:27:16,70ca1fde86bd7915e0f0d057597239832dacd7b381a6abcb5f3c16c74622a8bb
Data/FITS/fit_731412eb2688_K10.qs2,150760,2026-07-07 22:48:45,5e51f22e8c17b251078fc9e328a78dfe62bba01e54e610cc19565767faf48993
Data/FITS/fit_731bc77d7e12_K55.qs2,730005,2026-07-07 22:24:51,51231b3f6bc7b710f82c8c7532888c2689bf3b043b45d3608ebb84df26eceac2
Data/FITS/fit_731f921ffbe1_K150.qs2,4367096,2026-07-09 08:35:35,0f8bb6d011e800fbef571bf5b56a61a5e12dfbd11f0f0c4bc08b3b54edb1cf32
Data/FITS/fit_732819a2e2fa_K40.qs2,215255,2026-07-11 07:53:14,02953e8a1a3aa3a0fdaf86e6680c3d869297a60af64a311ff201a0a813d137f4
Data/FITS/fit_733180b4ff33_K6.qs2,36068,2026-07-07 15:19:09,f60527fc7264a22b76822e965356edda20a9c7f37c8d831a8297104b298bf2ec
Data/FITS/fit_73501ceafb08_K190.qs2,781249,2026-07-09 20:11:16,e6071eadb0a3a7cd1bf9e2478764efc5a3335e46b412d60adaaa17fa0efa3549
Data/FITS/fit_7352bbab5b34_K190.qs2,5172330,2026-07-09 07:40:59,f18ed604662159f5ba03a44cdf5a6b0d8ece26f3f6445e4ad591806f74d55107
Data/FITS/fit_73807297e573_K190.qs2,777013,2026-07-09 20:12:20,ea0440a98df9d6811207c23f897c777075e9e1437335bce918ac8845c199d987
Data/FITS/fit_738c03b57e51_K10.qs2,541105,2026-07-08 10:21:57,169fbb6c18cc1d7c695af6784d7eb253c01616f47eb949a26643f305dbe17b2a
Data/FITS/fit_73e90cbdd0d7_K20.qs2,197321,2026-07-10 16:55:16,05f935ba4a7df03e8743dc5e70ee9a15309d7db68fbaaa241cf929f7a2d8031d
Data/FITS/fit_73f9fb2f1ffa_K120.qs2,386873,2026-07-13 12:24:13,7d3ec70b214df63ec137151c269d0ea3ebad4bbe7fab5a1814ab3f5e5b1bcfb4
Data/FITS/fit_740150b38067_K60.qs2,326185,2026-07-09 20:33:58,4f58b35dea173a10b06a5d72b23c85c57aa21fd85844bcd6a608cf6b4c1c6b8a
Data/FITS/fit_740dec53ee93_K2.qs2,20958,2026-07-07 15:18:46,e56d9859b7030e020d9cc855036be4456e1b7f1cf9d1e2b44e12bf131a879125
Data/FITS/fit_742493bfef60_K5.qs2,338480,2026-07-09 11:05:12,74922b9dfd985c6629b10030e4b7acc23759b4860397167a9c4226bd711db83b
Data/FITS/fit_7438c1393ab4_K11.qs2,1465726,2026-07-07 16:24:37,e94379d5de53e9f61fc3781cffb565d288b3c93b27a2a756029f72897e9dbdff
Data/FITS/fit_7438e53ff958_K30.qs2,203662,2026-07-09 20:38:56,ed89af26f8f061b4fc851beade120fab1657d9739fd101c88865679e7460ce75
Data/FITS/fit_7452aaba6ca1_K100.qs2,339297,2026-07-10 14:47:41,79d5f9667c8072e5779bc495ac0ff1a77892d6da77d54434426f61c62542938d
Data/FITS/fit_745637e81e6b_K80.qs2,2704817,2026-07-09 09:51:54,0e239158f0463a0fb6249b6e769ca1148e720c356ce246727e35ed30cd4c2cab
Data/FITS/fit_748a60511d57_K25.qs2,139999,2026-09-01 09:43:53,da5cde711f6d72be534eecdc30e1e726c9096607e97e35a2281c6980a5680c26
Data/FITS/fit_74c86f667e5b_K16.qs2,23580,2026-07-09 07:09:15,2207151e78c11c4b987f44f51ad8eb0e4f488bb2352c40fcf67a1ac267befefa
Data/FITS/fit_74cfacaaf5fe_K200.qs2,816417,2026-07-09 20:08:57,f52272e0b3528695c77c67777e46345d7c09805d365e864a26aef25ea99442fa
Data/FITS/fit_74db88a64037_K40.qs2,180708,2026-07-11 00:33:10,d55083bc4120a5f4c3508fb138fec410470c07a9db6cceb264e995e84b099e5d
Data/FITS/fit_74fbbfe17f83_K180.qs2,4967745,2026-07-09 08:06:16,bc37b9837fa119925754ebbc497001c572ee45e6e1d07871c7cf03eb6454b5ca
Data/FITS/fit_7508e06fb215_K60.qs2,242300,2026-07-11 13:02:18,5d272abbea76bfc4c7112ad1802bcb4cfa9a95bd3566b61e1c3690dbaae0b0f7
Data/FITS/fit_75346a5a5b05_K10.qs2,75744,2026-07-11 01:34:53,09ccc250ee2e23cd521aac60bb48d5e1ead13b7dd847099c6ed14c770127a645
Data/FITS/fit_7544406eb612_K17.qs2,107250,2026-07-11 12:50:51,0cfb789d113d41b00b4cb3bf2894c256c2a2c1c67f8ec95bebc9f9679c0b72a5
Data/FITS/fit_7567ce5fd7a9_K150.qs2,670944,2026-07-09 20:18:25,b1b25d614c83f6e5fb623f103da85d897c9ea5f880553e0afb2c9910d31e4383
Data/FITS/fit_75a17cdcffbb_K60.qs2,242345,2026-07-11 13:02:50,bb279528d2c6c89c998ff656ab5f4e50143fb108c29c23b2ab0589148d4d6b6c
Data/FITS/fit_75bd25bc73f6_K5.qs2,64569,2026-07-11 22:32:03,8dfa901f27e71f4b3525a8204775ccd4ac45f2cf422a5ef1a9bf2021024e8903
Data/FITS/fit_75bd3e014aeb_K50.qs2,340981,2026-07-10 16:51:53,f267e37350250a1dea87fcda2dcb4e7305917813d4a3319030200acca433125e
Data/FITS/fit_75bef3adffcc_K6.qs2,9713,2026-07-08 09:15:35,091d50a1aed676db3c570b3855f3f84f60018194b11caeea4cb482d8b5e183cd
Data/FITS/fit_75ce74448583_K8.qs2,14003,2026-07-09 07:13:20,ce79029792cbd3eb2d28e62d5fe9e9d54d6b1132de09955e42b4020cd49cb385
Data/FITS/fit_75cf6a243c94_K6.qs2,33633,2026-07-07 21:31:47,ba83689c274008f37df7eba569f4bb1cab219be2fdb4f8a43d4bb5f89bea6773
Data/FITS/fit_75e2bf831e7f_K10.qs2,83950,2026-07-11 08:54:41,d0deab4b85e5c2998170c20c8087e4022021c467b6725720ec34c46334f35bb1
Data/FITS/fit_75ef605633c8_K2.qs2,7894,2026-07-09 07:09:24,02e0fbc2224e7b4edb8e550271f2c2fa1e93a481dd5d726c6b6c9b869132e07b
Data/FITS/fit_76059189a6e7_K9.qs2,1339512,2026-07-07 16:29:14,04576d38b18c2fc4e18db2fd510f51ea6224d4ac787eef652436a6b99bf900e8
Data/FITS/fit_7625b9f04e64_K50.qs2,208452,2026-07-10 16:52:30,9a1deb1dd46fd32483b29993d0d57eaba554acd737814f3e86e081616d061c01
Data/FITS/fit_76427ae6b69c_K50.qs2,276209,2026-07-09 20:36:24,a0224a52caf9693568752b74eec329fa042c783dab540cc18814d191548a61c2
Data/FITS/fit_7654f508acd7_K10.qs2,561181,2026-07-09 10:52:30,3406f2d611e59efdce2d37f2f2a40eeb47c38fa1399548f3928edb1bcb04cfb9
Data/FITS/fit_765b47eba294_K160.qs2,4557232,2026-07-09 08:21:33,64f530374396c24b74207641fa54abe026b404632388934bb8874c634e8d448e
Data/FITS/fit_76643ad7dfdc_K15.qs2,762398,2026-07-09 10:49:58,db2a4af0eb1e61349e44617a685c090aee1df3d9608b5915dd55264caba91121
Data/FITS/fit_766ba3a93e3b_K70.qs2,267025,2026-07-10 14:50:30,ae6fc520e5c3446f813bee19f7e44a7fae193f1c1fb1049af5d8ee7a18f0c718
Data/FITS/fit_76835318d7d7_K10.qs2,83046,2026-07-11 03:10:24,824fab56c4d332db123a45b7c590f8e227e7ea24aacc8294767947ab7d0f84c5
Data/FITS/fit_768bac673291_K20.qs2,191632,2026-07-07 22:48:03,d2f32cdcf640926f77d32059f707554d236f733966a8277597f73f16b82196a8
Data/FITS/fit_768ed76d4783_K20.qs2,197217,2026-07-10 16:55:08,7843ba16a2e54953003c0cf55a2f8f0a1272c930499271bce51c910b223fa66a
Data/FITS/fit_76a686059af0_K8.qs2,819807,2026-07-08 12:43:36,ecc0ee60b3097b43c53c6400202c4719d06da388e11251a574867271e0a12958
Data/FITS/fit_76acc6efc4bc_K10.qs2,1427756,2026-07-07 16:27:26,703492c0476fd3ace04eacad2130e170e7acc0dd28dd5400c0d2f40748b25932
Data/FITS/fit_76bea5ff2393_K3.qs2,24566,2026-07-07 21:31:45,48b117e3eec71b6ff6db0af1c38abc37ce3dbe2d8e440c9011977d54f42fb0af
Data/FITS/fit_76cf0e348867_K3.qs2,57464,2026-07-11 22:32:04,9a9479384aab1e25ff33ec7a10380c80ef014fbf7ce79b22a7d2417140f0570e
Data/FITS/fit_76cfab2b7240_K200.qs2,5365234,2026-07-09 07:40:34,a973996bd3dbeb4c72c33ddfb4ddbdd1c51d949fff94c62b32464017c4fc161f
Data/FITS/fit_76d311e4adac_K180.qs2,5015372,2026-07-09 08:01:00,f94b3929875e36e5fbc2610fab6d2a929950f65c0edffba494f34352574b8024
Data/FITS/fit_76f016c829ec_K10.qs2,83546,2026-07-11 08:21:27,4f274a3d3fab0ad39f7daa7f8219e815afad99423986ab32c7cb1979f75cec04
Data/FITS/fit_771a80e01921_K20.qs2,125652,2026-09-01 22:27:28,d7e1631ffbb9b967017bec07a6f8fa809d132948be86d684e5d0d3c5f80d9e71
Data/FITS/fit_772b883c431e_K20.qs2,229069,2026-07-07 22:50:51,b688e51f8b87e41641469fed30b3b1591729696d5b06da09078542f728646d4e
Data/FITS/fit_77400fb87079_K5.qs2,330245,2026-07-08 10:23:53,31325907bb44ed27b2f25fa2081b5f98f46f9d5ecb133de15cc485a22c833887
Data/FITS/fit_7750dff7467a_K14.qs2,1585123,2026-07-07 16:23:53,ca1e0a9d84efe44b06b94343b98d4424996d5fa8b11984b0354c616e8588da2f
Data/FITS/fit_775fbd93d4c9_K170.qs2,727817,2026-07-09 20:15:39,df265e469cff1c9289a551ca89653f1959facc5ac90f444c28e6dadf813d4457
Data/FITS/fit_7760ead7d34e_K10.qs2,81220,2026-07-10 23:55:33,07baf38fcdadb14c560b74dd4af52b1aaa31f785d8d0f725bfddbddab06f9e01
Data/FITS/fit_77627a68a2ce_K160.qs2,698504,2026-07-09 20:16:18,c797026095aef58a27d652d4bf62b2dd4225c60e2119db8171d564f5e60e477f
Data/FITS/fit_777af875911f_K20.qs2,123151,2026-07-11 13:09:55,570c350a75bacbb8af231af0546867534bb1188a8f647a099486fb8d3cefcfeb
Data/FITS/fit_7789f8d4db6c_K70.qs2,421191,2026-07-10 16:49:37,1da3fc8e5cb3502716870af7e085d9dd0f8a3d89c20d30727c929de2f603836d
Data/FITS/fit_7798c54fc491_K150.qs2,662755,2026-07-09 20:17:57,906d8356038f60f33e78bbc898dce7c1c8abe1981fc5b2f388c091cf793a7cd9
Data/FITS/fit_77abb18d674d_K160.qs2,699527,2026-07-09 20:16:45,1e6bfc9fb2474ff11763b266c78df96330248640f4c54cea42a6bcf8b841a710
Data/FITS/fit_77ac4cc0663a_K10.qs2,97341,2026-07-08 09:17:25,9e3ed7a300598f58b5d9c2a8cc23837b9dd958e2d22a3c86f8e1ab4c5aa3536d
Data/FITS/fit_77b15aa09432_K20.qs2,122355,2026-07-10 14:54:25,910cb90c59da36d09a7cfc72d676e9f13f8479144e43e7a2cef66e671c52b79c
Data/FITS/fit_77c59c4017b6_K80.qs2,2705391,2026-07-09 09:47:55,c4579cc1b5eeabf663e4adab7e84e8b53aa99cd4a8c7b6d4e4bf3a2d39771fd6
Data/FITS/fit_77d5a5fb3ee9_K190.qs2,781154,2026-07-09 20:11:14,708ce0ea2438949d15132ada08e28cca7b85010189dfc223ab2ff414e1bca9f6
Data/FITS/fit_77efeb26fd1d_K8.qs2,1312274,2026-07-07 18:08:36,210a7a7e63ab068501bc16f5a6d430b7757374a04d85055e88774c1eac67038d
Data/FITS/fit_78099715fd30_K100.qs2,343835,2026-07-10 16:47:08,2a6ca7334b011b87630acf1fbc2507c8bfb9805deec6660a73ac4df02741d525
Data/FITS/fit_782f48d7be7d_K15.qs2,192541,2026-07-07 22:47:46,53489f3243dff03eb9ad9daf741bf9936ac8d3288f750ce302bf3e4bdf72f6a4
Data/FITS/fit_7873eeeae2f0_K20.qs2,117687,2026-09-01 10:22:01,12e90f5d8e75193c8da8eb4f485722315b4460cb3ffcbe6b02728a56caf9b828
Data/FITS/fit_7884e35556c8_K12.qs2,15422,2026-07-09 07:00:42,d014bb17e4942eb71f07f328fffc3ff46a31f84ad791d997c76268278771b4a1
Data/FITS/fit_7897b07cd731_K40.qs2,180054,2026-07-11 03:13:58,477ec164906102f73afdeb424c270fd49bc145a83e1d4082dd9b0db47f19d5d2
Data/FITS/fit_78a5dcc346f1_K5.qs2,1165162,2026-07-07 15:24:24,12df28ca723b8d5e78b0ffd19196b012390b117f4bb7c9e5186e3163493fdb38
Data/FITS/fit_78b8b06c6981_K40.qs2,297075,2026-07-10 16:53:20,ee360e52719e3bd9029ca56f21281b48fe273545b7d299dd565777438f2d79f2
Data/FITS/fit_78b9a497327a_K15.qs2,3308307,2026-07-08 15:44:05,575b1acbf0920f8486a9686f3ed97ba0e8101dbaada58522c3772e44ba13bb22
Data/FITS/fit_78bbc5dc34e4_K6.qs2,1213782,2026-07-07 16:24:16,b6b1a51b7d3c07517a6b6c94cba99c75ecf95ef3234f2420648fa616b33db9e0
Data/FITS/fit_78be87accead_K40.qs2,176490,2026-07-11 04:30:30,c08556b31e14eab4f89d799fae2ef6b64f8b41247443959956b27b6cb5860c04
Data/FITS/fit_78e0dda65b95_K11.qs2,1645988,2026-07-07 15:32:17,711943e755166957794fa95265da38cc8ed6cf0c89c8e49ba4156e49a46a3389
Data/FITS/fit_78e374377e19_K10.qs2,80189,2026-07-11 13:12:41,2ebc99e536d4bb858ca332d475cd16aefe2aeb034690522ac580673a8094296e
Data/FITS/fit_78ec63b06488_K10.qs2,85257,2026-07-11 04:40:29,b5a6c7712e9cf0032c26883f7c37139ae0b30ade364a2705f604f2eb8d114c0a
Data/FITS/fit_78f49f81b437_K80.qs2,456775,2026-07-10 16:48:51,7519cf2d1467d61ee65b70827538414e508c15531ab0352e6545d8d04e0b2053
Data/FITS/fit_7903f1c652ea_K90.qs2,449027,2026-07-09 20:28:37,01a1c9e7830f95f63c7387d10c7c3759de43da9ea0dd0a073d42d01cfb404608
Data/FITS/fit_7907582de3f9_K50.qs2,281280,2026-07-09 20:35:47,7a37f3be02e181dd2e65505caf2bc68c44950921bd91acfa6606047bbd501197
Data/FITS/fit_790f71990cd0_K10.qs2,83611,2026-07-14 16:59:18,02c8cd3745ca156a814beb012fe6f69b5dee1258c50659d45d939bd13d11090e
Data/FITS/fit_7910eb098110_K25.qs2,77581,2026-07-07 21:59:47,18882acb3d42192d4a2b31d8d69011a281b6d39f6f3de99526fd607ce0ae37ff
Data/FITS/fit_79710af6b8fd_K5.qs2,32244,2026-07-07 15:18:48,c8058d4f84f0339da5aba4d759321d4332d0f8505df3305c4a07f5aa7d359a2a
Data/FITS/fit_79756085a495_K30.qs2,203011,2026-07-09 20:39:28,a8a737fa709b3daedaa0ad3f53691ddc33d622b4c8df06ddffd3cfcb26dd9389
Data/FITS/fit_797d2e7dadf5_K40.qs2,194423,2026-07-11 08:59:01,9953f6cb99f52ac89d0068acaae6c9b37825cec5710bff70a32e621a2a7c83e2
Data/FITS/fit_797f25b7d172_K40.qs2,179506,2026-07-11 03:10:30,9db5325f2be8a4e7fd91196d32f57f29db7fa332ccdc83f20ac83fa48b9e73fa
Data/FITS/fit_799aaeb40a1f_K60.qs2,324303,2026-07-09 20:33:23,8e3489aa622158dfad8aa87ae82a6f730be62a179a2de2b8d2857df6d5873f1c
Data/FITS/fit_79b801432d3d_K100.qs2,512381,2026-07-10 16:46:56,770cb41a3b66ea759d69c2beca63d7fb0847fe42e779c59775e46534aef69f57
Data/FITS/fit_79f75c93ee81_K90.qs2,316518,2026-07-10 14:48:47,d067cca138e9c1baca5b0d24abf4ae47a92c2a3edf7851186b8378f29cb419e5
Data/FITS/fit_7a0b93d86a09_K6.qs2,61018,2026-07-11 12:51:10,ff1b874588eb405e04092a935f387ffb1285e4d95c4a36db053c5ae209348c4d
Data/FITS/fit_7a1fdeca6783_K10.qs2,559691,2026-07-09 11:04:39,7f5498e5c21920509a881244dc5e67160db5d4fe233d48545f4a33a194354f81
Data/FITS/fit_7a2406c063a6_K200.qs2,816740,2026-07-09 20:09:00,5a082444e4665412cbec2b1435b5ad8cd4d71d1ef34948e505892e7f89407a1c
Data/FITS/fit_7a40775f63b3_K50.qs2,339839,2026-07-10 16:51:41,3dbeb027a7a747537a23a60c135b0abc17249f684b720db062cc0df5cc7730f5
Data/FITS/fit_7a6723fe4c1c_K120.qs2,3713961,2026-07-09 09:06:46,d4fa2fc449733c3435fc009e592248baae126411402d9d39eb18b6e91415276a
Data/FITS/fit_7a6feda98c35_K120.qs2,3719065,2026-07-09 09:11:04,0182bbec8051d25bd9eb757c52df809453bd5bd63469b80840b593b3a68415d3
Data/FITS/fit_7a96816139e4_K15.qs2,1662935,2026-07-07 15:43:34,e9e8bbf2f7d0e390d87c01a6f0d2f5a051de72fc43fa73ec43151ad6c046ff00
Data/FITS/fit_7ab701c87f82_K100.qs2,337310,2026-07-11 12:56:14,aa591af4ebc4c38c977468485ba658c5b8eb76b397513d4b569ec1498a23f703
Data/FITS/fit_7acafab7463c_K90.qs2,316822,2026-07-11 12:58:27,4082f2ae8c8bf5fbe8e7956afdc8329e33463dbf6d0eb4d6951be41a77c75cc6
Data/FITS/fit_7adb83e67d84_K2.qs2,50164,2026-07-08 12:33:23,ad83c09d4db15cef92479e20db61768e0b6a5e64eff3071a5692b765dd55014b
Data/FITS/fit_7af0b85af352_K23.qs2,234759,2026-07-07 21:51:15,b1234765a2d5ba8f0d13f0a6a958e9bc041a75d84f04911d074182cee5c53cf1
Data/FITS/fit_7b00403ec730_K110.qs2,6974545,2026-07-14 22:08:45,dc344955e953aec5f537a7285c8a18732048c0e68b9bd6e9aea128ce7540ae69
Data/FITS/fit_7b01949032b8_K170.qs2,726135,2026-07-09 20:15:09,28d4b241b93ce67977d10528025aafaff14df3e59249d1f1785991879a1b1d29
Data/FITS/fit_7b3ba118b469_K15.qs2,3308308,2026-07-08 15:43:54,fff3cbfd6376d910b86d491c24d175e6003cf4aaf36d8e2a0e76ae586a861843
Data/FITS/fit_7b5684cc80ff_K10.qs2,99178,2026-07-09 20:42:05,e46018b0167ea4c19060c6b1a3c8d368b1dc50e0503bc3443ba80ffc552ba712
Data/FITS/fit_7b5b217f7506_K70.qs2,267270,2026-07-11 13:02:11,ecfe2b59448b95586c3a056bd87f5b87b3b79d33042943d89d21aa6e14852d28
Data/FITS/fit_7b9647d6f6a0_K5.qs2,64951,2026-07-09 20:44:13,95401da6d234ac2234c5c720272d0cd023bde20b4a1fbbcd35e9b8ddf0c0d08b
Data/FITS/fit_7bb44daaae2d_K10.qs2,78826,2026-09-01 09:48:20,3eefb2c2bb2ebfc57280b5566e76267fe8fa2a2c1a28c0c2479f5acb17229509
Data/FITS/fit_7bb630284842_K30.qs2,248145,2026-07-10 16:53:56,75524edc05f7294026730164e303b7c994ae9e2d41d1f7e28e68af0b69d05c38
Data/FITS/fit_7bd200877f36_K15.qs2,181935,2026-07-08 22:18:09,d33d140d1a0d2237e3c5d5351e373de429f3495dc08401ac512a9a6674640b4b
Data/FITS/fit_7bf341e857d0_K42.qs2,189703,2026-07-11 12:50:05,e8fa4dc9241a7e1b732223c909c98cc6db9cdb1f4ea8f5fe2594fa4ed670a728
Data/FITS/fit_7c0f6bbeed96_K20.qs2,119720,2026-07-14 16:59:19,27947286ce75ff387009f401a359b58ea5af829294d2e99d160e2e16e11abae1
Data/FITS/fit_7c53f04aa16a_K180.qs2,753186,2026-07-09 20:13:25,64c246dcd5c61a26733da354b3784c5be4cec5af6826fdfa658707264b7202ac
Data/FITS/fit_7c56758bb511_K40.qs2,198440,2026-07-11 09:04:15,4273e281751092ed0400662db7cfbd206dfb500ddee93050c7f377138fc1682b
Data/FITS/fit_7caf52a28ed9_K5.qs2,107468,2026-07-07 22:48:10,284a1db307ca5f806c92ae800767337aea851a3514d90ea29427693a9112e72f
Data/FITS/fit_7cea8637b2b6_K4.qs2,10523,2026-07-09 07:00:46,0bada01ff5d37d0b0c1a1a2c66cbeb654ef886aed209d10c3d96e0a5dc9ea1df
Data/FITS/fit_7cec4ca92381_K11.qs2,927935,2026-07-08 12:43:15,a82a6538136740792a6f16d1071bbc2ac88a8424f081d6ff89d7b54233c52272
Data/FITS/fit_7cfafe4ad189_K70.qs2,266721,2026-07-10 16:50:25,c691915504f5f0f258719416958a261a219000b105f3daa925a8da43a1a87102
Data/FITS/fit_7d165a292e4b_K20.qs2,927268,2026-07-09 10:48:44,447e3834916caaf0ffad31dd74be0442d51c2301358e907d6cc85f9b979e569e
Data/FITS/fit_7d2de9295395_K80.qs2,293332,2026-07-10 16:49:22,6d7aca5f0d2071aaf4821e21975adf5d26db03b89c175b9905c0005cc5c226cb
Data/FITS/fit_7d6341790f53_K16.qs2,18335,2026-07-09 07:09:15,93dbdc1a1d180520c7785116f8697d248da9995d91481898daa7615d8f2aae07
Data/FITS/fit_7d85f79615c7_K10.qs2,92199,2026-09-01 22:28:01,918b0b54a2df4dd60e42d68cbe3eb0a9d8494b625dbd1d92ac1f5dc971aa9c0c
Data/FITS/fit_7dccbfd9825a_K40.qs2,244496,2026-07-09 20:38:16,bf7c2320a866adc47649ba5491f4b63bfbc538612f5c56a6fb3b66711f22f78b
Data/FITS/fit_7e0b71e353c4_K7.qs2,1437307,2026-07-07 15:29:54,9dcaa74ddfb71c98440b2284505128eb7877c04d89159deb291de564cb1da734
Data/FITS/fit_7e13ffe8d18b_K10.qs2,79893,2026-07-11 00:06:03,f5036fe2635917ab94e0eb4543c9286d8582d6bc0afb80cd98c07176b0fb0549
Data/FITS/fit_7e4d97bfec11_K100.qs2,340850,2026-07-10 16:47:21,432e6b1c1b1eb78fc7fd5cf8565e0430f77f1cfe66495009a9112afb13cc9187
Data/FITS/fit_7eabdf98f87e_K70.qs2,2410556,2026-07-09 10:03:25,5a9ce9d9486fc3dcd4d5bab443e22fdd3752c5cbbcb69d4e0bddc60f210988d0
Data/FITS/fit_7eb65521d5f7_K80.qs2,2618797,2026-07-08 09:32:51,f01835d599f8630660725c16ac959049184915483c908e3f37a1a8fdc334b73e
Data/FITS/fit_7ebe3d56b939_K40.qs2,206916,2026-07-11 07:24:05,0b085316f80befb18e67aec2185a84ff27af36a7e322e937adc2a740ba52d3dc
Data/FITS/fit_7ee6d749fb97_K2.qs2,8062,2026-07-09 07:13:22,cd6b9fac395a9385cc435dc804c5a03c7aa1385d2bdc2220f25dfb25421117f5
Data/FITS/fit_7f48e380e30b_K20.qs2,120400,2026-07-10 16:55:39,2ccc74619580c1250019e244aa4efd4d2200aae614d87acc1d34b57ca22f3f91
Data/FITS/fit_7f62a4b90ad9_K30.qs2,249225,2026-07-10 16:54:20,01eac7f14c28e0b410ba7f0427dd0ebb0fc44e9449782b71973404b64f187fed
Data/FITS/fit_7fe293b45c11_K140.qs2,623671,2026-07-09 20:20:27,78d62ec6ca60dbbbd11e5368bc437b64757782b39c9a4271556a8695cfcdef58
Data/FITS/fit_80052bfe5f07_K20.qs2,123583,2026-07-11 13:11:06,fa509ae195d86b6d5c970140d70a943a0813a54afad9a9154591b2a7b9a272a9
Data/FITS/fit_800532b693ef_K5.qs2,329904,2026-07-08 10:23:53,85cf57612a52ed9fc8492178db949d8fea992d811e941dbdfd11b4e3e6b9f214
Data/FITS/fit_800793f49bcd_K20.qs2,122382,2026-07-11 13:10:30,9d975eb836ca3a01760e209f9a123de8014f9093d58ae4813d629c1778941f28
Data/FITS/fit_80091050d3b8_K130.qs2,601975,2026-07-09 20:22:31,2907e85953e0ac12804604c2611c43c854b3c78d136af18563254069ed256669
Data/FITS/fit_80170048540d_K20.qs2,199200,2026-07-10 16:55:26,e52def8c97945ef6bca6197345534b8fd21b2d9da1a756b9945de1bb92371ff2
Data/FITS/fit_80220e5ff083_K15.qs2,731436,2026-07-08 10:19:44,3387ac5cff310ac7d2eec422d73f689a2a52b996159af475ad78b38b032dff59
Data/FITS/fit_8036cb41b387_K100.qs2,3238305,2026-07-09 09:28:06,e7c3110952b02b393c96ef281a01ce05b86295d5e7f750c23191faf2a0a5e3bb
Data/FITS/fit_8052dfcb83be_K4.qs2,31103,2026-07-07 15:19:07,dfa97a6cbd3bdfd044c55c0e2e496b0cc605b5c907fce53825b287e02dd29c8b
Data/FITS/fit_80546e116d4b_K100.qs2,485615,2026-07-09 20:27:43,4666cb0f267ed7b512c9ddbcf1b81340b348a8ec8b011ef2a8f132933dd06911
Data/FITS/fit_805e5e6d85bb_K30.qs2,150649,2026-07-10 16:54:37,6c9d326ed4afa6d8979751ecb7f993ce5658300f9970593e1503f9a5a16c7b0d
Data/FITS/fit_8066d3af7a95_K14.qs2,21491,2026-07-09 07:09:16,43c1dffdb85dd56fbddfb19b71965f48ebb2b28e94188f10e20ad3b7e6d0a380
Data/FITS/fit_8084c8089ba2_K20.qs2,156856,2026-07-09 20:40:55,4906ccec5502c53740559311d53b0f04b883ec193f53644ffc7721d53975d341
Data/FITS/fit_808daaa2af2d_K40.qs2,186063,2026-09-01 22:26:16,27b33f133367e1f032d497671046b173acfbbe45d722f8f0acb0ab3b7a9becbd
Data/FITS/fit_80accc3af74f_K40.qs2,233774,2026-07-07 22:03:29,fa5017c87e9c6f99d0629229d015762b964db37ba49352d23a82dbd85dbb1614
Data/FITS/fit_80ae52fb8595_K10.qs2,1437591,2026-07-07 16:54:34,40ab2e7b391d62b00f82fda6ddee1522e122789fa4e2873ff30d43837b61d78a
Data/FITS/fit_80bc0aa9594c_K10.qs2,79455,2026-09-01 11:30:54,ec92d4bc9632d3c5d1f4cf2fbe5dff068b915d330e03f5d725e7d13314b71914
Data/FITS/fit_80c8c5c59304_K90.qs2,318588,2026-07-11 12:57:51,b28c26db2fa1352e20dddb9fb676ff084670d21a1fe92b4847e6426f907dd429
Data/FITS/fit_80f4409a3e72_K14.qs2,1563258,2026-07-07 16:46:30,097fe29a1c69678e867fd84f52d8a953b45a7fe5058df9e84d1ab4caeb07e303
Data/FITS/fit_80fb197a73cf_K50.qs2,338526,2026-07-10 16:52:16,3d3d454d056fb908aea643d1435735b61b72128c01532ac811ca4d37dc10089e
Data/FITS/fit_80fb811025b2_K30.qs2,249338,2026-07-10 16:54:02,ff39132eb83eeb964e5aa5b8349fa3acedf3a0d0823e2b8eee2eebe73635ba2a
Data/FITS/fit_81250218882d_K10.qs2,83281,2026-07-11 09:51:35,cf2d0baf6b2d74ee3bd927435b5663d2a899493e84de8a526cbdd266a9d2c21d
Data/FITS/fit_8136970ebb58_K6.qs2,33155,2026-07-07 21:31:46,0580cf3270319d729782d36903ae24cfcd3d1da2469c25da0a43bd630b581714
Data/FITS/fit_81450a915b0b_K14.qs2,179371,2026-07-08 22:18:19,0f6b408b10018bee195f208f31cc66360c0152c1f40b0a51fd644ac5acd6760a
Data/FITS/fit_814b02ad4556_K20.qs2,27609,2026-07-09 07:09:12,740349e4b49174052a986274f7d959b71d59ce64b1d12c0b9f3d116793b5761d
Data/FITS/fit_81699f908374_K70.qs2,2413613,2026-07-09 09:59:31,ac918e1f9ec016ed501251d135c78f75faf1c766c4fd5d59d4e73bb850dff2d9
Data/FITS/fit_816d67a5e547_K30.qs2,250214,2026-07-10 16:54:26,8b49a68f47bc1406e8e3b01e249399b90cd792795d88b21f7e107ef1ba80ecb4
Data/FITS/fit_816d8bab4681_K20.qs2,120060,2026-07-10 16:55:28,8bd854827e839b611b506a4c30def8e5561d6fd1dbc81179ac5058059f876a5e
Data/FITS/fit_817eb71910a0_K10.qs2,14298,2026-07-09 07:13:19,fd7aacd7751c2aede676a33dc77b83d8b5230c3e1a6bb6837a782cd703fc6cfc
Data/FITS/fit_81ac363f5fbd_K200.qs2,814618,2026-07-09 20:08:57,5c2c49460f1d692f1ae950b82d7f414227c7aa8ceb3b3e566705a205bd8b9a4e
Data/FITS/fit_81b1156b0d58_K170.qs2,4767026,2026-07-09 08:16:04,3d80ff0b89bbb6e67116a7964e0d88c4d24e55fe20be12bea95d4c3b989a4c4b
Data/FITS/fit_81bac377351f_K3.qs2,7661,2026-07-08 09:15:56,77c6e5ea4830761e90e45270cbc472361ee78fcfc3fee4c3f30040f31891dca9
Data/FITS/fit_81f7e5d95111_K100.qs2,468124,2026-07-10 14:46:07,f17a696cba28099dd14a7d3c9e357780d51df04596483e60a6fafcadbaac412d
Data/FITS/fit_8232cab6262a_K100.qs2,337313,2026-09-01 10:21:39,4433a523e384ab3386c080ee7848b718b8773cf8d4f04665091cfb0063542354
Data/FITS/fit_824173a91a66_K20.qs2,158130,2026-07-09 20:40:54,2f44702569b7355a89eaf2d2be741de95966c81244f35dcb91a6df39bab185cf
Data/FITS/fit_82542d37840b_K190.qs2,5243345,2026-07-09 07:50:58,fc7e51a108e4edf478a6956b71c304a78ee846b3e39d3689fa8bec1f4e45ef57
Data/FITS/fit_8263bc6acba9_K15.qs2,118987,2026-07-08 09:16:56,53e08069b4a4d9674ee3f0b1ec454552a160ce7344add0b7d738e7035b8afa25
Data/FITS/fit_82719220428e_K170.qs2,4771889,2026-07-09 08:06:20,86dd1c6aca28c2a36d45fe1533109df4da78349b20094b1211620c65347ed3dc
Data/FITS/fit_828060d73927_K110.qs2,525324,2026-07-09 20:25:52,ff396e022b86f4671db5b17ace711290ad37fb5e1304da404c2933936e7556e2
Data/FITS/fit_829998644f94_K10.qs2,99832,2026-07-09 20:43:52,2dcd8c7146c30786ea194b4a2843f7ca7881e38f049b1432f29174c0d159218a
Data/FITS/fit_829ff62221ae_K4.qs2,11509,2026-07-09 07:09:23,b13a5d68804e6545cf519ca27cd1d8a7ce20ae13af6208cf9ad9e3c078e6df90
Data/FITS/fit_82bde8901eae_K200.qs2,5363264,2026-07-09 07:30:11,cd72c7e0ef792a85ff40d058bb0a96c3fa7227aba28bb05651818e9eac5646e5
Data/FITS/fit_82eaf83ac24c_K16.qs2,17644,2026-07-09 07:09:16,cbfaedf10835854c6b6f35800c0c3b662f09162a41cfad71f1b649782f4acfa8
Data/FITS/fit_82ec1b2967e8_K40.qs2,5748771,2026-07-08 15:25:40,c4264cffb854a331e531d800e4b172c2fad29156eff02a88122d7bb6cfedaf99
Data/FITS/fit_82f06145839f_K10.qs2,83452,2026-07-11 09:16:32,bf2ae97b9ab3d14594959d6aaf5e0a23e9b13c5a699e6c42a66ae20695719d82
Data/FITS/fit_82fd700af962_K80.qs2,2705046,2026-07-09 09:47:44,dbd826b8b073dd2a58cd1b37828798d65990b83872906429d002c52f49655206
Data/FITS/fit_8303c3d82b6b_K60.qs2,326332,2026-07-09 20:33:28,e0799922a1743eefb28b852da3dd0acb612fb1615fc349a0a3e00c8b5bf29deb
Data/FITS/fit_8305fba51c31_K3.qs2,1198831,2026-07-07 15:22:46,a27fd52ceef6527e5f78d0702489a106d4b4c05b58254d894517c005fd2a0700
Data/FITS/fit_834033602bb9_K4.qs2,8859,2026-07-08 09:15:56,2b5bf0e8a443eac51b74b9893e98b8e95d2949144f42f5dcd4d5f799ddd06bb7
Data/FITS/fit_83553f15bb15_K40.qs2,295260,2026-07-10 16:53:11,8dcef3d87f370ec4caa36270b20ae553f43fa7898d53dda4c4ab97602060dfed
Data/FITS/fit_835b8492d10d_K15.qs2,112339,2026-07-07 22:02:28,513e76c6e77d9b2c060beb4eb10f300603db41b0cb196924794cc1faef75fb93
Data/FITS/fit_8363d45acac3_K150.qs2,662602,2026-07-09 20:19:00,ae23cf5c6ea33bf25897802cac1c5386633d6752800bdd80bf4ebbbccb36014e
Data/FITS/fit_83764c1a45c0_K70.qs2,415947,2026-07-10 16:50:06,9084d17845682fb17302bc0906feba00a4ecde224d149dbdd2c318a99beb993d
Data/FITS/fit_8393a03bc578_K190.qs2,784815,2026-07-09 20:11:48,a491fd1b37e81c2645a2d1b29ae02135bf946f0e9ef754a1ace1ea4a77ed79d8
Data/FITS/fit_83a161b42c58_K60.qs2,238111,2026-07-10 16:51:28,93b7640873771e307d4677f68e80f088882ab5d2b5f6b11b401b33e1853e8f16
Data/FITS/fit_83a6eda0ee2e_K20.qs2,394262,2026-07-07 22:23:46,4b9a1c632fc367b005cfc940a4659598544154a98c58134917cd1ff251cd22a0
Data/FITS/fit_83a89f5b2d6c_K6.qs2,9713,2026-07-08 09:16:06,091d50a1aed676db3c570b3855f3f84f60018194b11caeea4cb482d8b5e183cd
Data/FITS/fit_83aa6c7d1b16_K20.qs2,140984,2026-07-07 21:59:29,6ef99df908a950452d1928445dd4d763cb8146c4d4ee9f8081f54ecf4e4ba5ab
Data/FITS/fit_83b5ab39f2ab_K14.qs2,21673,2026-07-09 07:09:16,dd775efa85d887f9fee0fb3c293744fbdc6b2c7f2457eedb551d13496a5588b1
Data/FITS/fit_83c51f48a929_K80.qs2,2618963,2026-07-08 10:03:10,e473dc8173a7ece301dfc9988a9a424751a240da2896a69146bdc30f9dda2b6d
Data/FITS/fit_83c617507fb2_K20.qs2,399673,2026-07-07 22:38:51,fd7be321cf10ca541c697df52897fbfd800d1d696194546bb64cc2d58bdc4dfc
Data/FITS/fit_83c6b4fddc29_K10.qs2,17130,2026-07-09 07:09:19,acf0bce03846a9138b6b6c6cc12cf5a434be41acac1d3b3eae344d5b54fc5c16
Data/FITS/fit_83e77613472c_K120.qs2,564177,2026-07-09 20:24:28,8e18b732b225b8697b558e7124e4e1d2ea3978351f2fdb4db16d113cb96c1fa6
Data/FITS/fit_8409e274b557_K15.qs2,180383,2026-07-08 22:18:01,94b3b58b2a60fbc1dd3b11e2b6e4bb7869fcf5ca8604ea84ba75c60ecc976524
Data/FITS/fit_841839ae8771_K5.qs2,1164889,2026-07-07 15:25:05,ae321cba99ee4d3526645f5ba002c1f300fc84968b5abd172e9569a5d0ba3323
Data/FITS/fit_842b5bf5fe79_K20.qs2,198083,2026-07-10 16:55:08,3af154445474f05f153e2798199e3d62b9831779f893301a1be12479ae5242ee
Data/FITS/fit_8436dbb04405_K10.qs2,560260,2026-07-09 10:52:48,bc3884ddbebf85a33eb89a10b90a21f8000561ea6d4098de6d8ec632e30454d0
Data/FITS/fit_843d9de2b7ab_K5.qs2,11092,2026-07-09 07:00:45,e05ae1e312170df8a892b6aba8eb797de86c32b83825086f98736423406696ac
Data/FITS/fit_843fe8c5bd6d_K190.qs2,783601,2026-07-09 20:11:12,45a50263c11bce79f87f21dfbd760d56d39eb10889146d85c096a316b6109468
Data/FITS/fit_844b6c3b7def_K100.qs2,336753,2026-09-01 10:32:26,16661466ebf1d73ae7bcf8ca701365639b2ad0e0df313bd7533e1115301cbb23
Data/FITS/fit_8478ab03fdbc_K10.qs2,559119,2026-07-09 10:57:54,d4ba079b39369cc7752cf2b54563bf36a65efe56d23ce23b0126d2bc07c2d269
Data/FITS/fit_848591a31cce_K40.qs2,188435,2026-09-01 22:26:13,de05ae7ed1caa75d58bed07bcdeeb21367f1d3084a54338155f9ce88cdafcd00
Data/FITS/fit_84859e0ef426_K2.qs2,7942,2026-07-09 07:13:22,318ceec70bddba3b7a7a56f29d9da3b7450e9608c914116d431cf7245f8bf7b8
Data/FITS/fit_84b46ceb4af2_K200.qs2,5363001,2026-07-09 07:35:16,28a9c5bcc4c2013b780f23e89001e4186f31353a1bd8eb1f96e1a73eb183f860
Data/FITS/fit_84ca5279674c_K18.qs2,213616,2026-07-08 22:17:42,60048174118ff1cda4a255f9fc1854bf7898b6424805a55fbe344ecb860c2abc
Data/FITS/fit_84f0ac067765_K50.qs2,1824150,2026-07-09 10:22:42,223d4ae6602ddcf93e51f6c7a4882a794d7e0c4d48c6d2ddba35177c10590aea
Data/FITS/fit_85495fb62a93_K40.qs2,196281,2026-07-11 08:42:21,71018178f4650f7018e5affff4fd72f1d2deca0a95b2f82fa5e9ad797cafdf1c
Data/FITS/fit_85512789ae68_K80.qs2,2710187,2026-07-09 09:48:08,c1a8ef72bc4f97d102732d5071731d9a9a4c0f879429de733c2c18531f7aae88
Data/FITS/fit_857edbc55588_K100.qs2,342363,2026-07-10 16:47:17,ee751254068fb32bc2ad8affbafd597abc4b46c98d6e2b57eca0054f1acb73d7
Data/FITS/fit_85864256ef35_K12.qs2,15459,2026-07-09 07:00:42,5a2014bea3e22a1709c32ecab958927ad16ca04e35c73c07a02b66140bc8d8dd
Data/FITS/fit_85a32f5068ba_K4.qs2,47694,2026-07-07 21:59:14,70d2ec8dc8a30677012f0eb9a6ec0a8ee8cfc5ad1690d628cf40faf0309f1d12
Data/FITS/fit_85ada15f6214_K9.qs2,851631,2026-07-08 12:43:55,1255a0df988d2846ee202c5d38bfa63929e01b56d818248d00d0bc09c936808d
Data/FITS/fit_85d4efb48e6f_K100.qs2,513145,2026-07-10 16:46:57,8f652d08f36037e3f541c5744af95ceadd620b4093284fd35996d6499cd937fb
Data/FITS/fit_85def5d3294d_K50.qs2,212205,2026-07-10 14:51:34,1755a407130f8dcd6e2554b0eabe25e5b25fabdad8998774a10d951e4b15fb25
Data/FITS/fit_85eb29cb622e_K40.qs2,195027,2026-07-11 09:42:29,1bd8e4fef270de51ec7906e400ea41bf520ea977f1a17190f1301f27ce5cd0c5
Data/FITS/fit_860598dcc1e2_K3.qs2,25098,2026-07-07 21:31:46,5f764b1be047a7b69935b4fe7af3f4149743b43c6a4f69a23379887921f490ab
Data/FITS/fit_860fac749c64_K40.qs2,177577,2026-07-11 01:11:37,35b400b15307ecf2a00375a48f1f3eda3fc04038eb4a07cc838ffad2cf9317bf
Data/FITS/fit_861a1d0e3ef0_K16.qs2,17695,2026-07-09 07:00:41,fcaf9d7453f3983b2e138a1fa6dc33a349bf5fc782a703f0ccc9ac163b83caa2
Data/FITS/fit_861ac1b8b74a_K40.qs2,245502,2026-07-09 20:37:22,9b08a8b505cc24c494698bdf46bef7ebfa60985df0b43b5c026dee3b8aa29672
Data/FITS/fit_86441e242c91_K15.qs2,1668959,2026-07-07 15:40:39,a34abadca05080695de300e839778734a867ade089d3ebe9b23332a037be086d
Data/FITS/fit_8649c1fcc883_K40.qs2,194659,2026-07-11 08:09:11,eb9f5df48df3b0a5122eecf57c03f82d88f9c136b89ec5a25c2116153e9fe810
Data/FITS/fit_86a15f9da3a4_K10.qs2,79646,2026-07-11 00:40:04,8d49e39915400e0ecb725028bb20dff916eb922e639230b09ac237d78b2fe434
Data/FITS/fit_86a4597521fc_K40.qs2,181330,2026-07-11 00:46:57,6f9534543b02867bbd9981d260331a83e847218801b393573d19a1057fb54bfd
Data/FITS/fit_86b251020232_K90.qs2,319837,2026-07-11 12:57:19,21e6d8bc0515219f74e3cff789de3ee045acfd7beaaadd099c3a20be1c2e8950
Data/FITS/fit_86e01f197cc0_K16.qs2,18114,2026-07-09 07:13:16,4bc81d4fb2e96e059f2c3f1d9df0eb29bf41cca8b88590c217a1c64027891c79
Data/FITS/fit_86e0ec7ece6b_K40.qs2,198657,2026-07-11 06:17:00,fac62cd2fd719d0ed1b7e95d6bf27ed0b244877722438fd661e2e711d59d7746
Data/FITS/fit_86f7e44bd035_K20.qs2,119427,2026-07-10 16:55:36,58033cfa306ff45a8866cd11325f23c60d8d73f9df487aaead9480acd169403d
Data/FITS/fit_8705b6dd60bb_K170.qs2,4802569,2026-07-09 08:10:50,24e0fa27de2c36b238f5635e58dfb49e0c50bd6fbe5bebe752ffccab5d06a4d9
Data/FITS/fit_873a8d381d71_K25.qs2,140260,2026-09-01 22:27:07,356a8f56d020e56a280cfdd69199114549aafcd788ebc432c8af41aa1c2a3258
Data/FITS/fit_874c587eabaf_K20.qs2,27358,2026-07-09 07:09:11,8e847b01a2ade0045fbab4b771853df1bab88c1a5d544cead4f98f8d9878faf7
Data/FITS/fit_874fc9d4ac26_K45.qs2,1621165,2026-07-08 10:16:22,44d4534c931b28a9fdea0d4c266c3af009cc571421f790c2e54717592e3f0612
Data/FITS/fit_876d4d9c14b7_K90.qs2,2987445,2026-07-09 09:43:45,20ee82c189b13458dc490c36c1cf9c6005129d687747b2ed91c3a78fe8026a9c
Data/FITS/fit_8781e36b5ac4_K80.qs2,408371,2026-07-09 20:29:42,95b6b3f66ca57f145892e1bf7bc0e00ba5be82214b97b8784e2d1a0e33d1802a
Data/FITS/fit_8797783859f0_K8.qs2,13622,2026-07-09 07:13:19,0f5590805ba7c4a9dfb59647a1e85fe2524532d32996f3b7409aab96bef2ca15
Data/FITS/fit_879cce99b800_K40.qs2,298199,2026-07-10 16:53:11,33e08e7b8fb1a74a82cfa3445cfc533cc197889e90275312d21aa6dafbe461f2
Data/FITS/fit_87b8d8c49213_K120.qs2,3757686,2026-07-09 09:07:34,551d218c280a02b0a18e54613542ce4ef3b89e151e0b6f32614058c27f3f8483
Data/FITS/fit_87d9f590c8ce_K30.qs2,156993,2026-09-01 22:26:51,95d224cd8c532d9c66bb57ecc75a46eadc627bab535411284cd097fbe2c97e49
Data/FITS/fit_87e210f7fe82_K170.qs2,725748,2026-07-09 20:14:38,ada35a69b3991b1904ae6b0711758c2643a9d386ed88677376d01dfc0e118c65
Data/FITS/fit_880142aeef2c_K40.qs2,180898,2026-07-10 14:53:20,c6d185886aeaf5b6d0aa4bd8075bafd55a0daadf389cbd493b0970ab75bc1211
Data/FITS/fit_8802de628f6e_K40.qs2,179208,2026-07-11 04:13:34,4b551996130de2b9fe9eb3ba755860391beeceee460cd5855116e1c50222ead2
Data/FITS/fit_880d8f9e144a_K5.qs2,1104354,2026-07-07 17:09:34,4c9a24af2e003229f0366ecd7656f26a4ef0e0e405b2355c61334b4b60b4aea5
Data/FITS/fit_881a7074533b_K10.qs2,124119,2026-07-10 16:56:20,8ef162dafdd46c15841d61f0857935267bf6af59c2835819dd92803d4fd5f303
Data/FITS/fit_8825e9788278_K80.qs2,411761,2026-07-09 20:30:12,1f3f71c9896f387a8fb60ea8dc04cb14fd43975157e7df9a78f76c56076aded4
Data/FITS/fit_8865c969277c_K120.qs2,3754780,2026-07-09 09:11:15,181785cde3ca096b65d141cf29d0f1967224902bdb12be9b6c8c926302470795
Data/FITS/fit_8877c7b56a9b_K30.qs2,153092,2026-07-11 13:08:51,ac22c43aaa08154264a4c33f171840d3735105a59aaa500169928d5c126b7307
Data/FITS/fit_887e4d722e73_K10.qs2,80569,2026-07-11 13:13:00,dfe5c9a44a4b5028faa04b80c8eb5c4479c125ce5292b1ccb7c7f47457f4cf57
Data/FITS/fit_889108a2a83e_K40.qs2,292006,2026-07-10 16:52:52,1a4b9d79a0fa378a6e20f403677e45c08f0d49cef257ed6e35981033054fabef
Data/FITS/fit_88969035a1f8_K20.qs2,198626,2026-07-10 16:55:14,598f6600d567fc8e51a2f76bcba707d06e6739a2b4b54e9b5dd0affeffa66907
Data/FITS/fit_88ad2cd1a498_K90.qs2,316705,2026-07-10 14:48:15,0843425ea907fc523dec17006fde7db83178d476fe839b9b9723dfff0c2150ab
Data/FITS/fit_88c3c62fd15b_K50.qs2,214602,2026-09-01 09:43:38,90eda154c893ec03ca8c5065d2ae3f32185740c300c4679d9ab00194cb88ed13
Data/FITS/fit_88cd525e4eb7_K4.qs2,7867,2026-07-08 09:16:06,b85f2c9a433088aa090a5fd208c416ef8408fe06c22d3567a3776bc63117d8b4
Data/FITS/fit_89213f8544cd_K40.qs2,194986,2026-07-11 09:20:44,49174d617198a44ced71d3c9bc711aac89999f35d5d055f3860213911b930392
Data/FITS/fit_8960569876da_K10.qs2,1375934,2026-07-07 16:21:53,354f70c85ebb07c3bc542946ac5c5d9f4045c1b62ed0ff2aac0bd13b844bbb7b
Data/FITS/fit_89878233740d_K100.qs2,336773,2026-07-11 12:56:11,0fbe94bad60f738491e9a0b30c487573b0b7a121f5eb4088d9c04c61b0e121b3
Data/FITS/fit_89b6be52660b_K12.qs2,15781,2026-07-09 07:00:43,eb5c07feb77b3bacd507598eaf452441f0dbb21bdcd1083081c893555c534917
Data/FITS/fit_89be66e81825_K11.qs2,937363,2026-07-08 12:43:26,cd54ec9596e25fd9b763d33d5b93be8443504a8137d0fde17eab89b2464208f2
Data/FITS/fit_8a005d027953_K15.qs2,732461,2026-07-08 10:17:43,a609e0f014241e8edda3901eb425ef8ce16bc5f3378c19f05935962db9380844
Data/FITS/fit_8a0eaf9f35af_K10.qs2,82238,2026-07-11 03:23:57,82f4984fc4de9f0dc5708cc3480bfb098a2d284c6ba2548d4c994a1e16201ddf
Data/FITS/fit_8a33d6ee4ebe_K50.qs2,216748,2026-09-01 22:25:32,150cdb6b169df7765cc2d3d3bc7c5a2a29d0811b8b7e29db7ea50a6beb5f6f52
Data/FITS/fit_8a4bd46860e4_K40.qs2,193687,2026-07-11 09:55:50,fcd40a866ac1dc872e03ac4a78284f95e724a2767335ca1b3353ca86e4f0941e
Data/FITS/fit_8a66d984cbf6_K10.qs2,560669,2026-07-09 11:00:38,79f9e40f65f3cc30a517263456d5f868b65f42407bcbb4d45a0c5882d5ad9d5f
Data/FITS/fit_8a7ae6fd4f8b_K13.qs2,1568196,2026-07-07 16:24:09,3983b356c5973bdfdde3fd3b9b04f825d724145e80d71f9deba03a4073ec5b23
Data/FITS/fit_8a81857f7f25_K5.qs2,60888,2026-09-01 22:28:20,16ea55ea9c3c7be7290d4e729fa4cccb16b68064e05d8f45ec8fe3a543260a50
Data/FITS/fit_8a87bd588d0a_K5.qs2,11225,2026-07-09 07:13:11,5f1565bc5a45f3a0a38cc3cce53a4bd32209ad408bfe31cbf6bf191cb5ca8666
Data/FITS/fit_8ab5d4a7d1d2_K20.qs2,929955,2026-07-09 10:47:55,52109858e1c2d27afac1ca1e21407f92d0382a85497454b77892bd47d33c8ef2
Data/FITS/fit_8abc5c5f5589_K10.qs2,79724,2026-07-11 06:59:23,e563ecb5b959bb63e12c66e1fa1b2abfa27076933dc6da876999cafbb5dbd3fa
Data/FITS/fit_8ad6c5d4a091_K10.qs2,79814,2026-07-11 13:12:43,bf4426122a38a2d258c2d02f73b6136d33af4c8971bde1b6c3d1c6fe7816ea55
Data/FITS/fit_8ad87047dae7_K10.qs2,85467,2026-07-11 04:16:45,852dadfb71388775e7fdd1363e37994d8e79c7b48b92a2cb3f6a40189e432a39
Data/FITS/fit_8afd7da9a693_K60.qs2,325712,2026-07-09 20:33:20,3b7ba1155789c72bae847e0d588b8bf620fb4449d3e77eed69e1f7929cd8e8f3
Data/FITS/fit_8b09ff504d6f_K150.qs2,662310,2026-07-09 20:18:24,86f34746b21176ad524a9c4de8235237828e4d91ef7840712e464573aade2523
Data/FITS/fit_8b12c66a0e51.qs2,106505,2026-07-07 15:04:07,7b8e17ee357c74efa1615352ff933f2b7c0a95cdbf59ff4d3e88de09155e5ba6
Data/FITS/fit_8b256a9593ff_K80.qs2,285695,2026-09-01 10:55:13,256ca8c7ea43d0153c1621db32b5be6431ffe7b83b73dc7e346d19d6d59c2468
Data/FITS/fit_8b35af183231_K3.qs2,24076,2026-07-07 21:32:54,d487546859a51dbb9c9b80f624584154e056e8c0b0ad579f8e447f515e9ee09c
Data/FITS/fit_8b38f109407a_K7.qs2,1262681,2026-07-07 16:25:21,d5e4090ae98226489182c002cfc98057b585c6fec25c6f0fc70f46a024559661
Data/FITS/fit_8b664727574f_K40.qs2,633324,2026-07-07 22:46:36,9098f306913cb6bec249df0316004ceea017c43a8a7b6856794927a91be4a56f
Data/FITS/fit_8b67648c11da_K15.qs2,3314467,2026-07-08 15:48:06,39f39ee6cc8513cc957762c42b7a4bc39cad424d5b183ffeffebf4950e2d4600
Data/FITS/fit_8b6cf0801df0_K70.qs2,370190,2026-07-09 20:32:51,da58e73b32e17f9f183c9b0563d3bec92c628b5df594415ed47e0e18d6459980
Data/FITS/fit_8b6d79c23171_K140.qs2,631546,2026-07-09 20:20:05,89ba3ce5faacadde8d3b7cf123589b79f914216041984eac0d218bb368175e64
Data/FITS/fit_8b75b9d78cbb_K35.qs2,174557,2026-09-01 09:43:36,071bcd38067b784fa9848929329d77c307e2b8fb80ecd3f99d17b476c59c3b69
Data/FITS/fit_8ba0bf84295e_K180.qs2,753551,2026-07-09 20:13:27,022b729bac649a410a5cbf796b0de757710d6b9cf830889364408fb6203c6e8c
Data/FITS/fit_8bae70e5083e_K90.qs2,312995,2026-09-01 10:32:25,25cd554eb6d9e05cafdd6f14e32e8ad8d2e34a3eabd5bb8b61ece155d20a5ef8
Data/FITS/fit_8bb6c2a59606_K40.qs2,1472463,2026-07-08 10:16:38,c53f62d542a64be46e5c7aade436c82897d5038fdeee1ed520759c72ceace31f
Data/FITS/fit_8bb8b480f92c_K14.qs2,97252,2026-07-11 12:50:54,ca2d5788824fc26732968cdc777f6ca474a4c9dfb3bfa56751315729a9c024c2
Data/FITS/fit_8bc8d6a95d62_K45.qs2,207488,2026-09-01 22:25:53,b8188639f5f06e64fd2e2466b253c65601541c7104b887d179b16f50daba1f34
Data/FITS/fit_8bd318ec82dc_K170.qs2,722436,2026-07-09 20:14:37,0ec14feb377b6b84b1e5e843d4ad6c854820249974bcf94402f9f5b33317daea
Data/FITS/fit_8bdce02961a7_K13.qs2,1571054,2026-07-07 16:35:13,5704afaed0684b57d95c8263d12e5786c3db711235a45cdc90b852ea8e496a5b
Data/FITS/fit_8be1ef66dacd_K12.qs2,102419,2026-07-08 09:17:11,7248ff385219d9e8d7f64a0e39c51891f1411f6dddffb80cfcaf7b3f1fa84142
Data/FITS/fit_8c047c523b77_K70.qs2,8230840,2026-07-08 13:51:01,fdea460605bcb47da007ad3c16f8c936445b906c94325eb368dd2a25a42f43c8
Data/FITS/fit_8c50140738f7_K5.qs2,65197,2026-07-09 20:44:16,3eff27c002df202ba941a948f00c0791ed5ee001ed9d5bf49e0e8f9f6c9620d8
Data/FITS/fit_8c5fe8360082_K40.qs2,215531,2026-07-11 07:57:06,3a15353f4aebac03e7118fe7166c8c1eca35af4105a326f3d2e98782527dbf78
Data/FITS/fit_8c7b893361f9_K60.qs2,237581,2026-07-11 13:03:21,e5fe9ce5513574e501f2d5a8d477e92dfb7227525451dc18cad8b9694147595a
Data/FITS/fit_8ccc8b41a9f5_K20.qs2,396351,2026-07-07 22:32:28,74a72ea1e7f314ac5bff73711912614ee1574cc6b0b0d5038759906724f9824a
Data/FITS/fit_8cd4c2b7aa91_K10.qs2,17876,2026-07-09 07:12:55,520b8e98ad61d001228c529fd22087039737b4bf66f6aa329cc62c13612a1967
Data/FITS/fit_8cdf43b85b69_K6.qs2,1201653,2026-07-07 16:24:57,56a95273746c3a750f1bd19c766578aa5360cab2afcf8efc627dce83548c8be7
Data/FITS/fit_8ce77002a2b7_K15.qs2,112599,2026-07-07 21:59:20,4a1777c14505072c1306ef6d46503f065c709030d4dc516f2e78c343993571bd
Data/FITS/fit_8cf27800cf06_K80.qs2,450041,2026-07-10 16:49:12,bd17469e02366c1646d5d633998e9f9fcd020736f101a81a5ba3857e4b1c337f
Data/FITS/fit_8d00c358d025_K100.qs2,512054,2026-07-10 16:47:06,be6673e6ae99e31b68664f4d242d304b1943c57ae0334be8a642d08fb4259ac1
Data/FITS/fit_8d03037e5f35_K30.qs2,154151,2026-07-11 13:08:24,1a96f0d9b14476b0432dd0d24a515e7f851cd2b43650fe24848d6d590d106824
Data/FITS/fit_8d1a7b33214b_K80.qs2,8895667,2026-07-08 12:45:15,68af2a302d62229ddd8fa13d268c38d7d54ac71b2794625ed0ee63816dd57ebc
Data/FITS/fit_8d475646e6f5_K100.qs2,526233,2026-07-10 16:46:45,7f56b9d077bb197ef4a6987ba25f00401f11ae71b69e201f761ca5790dcb81b2
Data/FITS/fit_8d4d0513ffae_K20.qs2,124330,2026-09-01 22:27:37,a42aebc8734fdcf36c242cebfa3a7c5aadc3e8a31af558cbe65bd21a95916184
Data/FITS/fit_8d66b97d29b9_K11.qs2,1451900,2026-07-07 15:35:51,8513a5c6d9827d10b519c2e0c5e1e8c486a337df6faeba80dc9c2482e7923dd3
Data/FITS/fit_8d6940006527_K30.qs2,963030,2026-07-14 16:23:55,14d4580026a011c2226975c6b8c236477a6171cc4cfff13f2cbe6d8585ef4e02
Data/FITS/fit_8d736368b0d5_K180.qs2,5008940,2026-07-09 08:01:42,1399a3181d9ffae19e6b343d39799e0817caccb2f1d827c3a7b4fa6250112323
Data/FITS/fit_8d86099f0f4e_K160.qs2,690579,2026-07-09 20:17:25,b2aeadffedf910acbcb54b219740d3a3aef225b8e68716ae48f679420c44bdcb
Data/FITS/fit_8d86b5a2c9ba_K70.qs2,265338,2026-07-11 13:01:50,e850f0fb3d14dba3867c0b057eabe5438989c3beb880225d9ebac8081eb797d7
Data/FITS/fit_8d9307aedceb_K70.qs2,2414589,2026-07-09 09:55:49,d4d296aafe157f5a09d99ba36971d58069479ccc9b2df44bee438e88c77426f5
Data/FITS/fit_8dca77d173d7_K5.qs2,1140110,2026-07-07 16:21:24,abb133cb91c67c3f8a160ec8bb7e927a18bf7c8f5ae83319d54885287adef12d
Data/FITS/fit_8e062b7fa266_K35.qs2,214338,2026-07-07 22:02:37,3539f95d493515b14af68c93acfe90299eee29dc634c4fde576f8c271487eae3
Data/FITS/fit_8e83cd8de022_K130.qs2,3931716,2026-07-09 08:58:23,402729477c30cfda737ddf60e6117d7ad00b5cbd24944b588fdbf726ce626a0f
Data/FITS/fit_8e9c434a1e69_K40.qs2,195474,2026-07-11 08:46:35,9b5e7cf876101bdc4962e7e72f3b141d3a862fbabf5140df2bf68d03f676e76e
Data/FITS/fit_8ec778a1e48e_K8.qs2,13394,2026-07-09 07:09:21,25f9226a026577d42ed7d59dd6855bb77e8185728e921239bfdc0766ca5b0c80
Data/FITS/fit_8edde58ca94c_K140.qs2,627977,2026-07-09 20:21:05,a935d681bf205670f1b2bba7064e2efe2f6662852d5257ed0f6c8ca32d99a400
Data/FITS/fit_8eebfde948d0_K15.qs2,1625886,2026-07-07 15:30:19,dd3cf34d4dbadbf93624ce2978e2dc414ca982e87629b826332ee57733f61e21
Data/FITS/fit_8ef9b0164811_K10.qs2,80176,2026-07-11 13:12:09,89bdc6bfbd421ca824935f3bf2bceb699898b577e275b710b411567197541435
Data/FITS/fit_8f2522634a5c_K40.qs2,178582,2026-07-11 04:07:05,58a3ee6d744803dea9f3f41a68758c1fe2ee931a33340056ce15fc110f77b14c
Data/FITS/fit_8f332a4676a1_K14.qs2,16398,2026-07-09 07:00:42,a7a2bc055d062df994722a3e471bd0e66e99d388ea7374aca6d574d31f969867
Data/FITS/fit_8f41cc64954c_K10.qs2,159275,2026-07-14 18:44:21,9a9ea6ebf78763eb34ecba41ddf73cd009d9d1cbec88a277de839cc88260af4f
Data/FITS/fit_8f44f74018ad_K100.qs2,485249,2026-07-09 20:26:50,0d3e53ec8ae13724a51d7d7b6e8cffeebaa1912c41cdaf1406f2e48f516015a7
Data/FITS/fit_8f46c3d7d430_K40.qs2,1568526,2026-07-09 10:26:00,e4229d3206c2531044601fae2828dc4b25eadf0519ac93a9731273db6d58798e
Data/FITS/fit_8f69c15177c9_K170.qs2,4847437,2026-07-09 08:11:06,740b18487bd2070e948aae35f66fda55cef29d50232a6f88521244ff0f0c8574
Data/FITS/fit_8fb98b59d17f_K20.qs2,429919,2026-07-07 22:35:07,9fc4311f7e16e91d5b30b0c3b01063de0758754b07e9d111c6b8f3fe8d25a651
Data/FITS/fit_8fc987d1078a_K45.qs2,204933,2026-09-01 09:43:37,6a57a9a360d50a2180002d8f39d4f20c39d447b98bb11269560345d07c058638
Data/FITS/fit_8fcba105a538_K14.qs2,1585777,2026-07-07 15:48:36,01c4356c8df3e3a4aea098910e4038735b951d8c81152e5dfad331e739ad87f5
Data/FITS/fit_8fcdcfdf306a_K20.qs2,933375,2026-07-09 10:47:31,655b6a3b0c4f1e5f2a04c08b03f9c05972e67da845d76ef8e0111153331f4cb9
Data/FITS/fit_9008e86f6af4_K20.qs2,3759051,2026-07-08 15:44:27,673232ecdc4a443291d246d4105de90ac22e0bc9f2baf698437adbfc58ff79d4
Data/FITS/fit_900c5df7020d_K80.qs2,443815,2026-07-10 16:49:00,4e6024ee10163ea88403fefb357bc5861534cebb1387fa4fe55af37d5f5bc404
Data/FITS/fit_9015e35c2e9c_K10.qs2,84456,2026-07-11 08:46:29,b22ffb1fccbf9d9da90135bffb115873c4478a40f3948dd9519cb25f7c01ea12
Data/FITS/fit_901db0bec1cc_K35.qs2,208001,2026-07-07 22:00:24,8ff5eabf0fc75fe320f9f95b6e1c3543d127cef4cb5aad402b18a540709e8b8f
Data/FITS/fit_9028d215758a_K20.qs2,20014,2026-07-09 07:00:39,d3570f64df2674dcfd8f6996859a2f135912d893e0ef077f357a3b0a051b52e5
Data/FITS/fit_90340cee70ce_K10.qs2,80315,2026-07-11 13:12:37,b657d83733e4b6623c4f50bfbb37f6aa1dc52f5b37feea770a5c5d96b4de43a0
Data/FITS/fit_90497f61ee58_K8.qs2,16263,2026-07-09 07:09:20,8aa808a95cd4cd42f33735a4e090a4b279d999f969b5af7e3c24fc765dfb29b6
Data/FITS/fit_906b36717698_K10.qs2,17358,2026-07-09 07:09:19,bfd039d2c0e75ce724d70533640898c79835fba34498ab79d6aa6e80c9578335
Data/FITS/fit_907254b1a51b_K60.qs2,732393,2026-07-07 22:36:48,342ee65f5405d79f2329029e20a34d698ea6a0acd17afcb28cf33458624a83ff
Data/FITS/fit_9085481808e8_K10.qs2,72375,2026-07-11 01:28:05,09e1d1f366e679eecd2ff785e4629879a536026c0a59af14800bff8f00daf69a
Data/FITS/fit_90a129a3af78_K4.qs2,58305,2026-07-08 09:17:43,93d64e79ae075044b5b1cfd9f7eb9c85e757646259217bc7094f6ec7b381d084
Data/FITS/fit_90db65ac111b_K30.qs2,156555,2026-09-01 22:26:52,5d3c40028628f41056f3e4fbe74788fc93cb1daea0c434bc42f99b33658ef34b
Data/FITS/fit_90df17c0b3d0_K20.qs2,158383,2026-07-09 20:41:24,c1e79c04ba8036fa20a70cc23c609f6fa66b77604d3d06aaeb68f6d3e8cd1ac2
Data/FITS/fit_90fc82558ac5_K30.qs2,153927,2026-07-10 14:53:17,7c10b2d3c57b6e55e80f9f735ead91a75e3fd52dfbbef2b03408f7c36522611a
Data/FITS/fit_910de2bef27b_K190.qs2,792696,2026-07-09 20:11:13,a20c05d842b526d85b72f7f80c1b6171d127fb03a4716aca4caab5a79a22fc80
Data/FITS/fit_911775ec9f08_K40.qs2,1570171,2026-07-09 10:29:50,f722ea92827f55a66d1719cb20cb60441d5336dffc44734da8b771bc38ae4499
Data/FITS/fit_9140c65318c2_K80.qs2,293232,2026-07-10 16:49:23,1e39e4ad366a476cb404e9938845d6473ed2ec144829831ea107970b1cf41e1c
Data/FITS/fit_9140cb7b2be5_K10.qs2,84156,2026-07-11 10:08:53,115be0e7cb93be0061d19b9b3686d25175011354740e2b5d7bb004b6ce1395df
Data/FITS/fit_916da07cfcb9_K40.qs2,180869,2026-07-11 00:50:16,4debddcaf58f5b01a4a9ad7d3d05cfab2ab329b828433aaf0f9fadbe2b08ba65
Data/FITS/fit_91898fd4dc3c_K45.qs2,206822,2026-09-01 22:25:52,eba94432cfdf2c6fd98287e0ce6ae21c85b05dba7c3b10b3552a7f58c254363c
Data/FITS/fit_9190f1f0f657_K80.qs2,453111,2026-07-10 16:48:35,a23f8820b28613dea27e6f2ff3272e08f086093a6bb063ff1aac95a77885a0b6
Data/FITS/fit_919e21387a6a_K100.qs2,340766,2026-07-10 16:47:10,f9f886ab87b1b72880355cbd34dee16943fc553e8f5c883ee56034b814e9b546
Data/FITS/fit_91a261fd3b40_K2.qs2,19783,2026-07-07 21:32:54,a03ec15bb3b4bae32b7c351d1ba75b7b62aa8fe93b9eacfa3e9c0834867b7756
Data/FITS/fit_91d3078bca19_K50.qs2,278948,2026-07-09 20:35:43,b18ff445130286216b2fa0dad9e2a634412087b284dc24e0c85d46fbe0f2f97a
Data/FITS/fit_92048aa2032c_K90.qs2,318025,2026-07-11 12:56:44,07f6e1bc79b2a9d6bcfa5a98ae09fb09d7b396d9caa73a8f986705e8a8c591d1
Data/FITS/fit_9206862a040c_K200.qs2,5360410,2026-07-09 07:35:18,3402a862968e44d5289e7744b12cddfaae3dda6ce39059f2616ffd409469e1a3
Data/FITS/fit_920e7ed8e624_K10.qs2,84178,2026-07-11 10:13:19,02aec21e6b5a6b8c5dd52938aca029431715128cbdcfad06c0b5cf01c263c65b
Data/FITS/fit_920eccb91d8e_K10.qs2,123632,2026-07-10 16:56:10,f0dcfcbc0c3508a43c5a3ca6723558da8a31473364aadf6fc2c87ead6f7e5f40
Data/FITS/fit_921cbf4c50e2_K100.qs2,339876,2026-07-10 14:47:41,06c0cbeb9db6ad7b52d30a4cbfb58f89f8dcd0debf6046d60ed2a5f95915d181
Data/FITS/fit_921e64cf9706_K10.qs2,541921,2026-07-08 10:22:31,1024eb0eca46631d79fbe76ff8b249e3bf6a71c96e697a1bab0f4fa9340aa6d5
Data/FITS/fit_922d9bdcd31e_K10.qs2,84463,2026-07-11 10:00:08,1df1a540f40ee84168d4cb87c2a6ad77592acdff323f6b45107d84b18e79141f
Data/FITS/fit_925e18ef2937_K10.qs2,126894,2026-07-10 16:56:09,ab24a909b779d3fed6352eb656789cb1b9addaee4a2b6b13b464b2926d5beb83
Data/FITS/fit_92663fc4ceaa_K30.qs2,1247577,2026-07-09 10:36:44,a7877bbd2ae6e02686df340123ae6ac9afd7e14b7616ce2305ac59cff37a7045
Data/FITS/fit_92706aa8c525_K10.qs2,80193,2026-07-11 06:20:10,7ff3ba1541fef7f651a0f3af3d8ba926ab5cae26bf520cf6ce586b4d38ad4703
Data/FITS/fit_928ae7e27451_K12.qs2,15517,2026-07-09 07:09:19,b1456adfd9ad849a9ab6b1953cd1a8abb2dd08648d9023948c689f8d7cb2c3d9
Data/FITS/fit_92954f5fec12_K30.qs2,192016,2026-07-07 22:03:23,a2f5272b59a3214e4d303c8bca3bf09cd16c20d471be22c53275ae86fefeb056
Data/FITS/fit_92b00eab1547_K30.qs2,154800,2026-07-11 13:09:24,182ade52877ecd15a352b2aea6055aece92f4269f832ab2d7d4d34529f1d771d
Data/FITS/fit_92bb19fbae59_K12.qs2,1497299,2026-07-07 16:35:52,cb5fa3e5b3b1a74c58e13fcd01fd0bf85cd9d8320b89b42d78ec020aaa0f1304
Data/FITS/fit_92f04485b756_K46.qs2,200275,2026-07-11 12:49:55,7f4fa4619274bf2d7c92d36afa92bbcbae52e65fae6aad6e599f32b07a1563cf
Data/FITS/fit_92f2bfc631cf_K13.qs2,1567751,2026-07-07 16:41:41,9e0d5c24048c98db62ec2c9a7fb2a46591623961c17ddbfa78f0b17d3d1f91d2
Data/FITS/fit_932ba6c5c1bf_K4.qs2,11009,2026-07-09 07:09:23,ca9298ee6c2c7a69fc87ddbc3c7bff0a5a5b61428083bcc3987ba3e51f5a8b8c
Data/FITS/fit_933dd4806861_K5.qs2,64597,2026-07-08 12:33:22,5f08792b17df4707b1069c0cf8ed74079433c051a4969c756bb8332fbea172e8
Data/FITS/fit_935f5953d8a7_K40.qs2,221587,2026-07-07 22:00:05,123b993354fff553dcc49514fb34e0bf004476e7b3099384326effeb738ae845
Data/FITS/fit_937781430571_K50.qs2,340089,2026-07-10 16:51:55,9d80c7f4be90715e0cdf136e0fbc4eae6a912c28fec1c1b713d6b4550980f26c
Data/FITS/fit_937784bca532_K60.qs2,553822,2026-07-07 22:54:07,5a49496364706feab7627e0b649202f3d25debf76c1b02cfa52b92f40f8e8afd
Data/FITS/fit_93a9896ef985_K70.qs2,267204,2026-07-10 14:49:55,f47f209ce7f7e4dec53ea087c627157368b20f64742bd6fca7d3c8fd3eeeaceb
Data/FITS/fit_93b4e5e22bcc_K75.qs2,5332246,2026-09-02 00:41:58,9aa33440a6cea4034c89bbe3006393e01e1e9c1ae969e1dff1e0e1b28812c1d7
Data/FITS/fit_94004eda1c76_K40.qs2,181758,2026-07-10 14:52:44,5e578083d549b9f97d2b2ca5e0059d7237206318c191c5610a33e3d07a4fc16d
Data/FITS/fit_940117b5b976_K40.qs2,178101,2026-07-11 04:20:29,a57f8f4c1e20a34e8c8346960bfc953762a099e8749ffbca2bd99211fb4f5009
Data/FITS/fit_9430a7e19007_K60.qs2,2122394,2026-07-09 10:06:58,9ef30d858a1e5b35f8db1af40775d5f6f2e045a176cc86f0ec6a2889a2170061
Data/FITS/fit_9439467045e5_K30.qs2,1187961,2026-07-08 09:50:38,513d3ce9a99d5f749e5885febac513d0af9d000f9b777bb33a11697566fc0719
Data/FITS/fit_943bf3f4fbf6_K10.qs2,106281,2026-07-14 16:08:50,2c920508578bd4608c892a5cd484f9f2e7cd1fa9ccaadfd44862197aab009b1f
Data/FITS/fit_94486806bdd4_K40.qs2,194840,2026-07-11 09:29:17,094bdad11871c1685d912d1f2eeb86212d94bf342b6b6eaab867cfe61fb107da
Data/FITS/fit_9448bf6fd210_K10.qs2,1482756,2026-07-14 17:31:27,116d646ab90680163d66f368d9a1e94ad22fa002ece7a70005f24d3fad3f895f
Data/FITS/fit_94a2fa2fcfd9_K20.qs2,243634,2026-08-31 16:29:41,4f4f3a70ae761f7c959e8c51b73229f2267ccf5e2a52cfdb218cb6a5804b9659
Data/FITS/fit_94a35a1e813d_K15.qs2,72409,2026-07-07 21:59:39,93dbca97d2f71237aa1d6a7dea03aa87a76d5aa2be08a6e1020ce0f927257a26
Data/FITS/fit_94a6ed01bb2c_K70.qs2,2337495,2026-07-08 10:06:36,74dc738609d4c302d1ec7d4fd92adede17965b27b18b30e3a40d9cc31d97d4b7
Data/FITS/fit_94af94acf28c_K50.qs2,280198,2026-07-09 20:35:07,17fbf9c0b974bdb95433c73e1ad9bc595529ddc00a1811df20906da1c4b03371
Data/FITS/fit_94b7bb812639_K130.qs2,3921927,2026-07-09 09:02:34,fe4fe5850afc1e78c1a0dd41de91f5b428ee8e8fb245df9cf4f8e503cc0b880a
Data/FITS/fit_94cc006a8c07_K110.qs2,529958,2026-07-09 20:25:23,e127503f7a5b7d7b3e311a058af4639e9dd505cc68ac3059489ae3a452b0d23b
Data/FITS/fit_94d8474855f6_K130.qs2,3942294,2026-07-09 09:02:22,910e14fdf902c10917c40836289c778a50c298b712d390de726866f01e0d9fdd
Data/FITS/fit_950237b2218c_K70.qs2,266250,2026-07-11 13:02:17,9c5c4256b33bf91df0f278bd02c1f7c35bb069fa38bd5d7ce7c0a224f1b902db
Data/FITS/fit_9514881354b1_K200.qs2,5358429,2026-07-09 07:35:19,8163e5078e0f05ac2937cdf192ea0bd503f131a58e3c0651ce8222afc8acb93d
Data/FITS/fit_9516f8c5dcf6_K35.qs2,331556,2026-07-07 21:51:14,1e025f1765acb792e9c4a33fa33030e19ff10d2158e5c725419f40e139a29f92
Data/FITS/fit_95397ee2cf57_K70.qs2,2421570,2026-07-09 09:59:37,e11216c06b7f3a5e9bfbd431c35e4dc9d72e4826ba910027304fc3eeca3e9ec9
Data/FITS/fit_953ac151a4f0_K40.qs2,1568104,2026-07-09 10:29:41,c8bdac1219ea20d7a38466dba15a8ab49bcc2c277ddead7a1b5ed475af4549de
Data/FITS/fit_9569105bcd07_K20.qs2,158707,2026-07-09 20:41:55,c79b2f528eea5c362a1ac92528487d894a4102812549517702c657b4cded45db
Data/FITS/fit_957429ab2e45_K10.qs2,99642,2026-07-09 20:42:16,e3536eb03d544e23a27861cfc2fd05dee3d64156e86af7981ec6ec3011e77203
Data/FITS/fit_95899c3a9bb4_K40.qs2,1564523,2026-07-09 10:26:08,c5ae108be15abf69472a7510efbc58929709e2d8cae1cb65fb90f48bc3bc1e85
Data/FITS/fit_95afcc80b07b_K80.qs2,456875,2026-07-10 16:48:51,0c67b72a1fa6117070030b52774f8f89d9c66a02e9d98e241aff217b003af6b3
Data/FITS/fit_95b0465e5753_K6.qs2,58847,2026-07-07 22:04:07,093adf9444926ac567af395e65ab86d86888027771f56eaf74a2efd334e5fef8
Data/FITS/fit_95c1057beacf_K4.qs2,27694,2026-07-07 21:32:54,dec4d704a60b848709a131904ffcf7c2fba4846d3f277ebf8422f9a269302910
Data/FITS/fit_95c164a8e815_K70.qs2,2399561,2026-07-09 09:55:41,c1b951113a26b3915b42397517447f665564bc55aa65b677c1e7be4dcb00fcee
Data/FITS/fit_95efc1588044_K5.qs2,1161272,2026-07-07 17:02:23,bf4134c0d23908f781788864ded16ef210d15e5de6c9c3bbb8e29a1fb2e0faf0
Data/FITS/fit_95f17587a7e3_K10.qs2,79454,2026-07-11 08:01:07,e0036126dc7f30138ca150eb92eadc4169524ec5b114881d33d81572e17ed57e
Data/FITS/fit_95fb9f1e6a65_K30.qs2,1249569,2026-07-09 10:40:17,01b47f02a158890f452c1a0dc6ea253396b2a54b178c546af3b686c1efec1718
Data/FITS/fit_965fd86dfb1c_K60.qs2,549980,2026-07-07 22:38:12,11b24a9c74e5dcf15c2511001756e597ffb19717bf7c40935b56c4b85b06ce27
Data/FITS/fit_9671747fec0b_K40.qs2,599360,2026-07-07 22:22:22,5b94229ad0c32aadf47e9f6f4abf73ef031817b54cbacda02267b99b8fedf037
Data/FITS/fit_969ccf2e7254_K10.qs2,1416945,2026-07-07 15:24:52,818205e5eca862c0dfec6c6f806ab34465c560cad1b11c4f9cf46605a98696fc
Data/FITS/fit_96a1978bec78_K40.qs2,215764,2026-07-11 07:49:25,fac3d304773592ac2cab2117c58e036c3290203a312f7c0854545e2ceadb672f
Data/FITS/fit_96db996d516f_K90.qs2,318835,2026-07-10 16:48:19,26f0c0afffc3f2d7986488a8ca8e2d6cb1ddf13d82ab55f8f5efe2ab7a7f38b8
Data/FITS/fit_96dd1065259f_K25.qs2,428060,2026-07-07 22:15:58,7ed3068637d49cee5d01473fc3e4d8e1b5da61b2cb690888b2ef10518aeeccbd
Data/FITS/fit_96fa299c1cbf_K10.qs2,149495,2026-07-08 22:18:30,7eea3a2057ba72f404714f9cbd8ed106a5e16f367086306d3711ea6479bf4b8c
Data/FITS/fit_97005de7d7b4_K110.qs2,528594,2026-07-09 20:25:53,f25a1d3d0cb05e8d8f885820e742631943042796940fcb608f50a5d876e50105
Data/FITS/fit_97185ab04c5d_K18.qs2,25544,2026-07-09 07:09:14,fc6d925f50f5af886f1d13e3727892dcac6b59f84db53219cc6cda7121018e38
Data/FITS/fit_972c676c774c_K4.qs2,27695,2026-07-07 21:31:24,d22f48a111e8e131ba68160341f3b12382cdabc8b0d3e549b0af19954bd38ed1
Data/FITS/fit_973139b115d1_K10.qs2,91902,2026-09-01 22:28:02,550d042f3b988ee0560fc00a404457a89270656ff93767b73edab220cc83dee5
Data/FITS/fit_974274d38df4_K15.qs2,101025,2026-07-11 12:50:53,f194b9ccf2af731f01c148bff50ddb270b4b1765a3156a60ddd8ff02ae44b9ea
Data/FITS/fit_975672e57842_K40.qs2,195132,2026-07-11 08:25:35,b9f98b36cdde405110986d355c44193ab4ab5efcd32b836f4bfc02eab82c1547
Data/FITS/fit_975c34244ba0_K15.qs2,127412,2026-07-09 20:41:45,3f72961c8a17d47bb7d3ee9470b7341308c79d3da7947aa46b3c326b2f1259c0
Data/FITS/fit_976c88f26e4f_K30.qs2,1189162,2026-07-08 09:53:40,7385295ecf9806896bf7bb096817989d34c0c333f1c8e6e7e8f5f2d7c159dede
Data/FITS/fit_977145cf414b_K40.qs2,195150,2026-07-11 08:29:28,00f64a3a6f6b81274ae32b33dadec2c233f70865861abfb48ab0317eaea2d8cf
Data/FITS/fit_9782338ab963_K30.qs2,498249,2026-07-07 22:24:19,829b02025f4c9870e0543cb3b3473c8fdb1ee412da1d14f2acebffc06c397062
Data/FITS/fit_97884191a49c_K10.qs2,150223,2026-07-07 22:47:28,2a3d6bebc882a513dfcf949319d1dcc4a844cb4322e1af07d908986fc7cd7a45
Data/FITS/fit_97bb7d8a89e7_K10.qs2,77084,2026-07-11 01:18:10,90fb8f83e34aaf1be6c8f264402bbabe6827bd634b5ae2684123271ca937f4b1
Data/FITS/fit_97ebd4e73e09_K5.qs2,2436202,2026-07-08 15:56:06,8bb6d71771a6095fe0f8bcc8abd85038331553b13e8b1261379d439162d64aa5
Data/FITS/fit_97ed0953c193_K10.qs2,83861,2026-07-11 03:53:57,8d67c50d765b465844d7cf20bc15c2b52b77975bbc981325c083f817d59fe290
Data/FITS/fit_98048f9de992_K35.qs2,1328710,2026-07-08 10:16:24,5f4d090f0e9c95a3b7629181b72e427211d34242dc709dfd24abef98227861da
Data/FITS/fit_980ca37e7b82_K60.qs2,2111383,2026-07-09 10:10:47,e21b2fbeac0b56b7df03a7fc47a17a662d4192803b3d8e80f5b2b0a92ab77551
Data/FITS/fit_980fda409b76_K10.qs2,2847145,2026-07-08 15:54:04,eb8892ab1987daedf5c90d72d29a48a02977718070fa79832024181a219e6cce
Data/FITS/fit_98158735e807_K6.qs2,33103,2026-07-07 21:31:24,a98714206782036117f75b792b86d059e959a5516074329ab72843beaeeeec1d
Data/FITS/fit_98173b7e801e_K30.qs2,151439,2026-07-10 14:53:54,b6d1e9cff5166a3a48903eaa9e1bb81ee3704a732db253d5378069983c35a193
Data/FITS/fit_982682520c85_K6.qs2,33635,2026-07-07 21:31:28,af893e0eddd18e453d4ec3cc55b0c9cd83ebe3bd61fc5cef4baada0584cb6960
Data/FITS/fit_982a50d80ddf_K180.qs2,757306,2026-07-09 20:13:32,2bb4c1483422cb51677f0e68648975667bf12488d4eef27c178171ddf2d23ef4
Data/FITS/fit_9837814fafc8_K120.qs2,7358323,2026-07-14 22:08:56,a4c29f98248f118ece01f203bb01c46c7dfd3b0a9a4839d92b88796cbc7fffdc
Data/FITS/fit_9852a0c64249_K18.qs2,19023,2026-07-09 07:00:39,50986c1056ddc77b93f9232b0e753ebab30ef5d98d1992cdff94486452bd1baf
Data/FITS/fit_989767f8a813_K40.qs2,215364,2026-07-11 07:31:21,f25110cb4dab029ebac0418bd15daee9ab8ba00009f87363eeacf455503b98ed
Data/FITS/fit_989fe097c287_K6.qs2,33656,2026-07-07 15:18:48,1ee5276b8851c31ed4d13a4563e173bea5230996770242838cf78bef83f09f4d
Data/FITS/fit_98fe5e310a2f_K20.qs2,157359,2026-07-09 20:40:21,881628710a551f8e0325a617f58698e8f68d8944eed5002d31384727e4d1cf23
Data/FITS/fit_991f8b622db4_K13.qs2,16188,2026-07-09 07:13:10,5dff54602fa67d5c8a986cf9a1ec8ff99bc222532397958b08f7a62e470e6f97
Data/FITS/fit_992f6789d0b5_K3.qs2,41279,2026-07-07 21:59:16,b056ea8e5b37852b1c0611971c4b4e3d2bf230639ef063e2ca7d8de6e37703a1
Data/FITS/fit_99488e4d538b_K100.qs2,343089,2026-07-11 12:55:34,00f399a97c9b72db0c2704cb6a3cbe62d55dc20faefe9a1ab0e5920c3adcbd05
Data/FITS/fit_9955bddefbd4_K150.qs2,668576,2026-07-09 20:19:33,4db7d2a9ce0788f774d54f422e12bc21a2dd0ef13bf09a583daa3fd0da6f97c1
Data/FITS/fit_995b44f6c10c_K18.qs2,24951,2026-07-09 07:09:13,56cfacce34283ca34fac73c1bfb684f43084a59488d30d05340d9c49cf7097aa
Data/FITS/fit_9961a8d3f99a_K10.qs2,541821,2026-07-08 10:20:55,c5565493396ae0c4bed84a76e133bcda92cbc27e31fc1423a5dfd7a101cb06ce
Data/FITS/fit_99913c052848_K100.qs2,490401,2026-07-09 20:26:48,a5e40b7d6929dfd8f513351ae281614628a1ff63c0eb82d492b698000256ea55
Data/FITS/fit_999aa432f8b6_K2.qs2,7921,2026-07-09 07:09:24,b22b6bf04d663879ba1ffb23880ba9961e557111050f86235e17b26f1222dea8
Data/FITS/fit_99a01eac758a_K100.qs2,340187,2026-07-10 16:47:17,418ff9ddc9c599815efb480255f164105ccdc620fd76382f48c9103e5fa34581
Data/FITS/fit_99ccbd08772e_K70.qs2,266931,2026-07-11 13:00:39,e9e706d6b21d270ada75a56bca5d2f9e3b8c01f15e5de1848c4601c458d5fb60
Data/FITS/fit_99cd52bf520f_K200.qs2,5323861,2026-07-09 07:35:39,6c27618c204f523e72c03bd36abe2524b51d06f2332591563a3353c9231fba52
Data/FITS/fit_99d9228f60c5_K6.qs2,14055,2026-07-09 07:09:22,345facf01ec8d25164615a896f0e860c7e1069f312383065cc0180fd03e2e71a
Data/FITS/fit_99ea7bc4384f_K10.qs2,559378,2026-07-09 11:01:11,cce9ff463019f5bd0da1d03c2d79ea4b7b7b95d92d28bce09c0b331564ec49a6
Data/FITS/fit_9a11b686f40b_K2.qs2,7969,2026-07-09 23:06:34,19690c53c9ea9759dd4483bc588f7137a60328d260f3fef8b1f6100d079c6faa
Data/FITS/fit_9a4fb53c1604_K130.qs2,3990827,2026-07-09 09:03:22,686fcf5be928fa8a9e4c188cc4a6a0e025785fb8657bc5a3ebf04d4399f5094a
Data/FITS/fit_9a5ab8320a1f_K40.qs2,1568747,2026-07-09 10:25:58,a5a5afe9b55142850cf79fd3d5e606090665d77006b8d0bbb400dbf1ff305653
Data/FITS/fit_9a61d348b75f_K90.qs2,2960477,2026-07-09 09:43:59,dbcaa4229ed0ed918e0f72ce7c15ca3cacbd00e70275ee212082a7409ec179b9
Data/FITS/fit_9a6b29d580b5_K60.qs2,240463,2026-07-10 16:51:15,fb3bcb80a5673f5ad16b639e3009128be8a8ad10d6b5328130a58c57d33a6e1b
Data/FITS/fit_9aabb4ad28f9_K30.qs2,154270,2026-07-11 13:07:53,778fcc4ab386c4982cb762d8e334fb01ca5e4804d1d3849c615d09eb0ebfaf6a
Data/FITS/fit_9aafebff5bd8_K15.qs2,733685,2026-07-08 09:47:50,1cab391527f6fa9ce8d53fe8ad9a2574d6ff3cfbf8796d0edc9c1e1112499461
Data/FITS/fit_9ac9c89f9cd6_K180.qs2,751843,2026-07-09 20:12:56,601daf33db9e4ebbf999299444fb6a7423bbf83444199c60e77b0662d2758172
Data/FITS/fit_9ad142523caa_K40.qs2,180935,2026-07-11 12:50:09,6cc3f2324a51c4511cda028b55f17e815f622a7afbab08a45194fd0a47dc80b6
Data/FITS/fit_9af1bbc830ff_K10.qs2,82992,2026-07-11 03:37:29,6296587b8ea7b9626905ec3b66e0ac785b8548c64d85e07fdfa85d29848e4ef1
Data/FITS/fit_9af65566b3dd_K40.qs2,177712,2026-09-01 10:43:45,b3296630ec94921e197bb0dd4e2da98e94bb0f76696f0a1f8888a373c52babdc
Data/FITS/fit_9b06e5e9687e_K100.qs2,340819,2026-07-11 12:56:13,c1814cd0e118e9e2894e0a1c56e99217050cfe72b0d5724d550b830e61d32f35
Data/FITS/fit_9b1376e0c9a2_K20.qs2,893748,2026-07-08 09:32:20,8d6e52d2a98da7657073af482cc9d523ad8a719435a7a79a1495af96100cf00e
Data/FITS/fit_9b2926b63d5e_K60.qs2,382523,2026-07-10 16:51:05,03dd66e13730da80e84e18493cca8f07a96a6b7fe53f03bcb7033956d9a26417
Data/FITS/fit_9b2a6a0531f3_K130.qs2,594138,2026-07-09 20:23:01,eaea5d3e66f0b93457ed879968d05311f44e3a2e35c7637367aab563d560d73f
Data/FITS/fit_9b7b2aa92aef_K65.qs2,2190740,2026-07-08 10:10:00,b8d4fdf288ce2dac1b44ce85c8a6483d8a7146f30d609ed442ecf7eb2b61108f
Data/FITS/fit_9b92483ad31a_K55.qs2,731711,2026-07-07 22:31:53,8788e37eaa4b3da00e3903641f85794539a4c93d26b27156666c7bf62d19efc0
Data/FITS/fit_9b99fe14dfe3_K6.qs2,12085,2026-07-09 07:13:20,3fd4603f736add34020a145f36a91b1d36158747cd868f01c7fecb28d303343e
Data/FITS/fit_9bb8e1801915_K90.qs2,478406,2026-07-10 16:47:59,fef1e59faaf95f5171a3a1d4e618f3bbbf15a8ae3bd245cc4c150c3aa236e0bf
Data/FITS/fit_9bcb3d3e85a7_K5.qs2,61279,2026-09-01 22:28:14,dccd50f919bc5f4febc56e6e9f45e367410b53aa3fc933dadb4f24148bf67c30
Data/FITS/fit_9bd0a0ec1789_K15.qs2,3341060,2026-07-08 15:49:00,2b7438643d8cd9c4467de3e53d0782535dc356d2d3599f21689f1d7d0f856ffc
Data/FITS/fit_9bd8a4a3b7c5_K90.qs2,316550,2026-07-10 14:48:19,28b705e93af09db94f75d6af128836641422098d1c8781c2349e0c276ff7c02c
Data/FITS/fit_9be995162ede_K40.qs2,177718,2026-07-11 04:44:23,3af0bdd2bd87879e332d1a918e5f668513e50d7b9e757787abb192b73ca4a13c
Data/FITS/fit_9bf3f7ea153a_K80.qs2,2711263,2026-07-09 09:47:42,c97c3f00f7bd503a9f3441aa641ee8293fb20efd3083f43d59b93cae0fdb0621
Data/FITS/fit_9bf8b18b47f5_K40.qs2,194772,2026-07-11 08:21:32,8767d7080c6c83c34edf3e09c23f0b7293f917452303ceb122ec5b8c08763d7a
Data/FITS/fit_9c1a78dfbbe1_K100.qs2,516959,2026-07-10 16:46:31,e93987a510ba0ee0ad7c24eb939ae02beeaed4625ba4fd9a5f1c240e89cf1c38
Data/FITS/fit_9c2f00a20e5f_K5.qs2,330940,2026-07-08 10:25:40,4b6eca52b3038ad96353f72465dc09f15022a11180963f1686678344f6e774c8
Data/FITS/fit_9c3b8c65a5d0_K180.qs2,4957755,2026-07-09 07:56:03,e54a729ac1374cbc37a353c659ab589f4b6da6869254fb430615e630b14994a2
Data/FITS/fit_9c3c838f2fb1_K100.qs2,488582,2026-07-09 20:26:49,ec8784e1f85ae93567f36b61151ffcb53a08212d5759973d31be0666076d8631
Data/FITS/fit_9c40ce2a885f_K110.qs2,3486193,2026-07-09 09:15:41,b2009e297a23bf609428c72d32259cc6e9f29d3fe96df0b2171ff6ac9d78b42e
Data/FITS/fit_9c48d1ddb51d_K12.qs2,15649,2026-07-09 07:09:18,c196649a5be2698834a7b0be648b257d3ac45c0b13f019c3df91f845301955de
Data/FITS/fit_9c6090cc1df2_K130.qs2,405728,2026-07-13 12:24:14,c081a0fdeeedc671859ac24bcff645482c08739f1af18e0b401f1cd3fc55b9c3
Data/FITS/fit_9c65f8ff31b9_K20.qs2,932341,2026-07-09 10:51:21,9cad36f0ab0a3c6ffb011a8eeef65f8d03a0709a7b6e1108d87c9a6a1f0dfc10
Data/FITS/fit_9c7cb6da0b49_K60.qs2,326180,2026-07-09 20:34:04,f003bb152099ac7dd056cc481fb268d175eca45e5b9c40fb7272c5d156979e5e
Data/FITS/fit_9cc7a13a13ff_K18.qs2,25732,2026-07-09 07:09:13,0244e5d47923107d75141a5924ff9b4478942b4c37cdd62b38e1757ee6d27660
Data/FITS/fit_9ccbcd0587ec_K100.qs2,340834,2026-07-11 12:55:01,8f074c4c75f4800a93fbdf8d849f393ac1cbe13e8e9f8cfcfb68137696019670
Data/FITS/fit_9ccd3af0fce1_K10.qs2,60781,2026-07-14 16:05:21,a11588d412d854d931228c9c8bc909394f871323113ecf5e103c5786bc486afa
Data/FITS/fit_9cda870c74b8_K25.qs2,163106,2026-07-07 22:02:34,44037fac58ec2f0afee60779c81c3889305d9e25b6d5d905e5ae0c3216dc672b
Data/FITS/fit_9cf97e5d8486_K60.qs2,2118676,2026-07-09 10:06:50,76a4e3fc96e993934bbd08f9bf31ddbe2905d8bb8fd35bc681bba83a3e164942
Data/FITS/fit_9cfcd9f488c8_K100.qs2,469495,2026-07-10 14:45:45,a61d9c10c68b1bf07fde3230f39949e588dfe34fe9d14069aff83debb77706e1
Data/FITS/fit_9cfd048c0c32_K190.qs2,779490,2026-07-09 20:11:46,fbe0e59c1774c9cdd243bcc009de142e3faf67b67e8cfec5847d3e5ded679299
Data/FITS/fit_9d27c8a2cab9_K3.qs2,7762,2026-07-08 09:15:56,5fea69e18683078291ca513479f60ae02f949dff91f9013d06c0af543a9b930b
Data/FITS/fit_9d5afb33e169_K90.qs2,2948812,2026-07-09 09:36:09,1f627947d8808561bc4be79bf66a6fec7e47b90d79886a4812e08f23851e28f8
Data/FITS/fit_9d862ce1ce11_K25.qs2,139911,2026-09-01 22:27:08,ec83174853193aac0e050902e555dc2cff26fbad3658068dd7073f09959cd6e0
Data/FITS/fit_9d98ac149e4d_K20.qs2,86164,2026-07-14 16:05:21,25660ae3022ac60ef20c595ef80445b986f94c6a87c8733d3be5472775b46d1d
Data/FITS/fit_9dc59a52a3fe_K70.qs2,418442,2026-07-10 16:49:41,b797145c83c18d7a7770294ccbc01eb51595501f3b079d0dded3bce8af7448f7
Data/FITS/fit_9dc7ec8b5b72_K25.qs2,415522,2026-07-07 22:17:56,0450497ba47fa6594ed1cc476e024e9e53061841a015bd007b2c6262f8593f24
Data/FITS/fit_9dd54d05b866_K2.qs2,20702,2026-07-07 21:31:45,1137c0c6db261852f5ec801d91a480803ce3072fc1b63191b2495e7256815d28
Data/FITS/fit_9de011270357_K150.qs2,4406291,2026-07-09 08:35:44,fc62a089f0543c16ceb8de8e700e9cbdea00f82b4d3027112bed322b9cee5f79
Data/FITS/fit_9dfe00a04c6d_K50.qs2,279332,2026-07-09 20:36:07,5fbd16b3cd14836c3aa7456ff2e9e930d2004fb6e4496029aba3a46d22a5764a
Data/FITS/fit_9e04f4b92075_K20.qs2,198121,2026-07-10 16:55:04,1a47c6ee06d061fcae494f777634d6d06214d0bf6c2bab32ce53883532eeef68
Data/FITS/fit_9e17b2094035_K11.qs2,85158,2026-07-11 12:51:01,09c093ab7f763119c468edb1c449e292589ab8008cd4def6fc21d9cecb3579c9
Data/FITS/fit_9e189fc74b8b_K90.qs2,319246,2026-07-10 14:47:45,27f12948cc897e0a3becae9b473c9cc431df9be4f8279acad2ed58c425a334b9
Data/FITS/fit_9e1ef52ba498_K3.qs2,33392,2026-07-07 21:31:26,ee9a72d5624aa430cc3d4d874036b8dac0660f8d8ee30c4770062826738dbb83
Data/FITS/fit_9e2476080917_K200.qs2,814216,2026-07-09 20:09:31,8b2e4b56de87731c8ae3ae6edcde4842002f0257b41330a98ef3ed4aa5c5846e
Data/FITS/fit_9e2dd95aa832_K5.qs2,331141,2026-07-08 10:23:48,0325eeed4b03ad51ddcaa9286427dfbd2ace8bf63add503fc9023b07a5e4a182
Data/FITS/fit_9e840fac49c3_K60.qs2,239518,2026-07-10 14:51:35,bbcf935aff6d6a526ac6ce0074c3dd25ecbe0e9eeab7fd57b961b8d0e064724c
Data/FITS/fit_9e8b5a11618e_K10.qs2,2877046,2026-07-08 15:51:11,eb911ae4134ccb9badb832a5ffaa7d47077825cf11b791c428bb9fc8b41d1335
Data/FITS/fit_9e98fba1d91a_K20.qs2,222165,2026-07-08 22:17:49,08a525c7741c626ab1c01dbb26c677464753e0ee54cdf3ae4d0f5a5cb8e6544c
Data/FITS/fit_9eb271061a64_K160.qs2,697894,2026-07-09 20:17:18,fae2aabed48e3d9e869e122b64ea1709e5dd06090f3442771faa37b0cf00c811
Data/FITS/fit_9ecb4a7fc749_K20.qs2,198118,2026-07-10 16:55:26,511779ef7743d4160d2f18e9f4c96fec034bd0f690b95cf058e95e2b7f796a5c
Data/FITS/fit_9ecbc524f7c7_K3.qs2,7127,2026-07-08 09:15:35,89968fb701f0c9eb555de8858cd71624b6732af9ac44900cca5cc777fd7d13fb
Data/FITS/fit_9eeb8f57d28a_K80.qs2,291935,2026-07-10 14:49:25,07a5bc10554af99526c59b3e3c8e33561135264182ffe1a1ee74120daf9f42ee
Data/FITS/fit_9ef9baa407c4_K30.qs2,308380,2026-07-14 18:44:33,5ae435c2fd7b6c3d3e86c96753be04130d345324bd10503d7dff893de8ab9e90
Data/FITS/fit_9f01bc7f1696_K40.qs2,181777,2026-07-11 00:00:53,302c6dafc12e1100b896207a59b92f489164125d99a0617525f6a2e3ff1b7bb1
Data/FITS/fit_9f10d97339fa_K60.qs2,326689,2026-07-09 20:34:27,e6c2ba93ca8238fe836aa1a23caa58dfaf8a59bbab36407ed391eb59acb345e4
Data/FITS/fit_9f3134b5c25a_K190.qs2,783393,2026-07-09 20:11:50,157e46a3a042b852f8e58ff513f1f9267bb5df4b1ab787ec2c23d7cc9942cd4f
Data/FITS/fit_9f4e13f46977_K30.qs2,148090,2026-09-01 10:10:02,53e84739d07277cc913b2119c20370771f726b6edb5da7eb878149d61c7da260
Data/FITS/fit_9f5ae2dd8aac_K10.qs2,83495,2026-07-11 04:06:57,38430d6b2740f0902fd7dfa6bccea0a8b453a4376b39c58017c4b9dbd8838307
Data/FITS/fit_9f6acf77d191_K160.qs2,688758,2026-07-09 20:17:49,51684536e5da3514f600b64f6914421bd54accb6ff65db7ea1919f52b970312c
Data/FITS/fit_9f78fedf8edf_K15.qs2,191523,2026-07-07 22:47:32,ecf62237cb455dcb046bc13f6086683864b06381747066805f49617cfb6acad5
Data/FITS/fit_9f95db3c93fd_K10.qs2,1419223,2026-07-07 15:31:59,9e8ae4a39e1ea746d3455aa310426a1e3f8e123171ca9dd6fe66bb705ca8f01d
Data/FITS/fit_9fbeb49c43e9_K30.qs2,152490,2026-07-10 14:53:53,3b05e84a9d0beb060e62f7a979defd5d4f2b7d5395c570641c821d7ee328186e
Data/FITS/fit_a001ff359ba0_K3.qs2,25833,2026-07-07 15:18:46,7b6dcad5cd958f6d6c1867de6c3c2affcad8c3c7d712128790a8db575079e808
Data/FITS/fit_a00e437907d4_K80.qs2,458411,2026-07-10 16:48:35,92612dd8c024a6aea859930eb788f7dcee22ea53d9161e5573706c5b5e6e88b7
Data/FITS/fit_a028f86a1549_K40.qs2,181858,2026-07-11 13:06:41,9a3a66b27f89e85ee78822b0fd4889a60cf5686ea4dfffa51191a9a07271232f
Data/FITS/fit_a03a58101bc0_K30.qs2,188585,2026-07-07 22:02:38,b6f91ae8eb34db8fa20d73414c9b8af90716c6a1c268ea87bff04935238ab92d
Data/FITS/fit_a056cb8b394b_K200.qs2,5360845,2026-07-09 07:30:18,925989ae53fad8af5c8e0ba29d022a68573046a4169b4e9e03090e1bbbb86ff7
Data/FITS/fit_a06833cc4a97_K9.qs2,1373746,2026-07-07 15:33:22,f0732bd8e2f1425c957dcd2e7193094c31451e1922ff0cde87e78f31a1009d40
Data/FITS/fit_a06c1a101e06_K170.qs2,727774,2026-07-09 20:15:10,5744e44af347dd06d78845a1abce539ce50790c7894b5d0756511c28a0b3562d
Data/FITS/fit_a06da4d5f9dd_K70.qs2,2425936,2026-07-09 09:59:16,0e4c0e904d4be688a8761d933fecb34fbb733af24e4e7fd54e5ea442828810da
Data/FITS/fit_a070ec1fc6c5_K50.qs2,4129530,2026-09-01 12:34:47,14ce831d6523cb264eb0686be927f57d561e143f36a20ceaab4fb3868b607a23
Data/FITS/fit_a0784a89bc99_K30.qs2,201579,2026-07-09 20:39:18,6bda6b0c42f8898f0d99fab645576687e08e96a137a89b8118e035c8a7c3b33c
Data/FITS/fit_a07bd664d5a8_K5.qs2,1160570,2026-07-07 15:30:16,9af293dffb3f5a3e59764a726e4024c0d2e12971aea456ea7fa61eb16c235ece
Data/FITS/fit_a0a92ae85896_K160.qs2,696091,2026-07-09 20:17:50,a532f29a14b64dd7cdfc90cab5dec52df1cb0d75160575b876d6f777fa5379cd
Data/FITS/fit_a0dc7d81bfec_K30.qs2,188416,2026-07-07 21:59:27,518673b37d18a0bd6ee8360453c596ccbb45b799fe1acf18fff265811708e63f
Data/FITS/fit_a0ee27b3ebdd_K90.qs2,2976364,2026-07-09 09:39:57,5804b19888587aa13a65fa77c4a5f2d8b29d97d0dc326eecd4464c0c39181071
Data/FITS/fit_a12cf6fa38b4_K12.qs2,15607,2026-07-09 07:13:18,e82cb4baf0258704ff8d58cd111d6e9b375d133182c6308e81a21d669fcf87bc
Data/FITS/fit_a13adf1c31fb_K5.qs2,61073,2026-09-01 22:28:13,ce4b5893dfe929b226583731de04a413051c5944fa773712b751459f764bd315
Data/FITS/fit_a14dd78abfa1_K30.qs2,248562,2026-07-10 16:54:17,ca59f6e21aa169cb362f05f1eb3f773181ebf3cffc10cf318704bcfad9828240
Data/FITS/fit_a16a2a738858_K190.qs2,785163,2026-07-09 20:11:52,e6a255db2fe1053f7a0f9b6130103397d29a7e892bc72f28f0750016c55ba7a9
Data/FITS/fit_a18768204db2_K14.qs2,17307,2026-07-09 07:13:17,e7cffe37b06b7579ee689d9f39c142081d9cb63d98a8a97e7da936b01400b7f8
Data/FITS/fit_a188ab46268d_K12.qs2,16101,2026-07-09 07:09:18,9cdbda7178c0aae112aeb89260649a6616f5cd2b4ccaeb2e2d21d5afe2e3ea52
Data/FITS/fit_a197fdce321c_K60.qs2,237367,2026-07-10 14:51:34,313680aa521ae9cdc78c08ebec7910a5ac572dba75fd7a4f19577fb403a1e31c
Data/FITS/fit_a1bd28b35133_K50.qs2,210945,2026-07-11 13:05:30,e7765299f78dc46a30cea1302e60b3af6cf9061cd529371ca01127ac239d8a7d
Data/FITS/fit_a1d3f9b98796_K10.qs2,150184,2026-07-07 22:48:53,bbc36aeef6a59ea99d3fc549c2979129b0a461e90f22753134174f46b7669881
Data/FITS/fit_a1daf0c31123_K30.qs2,469600,2026-07-07 22:40:34,0eab07d434b713324628524cf960e973e5b472316d91ef6e236452ad83aac369
Data/FITS/fit_a1e1567f2fd2_K10.qs2,546921,2026-07-08 10:21:08,a1edfe133698f80a3aa3712a22b27024b64074e47dcb2326a7cd59bd13cd0ecd
Data/FITS/fit_a2106fc3d8a3_K10.qs2,561307,2026-07-09 10:54:04,a18f502396f2b5d4b943533bb765600c9063ec553667fb17c9d4d39cab5159f0
Data/FITS/fit_a232056b5c50_K45.qs2,1619815,2026-07-08 09:48:15,5ee81b9138ca996adbbc6835100efd5324c65ad588715b5605b12739c6ec53c7
Data/FITS/fit_a247e7da301b_K13.qs2,93079,2026-07-11 12:50:57,b8944e883fee40bf1db9d88ead52efa730b06e70a9d61cf16f9c530c0e9dcf10
Data/FITS/fit_a25ed06ad35e_K50.qs2,4172239,2026-09-01 12:26:51,34d4f7023e71f1e9f6c8a96d39c2b3900c2b84745a2cc32e3e8aec41da34a228
Data/FITS/fit_a261c4c497e5_K10.qs2,79935,2026-07-11 07:10:56,ecab990b6cab04b43e821f894089fc206457167563e7c7bfc6a17c0785f05f87
Data/FITS/fit_a268faa1e081_K60.qs2,2122123,2026-07-09 10:10:36,b4c8a5cf4e057428300f436307d991227bf1e7ac451d8c4bde3d08eb2ca8e69b
Data/FITS/fit_a2705867ad87_K10.qs2,83219,2026-07-11 09:47:10,f6e7cfa13e1b36b4329c4696ee9d60a3bac792cc251155e561aa2c98ba0fed02
Data/FITS/fit_a28b1541210d_K80.qs2,2715885,2026-07-09 09:51:45,79f8000034ff501e9d010c0af63aabf54f60449a5208ba653f0ce827f926772f
Data/FITS/fit_a28c61a3387c_K10.qs2,150223,2026-07-07 22:47:21,a6fa8348a162d713ee412bfea3d691089de5c600fdab84d0842637c8763ef6a3
Data/FITS/fit_a29427fb1eb8_K5.qs2,11306,2026-07-09 07:00:45,cb8b225ef8df7f76e6185257a93580cbcddf77a83c001fb364749fe44cfabe72
Data/FITS/fit_a29e55e3f137_K100.qs2,468643,2026-07-10 14:45:44,ea0e57bdab6a288532476eb8ce087500c83ebf8ed44e4ae1f5d89cebc391f9dd
Data/FITS/fit_a2aa972d4643_K70.qs2,267891,2026-07-10 14:50:29,d9d1337ea95aa50576d88765a5893b388c7ee880a250042166020c00eeaf8c3f
Data/FITS/fit_a2bc0f5a051f_K150.qs2,664468,2026-07-09 20:18:58,b84429f6744ac36af90d5b0a7fe0e2c0e383155ca63629d5ec54e4b15c3c9581
Data/FITS/fit_a2f15e0f4162_K20.qs2,157736,2026-07-09 20:40:24,47ab68aa89efdc1582f0fe1f6e994252ee37233e707efb042870abb61ceb87ac
Data/FITS/fit_a319956085ec_K20.qs2,119922,2026-09-01 10:55:35,a459f70c2f506b3d91b7b3ac15c81cf928187c98fd05b8b21a61e1a19680d98c
Data/FITS/fit_a32c628f836d_K10.qs2,561681,2026-07-09 11:01:56,f8733258f97b5aee751cd22550910c4fb4f36299cc582960d429b524b7c500d9
Data/FITS/fit_a33f4ec017b3_K3.qs2,109856,2026-07-08 12:33:28,af96c5a6a0b5167f04208860451ffd40ff266c425d9044b2aba255c8c8bca23c
Data/FITS/fit_a34bd84f370b_K10.qs2,1417236,2026-07-07 15:29:52,c104443ad988673b374eed0e445f210ac5bcc0949fa181ba088bffe847e5b9f9
Data/FITS/fit_a35e6013feaa_K90.qs2,492857,2026-07-10 16:47:47,06c1452387eb7680ed4f48339beebf1c70e4b96312a231a4b3b9f02e05094258
Data/FITS/fit_a36c632f30f1_K9.qs2,1368263,2026-07-07 15:27:57,282ef676d066aaeac3dce2a8d035accf38f121a5cf4db078ed832cefae0215e4
Data/FITS/fit_a370c3344159_K6.qs2,1227671,2026-07-07 15:29:17,78be07159a3461d7a67ed1a328d6f4ebfcb4b4311f69c9bd78800cf0bc600ac4
Data/FITS/fit_a37d0fe4cc5c_K60.qs2,2048465,2026-07-08 10:16:39,bb73eacd708f7f7c96094f11cc3d5609ff4c2daabc60bce9b31173767541e04e
Data/FITS/fit_a3856e550eb8_K10.qs2,436039,2026-07-14 16:22:06,29b3dbba2992a033a968e8349cda46f72eac730b1898ccef4cdd6a8c671bf026
Data/FITS/fit_a39253c5a20f_K10.qs2,99669,2026-07-09 20:43:24,95c7f7de6f7b67ad33888d0f82963f113b8c93c0738e49ddd228df40499feb40
Data/FITS/fit_a3ac0960f3aa_K10.qs2,85641,2026-07-11 04:26:33,52fc806b1448c8e0aa946c90880e0767d1a02732acfbbcd0bfd5e2b754715e0b
Data/FITS/fit_a3b40fdadb95_K140.qs2,628557,2026-07-09 20:20:00,4d67871cb1beead2d4aaf8942bf98818f85d8aa9eb213825432b8dbd9ce2c04e
Data/FITS/fit_a3c20b79ec7e_K30.qs2,469055,2026-07-07 22:35:56,bc6d3af8281591065dd7b4c182f30ba7863764aa5d05e1e5150ceec4224cfc28
Data/FITS/fit_a3d9c60b354e_K12.qs2,15567,2026-07-09 07:13:18,cada1a2bde41e840d5aa10601ea4fa1edefdb75e7e2e04f4c7dc8f11989235c6
Data/FITS/fit_a3ebfac0f959_K10.qs2,1420182,2026-07-07 15:41:17,73ade972ecb6f2719569e9c0ea75f6f1eb2bb945f13285ad0e1bb2bd8041ae0b
Data/FITS/fit_a3ef4b8f6d6b_K170.qs2,4775383,2026-07-09 08:15:55,1fca602f99a3f9a4ad103d3183253067681bd53428fcb10f092000b9bacdc48e
Data/FITS/fit_a3f2a291aad6_K15.qs2,16564,2026-07-09 07:00:40,949c613163c45ca36b75a33adef4917ea3f3299072b2afa922d20f916c23ded4
Data/FITS/fit_a3f780b070fd_K20.qs2,121830,2026-07-11 13:10:01,ba3db233cfe5bffb34734d2e9eb3c582fd74411c43d05d6162dd11076fc66216
Data/FITS/fit_a404daec5b03_K10.qs2,73498,2026-07-11 01:24:56,3a0dc18210812a069b5c0034d8b2c937b1ea0b51ab93f745a050d67c912cfa41
Data/FITS/fit_a418be5da57c_K18.qs2,19116,2026-07-09 07:13:15,e361ea1c8bffd4b48ff19bc7b6a3ac98286298dc5fd45b17deb8ae42d119fdc5
Data/FITS/fit_a43367d30932_K4.qs2,58920,2026-07-08 09:16:53,774bcc310f76b7ae54ab864ebf55df212d581e121eef73ef749942042988d7c2
Data/FITS/fit_a45074992791_K45.qs2,678365,2026-07-07 22:38:27,8ab1cc7d79febac517d95cf74191636364404f01012a400fb562417b3e0d8dce
Data/FITS/fit_a466719580e8_K70.qs2,367444,2026-07-09 20:32:49,ab8c3a1af3cdc88a5b4020cd14c9db480ab48df684c7cb04199aad0349d04109
Data/FITS/fit_a46afaa5a599_K70.qs2,265379,2026-07-11 13:01:45,ca8f3d5f2d1be593356c7ae9cc9e99fc33b8ccb61264dddf2564e36321b68ed2
Data/FITS/fit_a46cf02f92a9_K10.qs2,99591,2026-07-09 20:43:30,61fe933c93f8f8cd9a6b7493c90bf250e7c69726a96f3d0342d346347ff54d7c
Data/FITS/fit_a4870103fc4c_K100.qs2,3220977,2026-07-09 09:32:15,572c77b87e174fbb89dd2773ae5a951ac7ec124e80f69fe5bba997c4e172053e
Data/FITS/fit_a487c31e6803_K50.qs2,211913,2026-07-10 14:51:39,a0d9ce861e637be93db88fbbb28658bde7c39823319782acda493c71e5684def
Data/FITS/fit_a49f9485c84b_K190.qs2,785790,2026-07-09 20:12:22,2da56c6d9d1e08184e76e21cac08a245a1736f564d8925cb8ac6f68309e83a75
Data/FITS/fit_a4b5e7477e9d_K100.qs2,490220,2026-07-09 20:27:15,059a01ab30678ef9513f4ab04b8fd9ec124203920ba59967917ec6bdf864a92f
Data/FITS/fit_a4bf8947ab44_K40.qs2,178760,2026-07-11 03:57:19,8bbcb2ef1cf0bff325cb69abed85c88612a6d246d312101df310b3017e7ae0e4
Data/FITS/fit_a4eaa5fb8809_K9.qs2,1356227,2026-07-07 16:28:28,a999d3a524afc26d7bb3dada0c9185e56fffa0c161a631c9138d567dcc89fb14
Data/FITS/fit_a4fd612157d4_K10.qs2,82197,2026-07-11 03:27:19,70561bfed2fa9e3212e3368bfd6abee9382362a2112eb610309510fa5b933a46
Data/FITS/fit_a51943528026_K50.qs2,213269,2026-07-10 14:51:35,e7bca83f000321617a171941ee463669a62ec0af30f1867f9f0fcb9df95cc715
Data/FITS/fit_a51f64e5ab7a_K5.qs2,1103687,2026-07-07 17:18:41,32a650eb699ea2ea57d0affd049b84d7efdee11a23a80907011ba6f375aa656a
Data/FITS/fit_a523fc4b5512_K130.qs2,592005,2026-07-09 20:22:04,aaf69181f6a593fbdf6e2b06690bbaf60b52d5d4cfa5c81f4fce0a59ce0ee449
Data/FITS/fit_a54018502baa_K6.qs2,71786,2026-07-08 12:33:22,b3242f04fa5b989780f606c674c8fec7fd791bef6bfcbd71d80903fd37b5aad6
Data/FITS/fit_a55d0b524022_K5.qs2,2436197,2026-07-08 15:56:11,487c22222ad08a1d72a4669e2280b0aa723dbea5c915bec9a4596897378aa24d
Data/FITS/fit_a55f7adc38c9_K70.qs2,369795,2026-07-09 20:32:32,a3b0aad773d777091e7955eeaa7ee2c3a9144e19255ce36afa62cd470cb01b94
Data/FITS/fit_a588908a0b5e_K20.qs2,243631,2026-07-14 18:44:27,348c4e95615a646c6d786a9181547cd75faa00668976c693fe3348af78eaa78b
Data/FITS/fit_a6007b32af10_K20.qs2,198294,2026-07-10 16:55:15,6cc3a70da897de315592587e15c53b97e425284eb74eca4a2793761d015a6653
Data/FITS/fit_a6033ea23b45_K190.qs2,5171814,2026-07-09 07:45:54,a15e383c1c858d29883f5966b729aa726e7a947d1054632bef589b15ac53d65e
Data/FITS/fit_a649524e081b_K45.qs2,1617268,2026-07-08 09:45:03,b6bf07d484084d5ea3aea807daf2c0b9711d8898b2b675a2816b706e281a04d8
Data/FITS/fit_a64bdcec2a4e_K10.qs2,79621,2026-07-11 06:48:13,77606b29ec7462afabd88fcf0d23ef3f80658b33506ad6496ec3fec1170e62a5
Data/FITS/fit_a6a45d2ad283_K3.qs2,24227,2026-07-07 21:31:46,1d6e974796f0f95ce8ac1601f170bb73492468c719e6873b0c5261cf166835c1
Data/FITS/fit_a6a570b9f84c_K18.qs2,19907,2026-07-09 07:13:15,abb133fc020fdd91a7cf4377b880f9b6e3632524f1a2041fe373f967b612aaae
Data/FITS/fit_a6b1122227a6_K10.qs2,14283,2026-07-09 07:00:43,dbc70f37eeb8c8824a6a4a57a92621ef1ee99ecfd387fcc3af26cf37815c0dcb
Data/FITS/fit_a721c4e5caec_K50.qs2,337726,2026-07-10 16:52:09,735b9c8ef48bd5795b11872bfc50b07ffcc4ac20cd232727e6232cb659163caa
Data/FITS/fit_a72e3ec6c86f_K80.qs2,292912,2026-07-10 16:49:14,93115f3eb9afd81ac31b8ce1a725aa069fc6d29366781ad17b7a146f52bf2af0
Data/FITS/fit_a73d4e11f93f_K16.qs2,17590,2026-07-09 07:00:41,f480520f009d59f88abe90c1a5dca099e53606b34afda166ba2852cd33f02423
Data/FITS/fit_a75ff95daa63_K12.qs2,1521338,2026-07-07 16:29:35,c1dd2aa70fe6be41a9c293f21f4b0cd20364e104763710fe0825733d510717fd
Data/FITS/fit_a762e94d71a6_K10.qs2,80706,2026-07-11 00:12:51,49ee4c35d270d2489ce094204dc896e3a8392a226485ed94a1798913729d9f3c
Data/FITS/fit_a7929dab64df_K5.qs2,337576,2026-07-09 11:03:29,f13ee09a41757939e8815fb1f5cc8f5bfbad7536554e490bb44f3b042f5b66c1
Data/FITS/fit_a7a168f83305_K16.qs2,17717,2026-07-09 07:13:16,f07f1d60dbdf6cbd3c65ecc556ff0c63467f7ac7bfa719dd00669293f09e3615
Data/FITS/fit_a7a20eb55907_K60.qs2,7495432,2026-07-08 13:48:13,320636cbf870cb9e0cff0729f0593d5bd96de7e803fb68f3aa6f983a849d53c0
Data/FITS/fit_a7a3274037cc_K10.qs2,124404,2026-07-10 16:56:00,8b0f73499ca8e1d1f976dfd7476055094145b99c67a17e763d40a240080c1533
Data/FITS/fit_a7b187a380b2_K7.qs2,75695,2026-07-08 09:17:57,0414f257cf36fc6eceecdf9d3360a34e5c897267935d6eeb416fb5904c9ec0a6
Data/FITS/fit_a7cc241df3b2_K90.qs2,317582,2026-07-10 16:48:19,a4ee88b08859547ea31e6c9e13aabec0827d16a13e85543bfa9c21833c331c24
Data/FITS/fit_a7dff49188dc_K60.qs2,547264,2026-07-07 22:27:56,40b450a7c6a7d510f767b813a0748daab02c18c1a7d29fb3e5f1df246729ac20
Data/FITS/fit_a7f1bda914d8_K20.qs2,198108,2026-07-10 16:55:07,70ec3560bb83d537a4c5c27e5397b6d54485ae77ff1b5c2527b63a5bac4c3c7c
Data/FITS/fit_a8166b211b54_K30.qs2,148369,2026-09-01 11:17:38,4d273446c9b8caaa0bd9599e6378e5560cd359e96813eeafceee34c7cc515bc8
Data/FITS/fit_a829cc8f75da_K50.qs2,206443,2026-09-01 11:17:34,43b5e5dd62c2c4489514789e3738542638d84a989a952e58cdc774c8f6b35f34
Data/FITS/fit_a82b316f26c1_K10.qs2,14525,2026-07-09 07:09:20,ade53450060ebe36e643e0dfcc90ff9e1f7316bee56ee6a82bdfe78c8eb01c62
Data/FITS/fit_a85fd33f5b03_K14.qs2,16643,2026-07-09 07:13:17,b55a9f6306852c566f9469e5c83ca7249dec724b79cda46580e953a075390192
Data/FITS/fit_a88444a21093_K30.qs2,249132,2026-07-10 16:53:49,0fa4d030170260d5a4949764084cc966f95ad38277080b5b794cde80c0f9646e
Data/FITS/fit_a8bc6e5afe08_K10.qs2,81099,2026-07-10 14:56:03,d47ae8c4b783f84c8cfc4f6df3ccc100dffb7253af5aebcf008fe92307035257
Data/FITS/fit_a8bd7ababa90_K50.qs2,337581,2026-07-10 16:51:43,df09307c75c11ada23e79331262ca1a8292e991859e96f033ec64b3b585a3db7
Data/FITS/fit_a8cdaafdddec_K15.qs2,16665,2026-07-09 07:00:40,2da7c7555268a4bf16aa487cb225ee950845a03f75bd8f33cae59e4d7e7b4b1a
Data/FITS/fit_a8d09be9059f_K6.qs2,11382,2026-07-08 09:15:56,1718f37df45aa5f1005d4d6e630621d66a882bba8d851fe5ffe306bb2fce1ab6
Data/FITS/fit_a8d62b50166f_K15.qs2,729178,2026-07-08 10:18:46,8b5678b7366dab75ebe50ad10be474ead1ad05f1680513bd24ff4f6a50a9aaf1
Data/FITS/fit_a8df528474a5_K15.qs2,191716,2026-07-07 22:48:23,1067a3228a6209a73a018037635f43ac4a9abe3e5ca5f881169af3528b980210
Data/FITS/fit_a914ccb352d7_K40.qs2,199686,2026-07-11 06:37:50,99ccd15e9f5578f037367d5ce335538932c98ca5da03be3df0af1fdedae98a00
Data/FITS/fit_a94397476afb_K100.qs2,489043,2026-07-09 20:27:17,c044ab71838187719083e517cb453f41916b9093f59e3b7f00f0ff80ad437345
Data/FITS/fit_a94be17bc821_K160.qs2,4616080,2026-07-09 08:30:03,81049174307320e66c26ed42fa4e0f58ed2421a0604f701a53fbe03821592ec0
Data/FITS/fit_a961898a52b4_K5.qs2,1167551,2026-07-07 15:23:39,55679760db30405c222cad804ecef26ba434760144d81f162042a4845d5c8a8f
Data/FITS/fit_a9731d82ae16_K70.qs2,262487,2026-09-01 11:17:36,60e0eb27145c0db0656aa90503b56c814ffefd696d46517edcaf627f25850326
Data/FITS/fit_a988daa3d433_K50.qs2,339923,2026-07-10 16:51:54,8701e415d4997708175c20300022902994d545d94da66329460aaf4dd725f259
Data/FITS/fit_a9978ab7feee_K15.qs2,106637,2026-09-01 22:27:45,111e8b5272ecfc8416face83cfdaedd74ba4c3538dae4d39893e55fee64c8828
Data/FITS/fit_a9a0493d6a6b_K2.qs2,908883,2026-07-07 16:20:43,f7932f74d6180aa89b70eb2fc40f6639c4482c05db26416380fed58373f71d2b
Data/FITS/fit_a9a1d64e759b_K20.qs2,122916,2026-07-11 13:11:04,8e7e3ed1f963d04b361863d452e5a04872150aa62ff8b8b1fa5acf0d7b98b6c0
Data/FITS/fit_a9c8bb8a0165_K30.qs2,153450,2026-07-11 13:08:24,7db4ff09ae12b495f5ea8738b89bc0b2c21e288289c8d5199e96bcce150f9261
Data/FITS/fit_a9d460cfe358_K70.qs2,420532,2026-07-10 16:49:52,44cdaa44729c0a27af3e0841adf5a862ae23dcb524995bee11cb63aa5534ab68
Data/FITS/fit_a9ef88702c99_K6.qs2,69594,2026-07-11 22:32:02,07cfd7e941e6e8a7b92a427a5b6cab193533db5b229af0c66770c71c52955188
Data/FITS/fit_aa2793574cec_K40.qs2,177960,2026-07-10 16:53:32,e3df16db528a84e3ac90c9bd9a668c5104f54eb3be64ec520c5b5e12a9bf498e
Data/FITS/fit_aa3ff892a610_K30.qs2,81478,2026-07-07 21:59:59,e46b18cd0e60893174ec2c4a8140cac657d5db730ff9cc1d82e215d52c0ba683
Data/FITS/fit_aa442bde34b1_K10.qs2,85806,2026-07-07 22:02:42,167b0b43f7ce300fd77edd3fb4aed1ba904369a505fabf22b21a97a102c8258d
Data/FITS/fit_aa8c3bb28484_K20.qs2,21019,2026-07-09 07:13:14,cf17f6f3db9e04abf775e7ba4f144a3f982ef9dc73023dac1a1fe85d84f39e14
Data/FITS/fit_aaa4eb8b9035_K200.qs2,5331943,2026-07-09 07:40:41,941edcb1b85339bcba0d4e89b4a8eb8f09e9fcf7e790c9a3f926dad4a70cdcc6
Data/FITS/fit_aab43364a5db_K9.qs2,1372744,2026-07-07 15:30:57,e9bcb7450af6122c1e19b9f86cee9e537218f972e9d6455b292edf37f2876d99
Data/FITS/fit_aab4c52dc8d1_K20.qs2,181992,2026-07-07 22:51:05,5519dbf83775b678a21702ade03c1e5e94bd5aaf19a913366ea1ee9b9ca49915
Data/FITS/fit_aac78e3f5676_K10.qs2,541798,2026-07-08 10:23:31,59391c572b3bb390e3b68988455724fabeff24d11be63b97f8bdb03b35dfc1d2
Data/FITS/fit_aaee0bf34efd_K10.qs2,82077,2026-07-10 14:55:28,85838169a70743cd67c3291b8914dcfbdb10309879572eb45dd1b0bfaf2114a3
Data/FITS/fit_ab28765e8866_K10.qs2,91800,2026-09-01 22:28:09,01d6b641d9b96694847e8e9ad81af0115cf9f731bdb8341373ccfcfb3f13e408
Data/FITS/fit_ab415bb2605a_K190.qs2,5201377,2026-07-09 07:45:57,3ed0c958e43969f4c39af1be9fa5f1241a791bfb7ae30325347c3592e805ddbd
Data/FITS/fit_ab569479205d_K10.qs2,561346,2026-07-09 11:01:01,aaa73691d20b5fc778656918bb9688198b9ac9c47838b41a6bdd013148d59db4
Data/FITS/fit_ab8c2e8a35cb_K10.qs2,80433,2026-07-11 13:12:30,701c34742c5e8cef663782d94595c99edafaef3472a7ae4f345eb3347b26bf30
Data/FITS/fit_abab4aea89f1_K30.qs2,154027,2026-07-11 13:07:54,42c81241c703f7b7e9495d7b8872f13fb19a4b6016c0980674d2cb9cb79d0b1d
Data/FITS/fit_abb362ad9980_K30.qs2,150162,2026-07-10 16:54:37,80ba9590a2e14ad6c3f51ab66226b3c2dc94a92d4a17528955d5fb2f29d07bb7
Data/FITS/fit_abe5fef57a09_K70.qs2,2420071,2026-07-09 10:03:26,9536cf24649c67fd96261e7bc185f6aadbd9506b679b17f535ae0a7c459a1a15
Data/FITS/fit_abeadf6824de_K80.qs2,2705469,2026-07-09 09:52:31,d65d24497e65def2d49809e7069c45edf1555135907601b40795689c88cc24ab
Data/FITS/fit_abfbc8bf9fe9_K11.qs2,98903,2026-07-08 09:17:35,1f4931ee28e797ea0a4afba08e2cbd2f6f6d8e8729985b5c3503da689139e340
Data/FITS/fit_ac1569c77070_K35.qs2,175999,2026-09-01 09:43:36,1927d4b6b9b4d0c67dca19fb35723d77e2d2ec3c01e23947fc6f4179ad45106c
Data/FITS/fit_ac1b1d178691_K150.qs2,4404506,2026-07-09 08:30:58,ea3a955748bf94a5cd26b3a3df3d19f3f0b7ba6986ca6340a05e2cc997ffa6e6
Data/FITS/fit_ac34278edfc1_K40.qs2,297281,2026-07-10 16:52:58,5daa27ac2404d25dc3221e57690aeed3c67c4410c50045e88d38c6e986a17cb9
Data/FITS/fit_ac41180713ed_K5.qs2,338287,2026-07-09 11:03:20,261b0e555b6a9aa0237598f3dc629ad435dcea03825aec7e94d8f48db1dcf592
Data/FITS/fit_ac60d7511c79_K9.qs2,90208,2026-07-08 09:16:52,13a09793b51f3043e939fe01be60d09073f63740ba8fab6c2f6a3f5c89c55026
Data/FITS/fit_ac67a7f252c4_K90.qs2,451340,2026-07-09 20:28:10,433b527fcf95acdbf9fb70bb8e6e3ee2be0478c77f7b83b89c52abed4cdaa027
Data/FITS/fit_ac7280d1d6bf_K5.qs2,60966,2026-09-01 22:28:14,0ee6277af0e29ec19d1d6db36f4d7ea9856845fc19584917abbbe5c653aec15e
Data/FITS/fit_ac7d972fa3e1_K10.qs2,80157,2026-07-11 00:22:59,91f0802a5ed2bc1425ca3cbfa971b2d14bb109f6e9e90e918d4577c052aa38b3
Data/FITS/fit_ac85e2b8432c_K40.qs2,186318,2026-09-01 22:26:14,4df14d329322408a008036c83265f3e6c85e400de519489128c11d163c03d5fd
Data/FITS/fit_aca3fe915cd3_K50.qs2,211537,2026-07-11 13:04:25,0ae06ce544c05fd74ed319d5412f83d4cad709f76e54de6a4951156c7fb921a9
Data/FITS/fit_aca4e7a9215e_K100.qs2,340596,2026-07-11 12:55:03,2fb87f38c9f33ff182f37e3ad9952034f306e11d3820a95ec08f28526747893a
Data/FITS/fit_acb073a1c48e_K30.qs2,326744,2026-07-07 22:55:00,9b6fad8bf8f69385c16a61d30b950cdaf60a43a9beae9005b3aa8b3b6ed25627
Data/FITS/fit_acb44e503b29_K140.qs2,4164109,2026-07-09 08:53:32,644e422bbdf4774da2bde0a459c9a114b922620253e2d31fd48f0cbc6c1050b5
Data/FITS/fit_acc21ed983f4_K80.qs2,293535,2026-07-10 14:48:52,cb99eceed99ed503bad7f7711c929d0d5948e51fc0cea7e33ef714fcacbd5292
Data/FITS/fit_accbe2c38b2c_K10.qs2,72154,2026-07-11 01:38:09,626564cadfac9f844bfd836fa9fcf57e7613191e64d12cba8824a7f5eb549294
Data/FITS/fit_acd4f8d7816e_K80.qs2,409411,2026-07-09 20:29:42,c64be1956bee50d81e204e0df628f2d29447a5e6ed02498871f94c065af219e6
Data/FITS/fit_acd868803344_K10.qs2,558984,2026-07-09 10:53:54,73e888ee51c44c6ea741b7a9623615858f2f58ce46106b64e420b02f89636bda
Data/FITS/fit_acde21d3c90e_K70.qs2,2408042,2026-07-09 10:03:59,8d30662eefb6c2ff2a7d65db8c678cb6facd4622823e1364d56baa39f593ae19
Data/FITS/fit_ad46c552298b_K45.qs2,3762874,2026-09-02 00:38:02,38541f97a13c73364cd4787cc601eba30700c3093592b8c64392f40faf5b08c4
Data/FITS/fit_ad4b9fe5381a_K30.qs2,155981,2026-09-01 09:43:53,7ca55257878fb5b54b58235c8733c9aceb6cbfea6de2f4d97d1594908557045d
Data/FITS/fit_ad65ce2e82fe_K20.qs2,20893,2026-07-09 07:09:12,2bc6878c90676416af270b8493e5488f3798834ecc92a6f35ae22ad610c980b7
Data/FITS/fit_ad74929c2735_K30.qs2,251288,2026-07-10 16:54:06,3a7ba3599940344dc62da273d773a0b8ad2481d0a72cbd5c964d44e69ca029af
Data/FITS/fit_ad88102e535b_K10.qs2,79703,2026-07-11 06:34:18,1ac367be8dc247d59ce2b8b6813c3d68be965668d65f4f694f99d24bd1c53c07
Data/FITS/fit_ad97e303408e_K8.qs2,1467986,2026-07-07 15:23:03,fc026fe65434ac1c75f666eb40dfcc36ed8f6428a6215275b30d680675c38a94
Data/FITS/fit_adb4eb5471cf_K5.qs2,2400368,2026-07-08 15:57:30,f0482a5b3c064cd6a3a4cc131d17d6530281c78a997eb3ace5f48194c8d4d9a2
Data/FITS/fit_adc6e7a4d829_K50.qs2,280977,2026-07-09 20:36:13,23129bddbf96fb7adde188e2c836fb6ba652e33c4ac7fe225a6f4119eb887853
Data/FITS/fit_adc829e42942_K4.qs2,27355,2026-07-07 21:31:46,35740470ed4e76b3e1cc87f6b4fa6ef8a5f2e5acb16781c226bd2dcde48114c8
Data/FITS/fit_add3cb353879_K140.qs2,4208665,2026-07-09 08:44:51,7b77db250a55af52be912c7a152f4fd1556f0bfdf7845695c079954ee0afb7e7
Data/FITS/fit_ae08c8d9922b_K30.qs2,1251289,2026-07-09 10:33:12,8f426b11b3c0be7a295ff49430e878424f7f770db3e217e8b5d92093cc634bd4
Data/FITS/fit_ae28b65013df_K5.qs2,65248,2026-07-11 22:32:02,e0dc3926005bffc419d83ac71d600f9e90cc4df76073531033c7c33bdf8cc0e6
Data/FITS/fit_ae3e78b1e732_K4.qs2,7941,2026-07-08 09:15:35,e92869eec9ff2b778b5275860dacdfe9db20d3966db075bfda3c829ecdf95689
Data/FITS/fit_ae40d7f3c5d0_K150.qs2,4404802,2026-07-09 08:40:08,0a4daef05fdccc7e21fe5a5f4d7b9cb2eb51b3920dae2844106759556dd855fc
Data/FITS/fit_ae5dd71d48c7_K10.qs2,83392,2026-07-11 09:29:12,844122fa5c9f21c0230ff5538c9edff8c2f6c9b6dd937bf0d6e99ee2565c8730
Data/FITS/fit_ae8b77bd09dd_K15.qs2,1631467,2026-07-07 18:13:07,a1a1bb9204ce43e18f26a2ce2a0a4471d15d720b087ad3c9796f5356a47ce1cb
Data/FITS/fit_ae9930945cd0_K70.qs2,261730,2026-09-01 10:43:45,b4874357b637a52c784673b8c54a95ccf2f228a7f9860fa342fc42df056bee5d
Data/FITS/fit_aeaed78b8f7b_K3.qs2,1025480,2026-07-07 15:23:58,ed59f42462bd0ebeaaac00ab4ca1407d290809357156d498070cf4220b4fd607
Data/FITS/fit_aec6ee685011_K160.qs2,693917,2026-07-09 20:17:18,e64d720c1a716defddfad85b3e249ec61da8ecb7dcd95909bf0ace961430f16c
Data/FITS/fit_aed20d53f02c_K5.qs2,33365,2026-07-07 15:19:08,904d73bb16d3b3dcffc3b261679efec9232901d613fe8192d6f7370abc38b1a2
Data/FITS/fit_aedacef23586_K70.qs2,415592,2026-07-10 16:50:04,2b7acdb26d33809d7fdf794524c11e84480683fc0d4e9936aa8bc86ab5c09fe8
Data/FITS/fit_aeeb935611fd_K100.qs2,467782,2026-07-10 14:45:44,8d543cfac3db8770ba20114b3944f6b6d54ec2124910d7560f72b1380a259ad5
Data/FITS/fit_aefc054a25f8_K80.qs2,411202,2026-07-09 20:31:14,2bcea1e3d107e502e959ee8a2877efbfe0c9696f4f4d7b181135cc7da0ed1878
Data/FITS/fit_af0f109674ee_K40.qs2,1567662,2026-07-09 10:29:34,331aaf12aa020a1f95c4f9f2abe7df9fee8f217a5f6dec497f8d8a029a303446
Data/FITS/fit_af18d203384b_K10.qs2,14410,2026-07-09 07:00:44,101f8f8ca7e095f0a5939a606ec6c1cd1ef30c5755f505bcd97a56017aedf8b0
Data/FITS/fit_af4d9297dd46_K3.qs2,43601,2026-07-11 12:51:11,93c0d9a54139fe97c66b8ce28b9932d94b6c16cce40e358e055be6df0131601f
Data/FITS/fit_af6223d118a6_K50.qs2,339761,2026-07-10 16:51:42,cde922b994ace5640f1ee62d6050ef5d26238ad7978e41417cdfce018f26ee31
Data/FITS/fit_af69be3d7a7e_K10.qs2,79959,2026-07-10 16:56:29,15b8500e349076c72d93e67090c710f437bce0656dc2660b33b5672287787fd0
Data/FITS/fit_af9794b631dc_K70.qs2,261672,2026-09-01 10:55:12,4e02f74663c59d05be33130472717a10cbea27be227d096707e12c68e4829553
Data/FITS/fit_afb950ec0040_K70.qs2,8195202,2026-07-08 13:42:09,0e662c6f457160df7ad85b561277161c06c980af2b669e5e14c36872b7eda8fc
Data/FITS/fit_afc9d42b67c2_K33.qs2,161579,2026-07-11 12:50:20,4fffc0ec054d047231671e2f17f7784cedf0bb7ca689bc3b3e428c6901427d36
Data/FITS/fit_afe74ae2c19e_K5.qs2,32308,2026-07-07 15:19:07,c8769267fea968b7302ee5261710d16230b3ec8961ad7afe4684f87d00d86551
Data/FITS/fit_afea850c2167_K70.qs2,2418904,2026-07-09 09:55:49,9be2e522869ba7c77d655a379a6f8b90b4976262cd2d6ccc89e31a8478e3da07
Data/FITS/fit_b00be380b9a3_K60.qs2,373258,2026-07-10 16:51:06,216a76ea9f6fabe2112ea9b4e13bbb901530d33ea2a171596790dc53b62b55db
Data/FITS/fit_b014daff514e_K70.qs2,416286,2026-07-10 16:50:03,8a1c19ce10825d4bfcd280f4f7c6d31d91bdb7b67c1d83650e9d6f4d77a97308
Data/FITS/fit_b015de8ccfba_K40.qs2,193363,2026-07-11 10:04:29,a8c897a4a1cb9315ac88c5d9dc32eebb8bdb03352ef031e4fe3946370f76b8ac
Data/FITS/fit_b04cb478cad6_K3.qs2,56806,2026-07-08 12:33:23,abf8a48a485ea250ef2a202f8e4b0bcac5fc21ee06c0f1b560fd7dfeca2b1750
Data/FITS/fit_b0616472afd8_K50.qs2,214128,2026-09-01 22:25:31,3d0d82e54fbd7edf8b89f85128759468363c56a534ad669bf7304c37bc61d106
Data/FITS/fit_b07e1dc984ff_K12.qs2,89057,2026-07-11 12:51:00,1fe546250fb317b56687a7797f4cd1e0e1d4b30f76b2e828faafee8b52bbc6fb
Data/FITS/fit_b0b4a258bf1c_K140.qs2,630414,2026-07-09 20:21:30,02810d5664c84271566a8e6e669ad78008c1a2914753750fd8d1ee11eb7aa15a
Data/FITS/fit_b0d72a75d924_K120.qs2,563117,2026-07-09 20:24:00,72b6613fc9c08a0473de2f7f514eb011c27cad7313a858946da22331a76dd9cb
Data/FITS/fit_b109a4c5e68e_K15.qs2,113583,2026-07-07 22:02:47,102d1b5cc1152f0f503281508762afa8e433b55f2272384f18cfc9670a9a1525
Data/FITS/fit_b10dcf0787d4_K70.qs2,370577,2026-07-09 20:31:52,72067c2b8618bf41702209284f9cab6a0be1052bd3320a4b58010c5edf6d482e
Data/FITS/fit_b1197de980fc_K90.qs2,318427,2026-07-10 16:48:20,9c77ff07ecf63aeff7a448848f464d84c64a67029d3cad381894bd43149198ad
Data/FITS/fit_b12ebb656930_K180.qs2,754148,2026-07-09 20:13:59,c753b51609ba87c67543b86cb0bd651a1621f50f24ed02acf9bcab8896c51f1e
Data/FITS/fit_b13732b2dadc_K4.qs2,1088158,2026-07-07 15:26:47,317a6ab0694871703f646d833f6d4fa1d4be07afbdde7b1abd1cdd03d4a12ef1
Data/FITS/fit_b16243496741_K40.qs2,293278,2026-07-10 16:52:48,5d53c7c5b2b12e08982f3b35269e1705c4f1692328e0a986c06cf814f0911b0b
Data/FITS/fit_b1634c419b07_K6.qs2,12322,2026-07-09 07:13:20,78ad4d51c9f2c0465ef5ecd666f154dad07225e45cb2ad6be5d75f0c5cd23d4f
Data/FITS/fit_b168ee0101c0_K100.qs2,338672,2026-07-11 12:56:10,4fcbdee2481e7fa889fdae92d1065b518f10ef725d3391834d7478ad29c2f035
Data/FITS/fit_b16f82650945_K40.qs2,227378,2026-07-07 22:03:07,e9c0e9f7b25a2d6e2d0fd67b9d5db7f67d8d82ca0b4d7c0ffb79fa2032469b38
Data/FITS/fit_b18250c41f10_K40.qs2,193364,2026-07-11 10:08:55,2d160c7218b1729115a9a978aec4a92672ca6585a3963fbb2e5c44ec44a59820
Data/FITS/fit_b193089e97f1_K70.qs2,2416405,2026-07-09 09:56:19,2724912d4dd16b27d69de56fbb97b93b2bacd5ad38a4bd1d0308567a32b3afd7
Data/FITS/fit_b197dd085664_K120.qs2,3738697,2026-07-09 09:15:17,b5c3d24fe13b39383fedaa4e32c5f9cce79cd482b6208eaf3f20b857a4953019
Data/FITS/fit_b19df3901501_K150.qs2,4380491,2026-07-09 08:40:18,2e30f59ebe36fe7fd41cf568341fb62e62d0c005d6fca10d25587bb52d14e481
Data/FITS/fit_b1b8109d5aa6_K10.qs2,1417463,2026-07-07 18:09:34,e43cb3aeb0ef0addbd42cd920f1a40f8d9a79afaceb3a490262cbedd61b17857
Data/FITS/fit_b1dffdb86e9a_K60.qs2,2116658,2026-07-09 10:11:26,a2537d091a55dec42eeb88bbd2f0e5ca2088969fc28dc135383eb1e6127b8123
Data/FITS/fit_b1e02502a9b2_K170.qs2,721642,2026-07-09 20:15:12,d41f493d41e0776a3fcc714610ef85dc577974f6336758cad40a0cbb5531c813
Data/FITS/fit_b20c552fda13_K10.qs2,558256,2026-07-09 11:03:18,4a25ffa4a519c9073ca45891ab195d729bdf78ac95b6acc4b64093e3992b3bd1
Data/FITS/fit_b25949587447_K40.qs2,244460,2026-07-09 20:37:46,4dd43c527b1417940698fb7f179986c2147e0ece616f69a66a7e293584d2efb2
Data/FITS/fit_b276d4c944d5_K7.qs2,1250606,2026-07-07 15:29:01,be2770b3f4fc782e5cdf5869ead1ea2d0763134a3f2b67015da7bddfdcc8108b
Data/FITS/fit_b28f7263dd70_K90.qs2,313568,2026-09-01 10:21:39,3d7416ac50ec47d968d3cca1a28d6054df09565f94f66d3daaefea8c37c815cf
Data/FITS/fit_b296f6efb43d_K5.qs2,330216,2026-07-08 10:25:28,1f03b27278a6f35b6ab9a17d9a3295a696e80656b893b7d5b05686c70c0618f2
Data/FITS/fit_b297aa876b14_K180.qs2,754637,2026-07-09 20:12:52,87c1bd83e844465894e1b71cd10b54af74fc116ab8429f2d2ead0f0ed762a3b5
Data/FITS/fit_b29fd21f52ea_K140.qs2,4221173,2026-07-09 08:49:11,0a2180c819248e45b4964e7132d43d06a1c7d56aa52dd6d673481e9d73bf3bf3
Data/FITS/fit_b2c8a5e1b7c0_K30.qs2,153191,2026-07-10 14:53:48,93b4775da8af4d2ecc822d64ea616a1081f96b51ac14d5aa9d5be48d3690a7d7
Data/FITS/fit_b2f60d188220_K10.qs2,99259,2026-07-09 20:42:51,f50e1e237ef8f7e655d5b7972de4bc5b51d07cec256c08fa4efba441d998d740
Data/FITS/fit_b313ccd5d65c_K80.qs2,2701194,2026-07-09 09:48:26,2d9e4ba0f9bd0e3d4ceb5fdf7dca5fec99a4043c176dbb4a7068976ea012966b
Data/FITS/fit_b315f3389aad_K18.qs2,18747,2026-07-09 07:13:09,ef09433f1dcd019878775df12ebd65415094167d39d46efd5306a9990e93176e
Data/FITS/fit_b331e9c6fd9a_K2.qs2,7949,2026-07-09 07:13:21,ee3aa0397f031e0c4705968b7c32af312a182b6eb3572d3b676c949c2006a7ca
Data/FITS/fit_b3353bc6050a_K60.qs2,239996,2026-07-13 12:24:26,edec05b7661b5c269fbdf0581133e25dc9b9131a2c12dfefceca4493902cdd3d
Data/FITS/fit_b344b641a6a4_K130.qs2,3943961,2026-07-09 08:53:48,a8c85bacf5a1451185251438f813c372be4384a484cc0ca48c9d6fb1b5d1dcc7
Data/FITS/fit_b3577169544e_K60.qs2,372966,2026-07-10 16:51:05,8c377970cadf56cfb4db0729a430b802750f419d14036cd0f8b51b220dc2696b
Data/FITS/fit_b35e198f6d8e_K170.qs2,4763633,2026-07-09 08:11:30,5569714909750f53f1ecd9a178d0f2e07802aa3ac1199b2c111bc98f60e50394
Data/FITS/fit_b36d5ad263ae_K15.qs2,740275,2026-07-08 10:19:44,7437e86d3904c8a1d7f3335a158d2ec4427c7d7aa9b77c1dc2bb91133c7ff3f2
Data/FITS/fit_b385dbe27271_K13.qs2,1519811,2026-07-07 16:37:19,63f5149df0b396ed916e58235220e018b1cfd1dad42e72c12b4bb3c2371af750
Data/FITS/fit_b38aa7f82874_K12.qs2,164137,2026-07-08 22:18:21,ec1248536cc55d7319d9045f44416f336ba752513f2e87d5062ec816b307a60d
Data/FITS/fit_b3a033c1927f_K5.qs2,1341805,2026-07-07 15:22:54,4502f72af16f420147f320ca4b3048107a794d583af661d43cc23fffed3caf8c
Data/FITS/fit_b3ada87ab599_K30.qs2,500656,2026-07-07 22:29:01,975a0333768f4cca3ddc21ca9d0a0ba5fe986e74903d61dd5fc5d506f2a5a296
Data/FITS/fit_b3b042db5191_K26.qs2,143352,2026-07-11 12:50:33,fddccb0bce192e9f669992bc90f1fbfe33c3a6e48185f2c9e49c83d34e0932db
Data/FITS/fit_b3b22985ee29_K30.qs2,154360,2026-07-11 13:08:22,7314945ad3c1b336bdbac4f57a8853941fcb3bd19d98d498b7097b4053dc0bc0
Data/FITS/fit_b4024187e4a7_K180.qs2,755071,2026-07-09 20:14:07,6239af619449b5b748110b01e45e04d2df2a5fe2ffe1a48b97fca4450792566f
Data/FITS/fit_b40fbbd7ee67_K10.qs2,14234,2026-07-09 07:00:43,0423e38e88591c85900c7d10f560a4dcc797df5b512ad32079d2a25a640aaba6
Data/FITS/fit_b42af8e1584d_K90.qs2,453020,2026-07-09 20:28:46,3eaaa24b1b5a5d69a9bba242accc8a54514950f7e93252c9a1b92514d8fe47ea
Data/FITS/fit_b45edaac8fa8_K7.qs2,808840,2026-07-08 12:43:58,74a6597423349ca570cfbff4ccabdaca7981617dbd5f89b9c7f28e29596ccf3d
Data/FITS/fit_b4625e5652ad_K70.qs2,265280,2026-07-10 16:50:29,4594a70550a20b98ec262bd0233833af524c10f32d96a8aa2c344793c0a2ce44
Data/FITS/fit_b46c167ee972_K20.qs2,433841,2026-07-07 22:39:26,25edef21bc954f29a4460004b9befd44a0ce3a056e21f7f405cb2f9feaf1b460
Data/FITS/fit_b47d2d55d601_K60.qs2,236594,2026-07-10 16:51:27,7b4807d1b570a7766861f35d1a86d2325b0df8e496ce3df40eda7398487533de
Data/FITS/fit_b499e9f00733_K130.qs2,593042,2026-07-09 20:21:57,c824d357e708319bd512c83acd29430d0e7343953d4998cbbacabb64e8db8374
Data/FITS/fit_b4a174e96069_K190.qs2,787842,2026-07-09 20:12:23,eee52530ace56b5dfba37c622ae2793a49121bbec31cb25cc8952066449d2f6d
Data/FITS/fit_b4a1f2a10e08_K90.qs2,312763,2026-09-01 11:17:37,4a741ed0b007906ebcade26ada1bee8b9d7f685e5dad41c5d1e22f594a25ddb7
Data/FITS/fit_b4abbf003ef6_K80.qs2,290518,2026-07-11 12:58:58,e74e229aba35ac72a4465ef06a2d4f491c0d2e628dfe4da8062586c3281da085
Data/FITS/fit_b4e0dea4ef9e_K140.qs2,634817,2026-07-09 20:21:06,c1109ca482ce2896cc69dc79752af988bee7f98e9d2a9578ee85677323ff3062
Data/FITS/fit_b4f0629cc0bb_K35.qs2,213673,2026-07-07 21:59:36,ff5be6e685ff3a713a837fb2760f93063651ff811fe0c213538c523f21a7dd40
Data/FITS/fit_b4faabb3c659_K160.qs2,696739,2026-07-09 20:16:52,ea4c461c9d1011d9a6283e30225dc23f79a6f5a290c45a3002d1ec01b8ee7ec9
Data/FITS/fit_b50ca81cad2f_K90.qs2,449258,2026-07-09 20:29:09,2617c524600afcb90541d1d8786eceb9c93aecf63b56200a60e7ce3145035f4c
Data/FITS/fit_b5170a043d9b_K30.qs2,150297,2026-07-10 16:54:33,cd8fdfc588b513b8546eb91a557d20e13e5b3e2941bba035acf22cccb358874b
Data/FITS/fit_b52da69f53e2_K70.qs2,2408193,2026-07-09 10:00:06,1f402833ca5864e82ec3f1d2f6ffffc14a0808abd70938bf91af4a75217f6791
Data/FITS/fit_b56a5c2a1d3f_K8.qs2,13557,2026-07-09 07:13:19,78a51c6437b45f8165b402c71d2d630bf631ec959adfe676b4a89fca6e4a6638
Data/FITS/fit_b57145be4acd_K12.qs2,15423,2026-07-09 07:13:10,2a637752bcfc6ec79d16d5c3fbafcb1e31972bb78676ad538b8e6d1021988d52
Data/FITS/fit_b57383751a58_K25.qs2,2648149,2026-09-02 00:34:21,279fa6f571703eebd709ff2fcb875ee1a5bcde4995f1e956183d2d9b970ce8bb
Data/FITS/fit_b583d3e14863_K40.qs2,1563283,2026-07-09 10:29:01,d2491ca185ff3e88a5df31bfebf0b8573608a269619bd1847f679fd9dd212a00
Data/FITS/fit_b58773d13f55_K40.qs2,206592,2026-07-11 06:48:29,742f05647ccf4710f0ca0fcb659aa2c20c16a0a21566de47ff55bfbbc63baaef
Data/FITS/fit_b587e696c773_K90.qs2,486011,2026-07-10 16:47:59,5272b05e317302bf325599193809d717bb5913aca22fe39a1f7524e47daf1151
Data/FITS/fit_b596c0304e70_K30.qs2,1248222,2026-07-09 10:41:05,5810165d037caa906175c282e91b1d401c1550e4d20113dc53f5567976b7e0e4
Data/FITS/fit_b5a52ca73357_K50.qs2,215668,2026-09-01 09:43:38,2fd49fdc5b6e813b49b2cb8b7c919f5d0d39246c4de2a9552a471256586ea975
Data/FITS/fit_b5bd1c282402_K80.qs2,290990,2026-07-11 13:00:00,611255648a16bf5748c1c40abaa776e527c75154dbb7ea5bc53e5beb12f57df2
Data/FITS/fit_b5c2494da4b7_K10.qs2,540886,2026-07-08 10:21:01,f7ffe66099987c6e14639499d255ffa4fbc22b5ea4dd488995cf3325bee545c0
Data/FITS/fit_b5e74a5bb756_K2.qs2,7926,2026-07-09 07:09:24,6421afbc2a595de2741be5acb54d46fb2ab75bec127798972c026574f1e55260
Data/FITS/fit_b5ed4c0b3edc_K3.qs2,8800,2026-07-09 23:06:34,b01e69853ac97ddc6ba44ccf96e1ae2702a1f03a59028da3d5a96228f03daee3
Data/FITS/fit_b5fbe0f8895b_K31.qs2,156797,2026-07-11 12:50:26,e8abf44769a47a90a42b059232f7e4d9e033d739630afe3c4f3de1362590f9e5
Data/FITS/fit_b61b09b129f4_K180.qs2,759279,2026-07-09 20:12:53,2f4a2ea9142c1e3678bcbbb45fa679af4d3f1bc440591662d8a2b72d05d2acea
Data/FITS/fit_b624e6c647df_K8.qs2,1279196,2026-07-07 16:26:34,f429167a4efef5190bc2cc3f4d4a49c1507bce48763bfe42e303af03853b3d75
Data/FITS/fit_b6326c910d04_K60.qs2,556760,2026-07-07 22:57:46,5209b97dd0b85217d850d44e0454d6b73626c96608f34cb5c868c34f3fb7cb69
Data/FITS/fit_b63a5a16636f_K10.qs2,80815,2026-07-11 00:33:02,84e4164e40114f2dcad5e0847487823c11278245d42b2cfe0c6f90d1ab0da708
Data/FITS/fit_b65474c5283e_K140.qs2,4134617,2026-07-09 08:49:11,e214ea64d598f101b97c151e6c62265083f8cb9de88b44f87104b32c678c65f6
Data/FITS/fit_b68a07a410d9_K5.qs2,2439368,2026-07-08 15:57:20,5d2425adcb8351269f8998addcb09ee205463021711d14c9be7e50b098d6b145
Data/FITS/fit_b69c66a7aad8_K20.qs2,122284,2026-07-11 13:11:06,059b50a515d4afe51a5d9ab78063d2122da70b3270cbea0fcd66824f27e849f4
Data/FITS/fit_b6c42587a7d6_K70.qs2,2336592,2026-07-08 10:10:05,9ec997290766bfaf6446686c97d1d89a2cc50167c72f05c4463b2dd81906bb4a
Data/FITS/fit_b6c4d7699a49_K10.qs2,85060,2026-07-11 09:33:19,11a2b80925593811f0d16a3a3695405b855276a1289b6a37e60f736bd4586a4b
Data/FITS/fit_b6d7380ff8f4_K14.qs2,16283,2026-07-09 07:00:42,504fd8b0aca3947161700dbd3cd77aa6ed6a1af2436c094fe4f8bdb1fba6fce8
Data/FITS/fit_b6e091228068_K140.qs2,4173247,2026-07-09 08:49:29,5dcaa9722920daab9fc9367d7b75df724dc97d9f85443aff67d4b52772e79149
Data/FITS/fit_b6e4457485f2_K100.qs2,337066,2026-09-01 10:55:13,8accc35b3e89f628f6bb90de2514f4bf112e5585cc6f6129fda97592996ab1ab
Data/FITS/fit_b6ee762b793f_K80.qs2,2728024,2026-07-09 09:55:36,42b119ea33a60a5ce6d6bb01ab3969f154c6769503a9d51aa6e280513ea91793
Data/FITS/fit_b6f8870aa6bd_K40.qs2,296212,2026-07-10 16:52:46,f4ff3334e7f3c87bedbc0449b5b2ea8243ccb56611135aa4742fe3eaaeebcb2b
Data/FITS/fit_b71ad0bde04e_K130.qs2,588617,2026-07-09 20:21:33,a8ea2dd4d6b22d9c0021a5f027c6dbf334cee375194f89ae44df089364ac84b2
Data/FITS/fit_b71ee07505be_K100.qs2,527356,2026-07-10 16:46:30,75fc61971e1741158c4fa026f7aee03add492b4a5c15c94022c7d6ab0f336b9b
Data/FITS/fit_b72b40f86038_K35.qs2,174567,2026-09-01 22:26:32,d236d9e39991de419eab2f1db9bc5a85978d930759c663d59c93f0101d90d73b
Data/FITS/fit_b766f0febe41_K60.qs2,7458601,2026-07-08 14:41:15,2190d1452f55d1fb24e23053c091101706ec8d2b8b89f8aa4544c62b71ad4b89
Data/FITS/fit_b769991c87a4_K2.qs2,21038,2026-07-07 15:19:07,911bce6dd7a41d013188de83a2109138d5ff5a4eeb023048f1af459b0dc78fa6
Data/FITS/fit_b79be1e20531_K20.qs2,938734,2026-07-09 10:48:00,e19fff9334c00791782599f4271d91b62c5e88dd34c3d27a6c292516d9125af5
Data/FITS/fit_b7af03b1b314_K190.qs2,5159191,2026-07-09 07:46:23,474a9f358d551c3b4f75deffd9e58a989e4904c10f8a87a679ddadbb9887edf1
Data/FITS/fit_b7c7d17faa93_K60.qs2,2120730,2026-07-09 10:06:38,a11e7f3998ec305decbe6e7d5cd3cdba95a4f22bc6effb2d471fa54b7daa6ccb
Data/FITS/fit_b7d614a4a27b_K2.qs2,6287,2026-07-08 09:15:56,4aa3ecfdb01831e20d17094e9806c7dc7f8648e7f6ccbaa47a4178b26ef0a0ea
Data/FITS/fit_b7e24d18780f_K120.qs2,561585,2026-07-09 20:24:34,0be8160f0aa7c85b18178e081834754ce762d37d7a299f408a7a3cf45e21b9c4
Data/FITS/fit_b7e9d568918c_K50.qs2,281439,2026-07-09 20:36:20,901471fff347d84fd697391ccddcb33fceb7fee6428ce0611d20277cb6fea265
Data/FITS/fit_b80f865fa034_K50.qs2,211081,2026-07-11 13:04:57,1487f060d85f3fa056948c8a9df9403b37aefb524d127bdd19f1cdcc7710bcc7
Data/FITS/fit_b81bdbe319cf_K140.qs2,4173025,2026-07-09 08:44:27,2f2648fc2496176e3aa9d0e0f8976725fb6ba9330831af8cade5554efa577084
Data/FITS/fit_b825f794055b_K80.qs2,291538,2026-07-10 14:49:28,ca40180dc098994beaae5437465047957454af8d03fc9d8fa7e29fc72de84200
Data/FITS/fit_b84174241aab_K110.qs2,523113,2026-07-09 20:25:23,29d584b1ed8d6f5dd6a985a0fa0221be672c80ce29e9098759703a191639f6a5
Data/FITS/fit_b86884ab16aa_K190.qs2,5165690,2026-07-09 07:40:32,84067226f737320eed048379966b504ee1c11ddf148ab4b48c5e8f7c28cbf457
Data/FITS/fit_b86d8558a83e_K20.qs2,195438,2026-07-10 16:54:51,ba0a6cfb33c96ff945ac61516027d96f5a697a4dac0a780402d9ae8122b71047
Data/FITS/fit_b87bd92e65d9_K5.qs2,338350,2026-07-09 11:04:00,d631167d92d9e55f95c4771b114d835c197509aeb47027b90ec678338c8d7e91
Data/FITS/fit_b87cadc01030_K16.qs2,22526,2026-07-09 07:09:15,bb7d7df030883438f44e7486e64160dedb3e8ca83256b6e32e49c6561ab4070c
Data/FITS/fit_b893ed0b083e_K10.qs2,79824,2026-07-11 07:19:55,92aea439d3c825089699d24385257bd3c3c7b2a73d5b719d8769fcf534f2501f
Data/FITS/fit_b8cada4101b8_K45.qs2,197444,2026-07-11 12:49:56,a9bf533285e3925d5c7242bb1fbfddcc43c808ced95d9c6c5b00719d99bf2aec
Data/FITS/fit_b8d6efd67506_K10.qs2,78728,2026-09-01 10:22:03,ae3c695e620590419860c2857696d7cf4cc346055e1b4eb081eda19ff205b75d
Data/FITS/fit_b8e84ba793db_K160.qs2,689831,2026-07-09 20:17:16,bfcffcfcde00c514ba1c19ea4ef7f4068002c342a1c8710d53cf58010e154797
Data/FITS/fit_b8fb9eac0fff_K130.qs2,3941439,2026-07-09 08:53:51,2e482402be4782a205afe540a4e6ea9f83f5f4e680d40891a13fd8f7ccef4992
Data/FITS/fit_b8fe983ceade_K60.qs2,378652,2026-07-10 16:50:55,35677554ca45d8954210da3f1b565f146bfeaa1c157ffa72735bc20dd76b3d27
Data/FITS/fit_b90f07d48255_K50.qs2,6719140,2026-07-08 14:44:38,120ab102b90f97657455f1fd35f09082e0c2ea61c34fc690b8166bcab883d0ef
Data/FITS/fit_b915c9bb55b3_K25.qs2,139259,2026-09-01 22:27:14,83c44e970c1947624c8ca3177b553de8db28f2d521e44da3c9bdc13339e48564
Data/FITS/fit_b934352cca96_K160.qs2,690156,2026-07-09 20:16:17,bc8a245623b68b2be4a827512c3d643d539479d8e97dcc0d1aeb2350521ce9d3
Data/FITS/fit_b93c26dc05de_K40.qs2,182699,2026-07-11 13:06:40,0e8e2f1887fec24448f7bba51e784c4a4fee66f8243dde285104e68854a1b6fb
Data/FITS/fit_b977f92a1e32_K60.qs2,239200,2026-07-11 13:02:49,3a250b8a5afb3320a02d940ebcde6472b0eef181c1ef70b1c7751c7dc885af3d
Data/FITS/fit_b97d49284c33_K15.qs2,1594003,2026-07-07 17:14:48,15159ee73e57b2c784de0a600882a1e91aee3912691e08308cfbb080d4d3636c
Data/FITS/fit_b990aa68726f_K200.qs2,5337787,2026-07-09 07:35:04,4cdb34d5f92922d5b1bddd6378f66167cde01ef02c91a8ea9a54f4d7addb1c24
Data/FITS/fit_b999c00021f7_K40.qs2,294159,2026-07-10 16:52:43,9d875ddef5f16d037b19c2698cb383d819200a4f75a6e22fc0bd52b41bad1df1
Data/FITS/fit_b9a6fa53b79e_K90.qs2,484112,2026-07-10 16:47:57,9e4650a838db7242928cf24a2fdbfcfe8751c2643a76df1aa289fe3fb1f95213
Data/FITS/fit_b9b64b5945be_K8.qs2,14228,2026-07-09 07:13:20,72bf808ceaf9ff4d6531f5f86a86d5915975b38a92071bdec38bf79a480bca0c
Data/FITS/fit_b9b6d5f65d4b_K140.qs2,4193589,2026-07-09 08:53:51,fb9e09cd20e45d8a27c526dad699d8f13762a55d432ba8847e2675dff12e9535
Data/FITS/fit_b9b6ee2bd306_K80.qs2,291267,2026-07-10 14:49:21,3ac027264d67db12e5ebdaf72db6c2cd437134774b2cfb77335062c60fc1cea9
Data/FITS/fit_b9c253353768_K4.qs2,60271,2026-07-11 22:32:03,09a388afa1386340806970b68e3a0d34a901aec7fde7a9bdf4a67300f0aed71f
Data/FITS/fit_b9cd578ce316_K40.qs2,178339,2026-07-11 04:37:26,61c945c504ca3a695b490423483866dffa429d067a7fcd121d6a496102435571
Data/FITS/fit_b9d7b9c3b0bf_K20.qs2,3750189,2026-07-08 15:44:39,dd4fc80ee2124cfa3d2bb1a6fd27889eb00815a5065bf1aa31ca6fabe8238491
Data/FITS/fit_b9d8bf62c358_K40.qs2,173372,2026-07-11 01:18:15,972e446fb2b0ee74647b7c33348372777bd85f3e30e27247cf502f9f045a3909
Data/FITS/fit_b9dbe10065dc_K200.qs2,5349677,2026-07-09 07:29:55,72635fa1a3ed8644a9ecf155db9004409895ae93566bbdcc38bd48aa0112c4de
Data/FITS/fit_b9fcc0f8aade_K170.qs2,4768263,2026-07-09 08:06:08,74b575adca8b892597c2c63a93c107dce5dbfb95241c844e38821911ac450fab
Data/FITS/fit_ba092de10a1f_K180.qs2,756963,2026-07-09 20:14:05,6f67f2681b24d1d836aaa938085f7e7a30274688f39f6ae492cb6f056082d87a
Data/FITS/fit_ba140d3638ee_K10.qs2,151243,2026-07-07 22:47:35,6814024a734f3cd4fb1774a9b49487dbde9d09e214c951f4584fac0c1ab5ce99
Data/FITS/fit_ba1b5ad6b4ac_K120.qs2,560299,2026-07-09 20:24:26,9e7fe05aead61993e4f88def05c2dbf131aa779fdcd99b798b31c36f820f693d
Data/FITS/fit_ba2ae72b8a3b_K55.qs2,739248,2026-07-07 22:45:56,88668b07a3b4ffce802b53907ac962f1f239a09ca2deda12c6f8bbfd13d54355
Data/FITS/fit_ba393f277c27_K70.qs2,266926,2026-07-10 14:50:34,6356d82cc031e67bf763d41822ffa1ca68e7af9f88f92cc929f87846894738a6
Data/FITS/fit_ba39836bcc6f_K40.qs2,180662,2026-07-11 03:34:17,c86288db7de0698e99a411f28c7d1ba3cdf65d7bca04928614918587fa0eb7f6
Data/FITS/fit_ba3c4cd67542_K3.qs2,25685,2026-07-07 15:18:49,e6a47446b433c327daa9502ebd1932aef01304c5fe5487d8978036397c8eb0fe
Data/FITS/fit_ba454428199d_K30.qs2,197960,2026-07-14 16:08:52,37aa95c3c482ff7c52814660ba79753ff18696cb21b89a21ebf2a29897f667e6
Data/FITS/fit_ba4deaeab41b_K4.qs2,28113,2026-07-07 21:31:23,17d0567e616270e8e89e680ca351e8d4009bb77d56a79cd738985fef3b5cc0aa
Data/FITS/fit_ba4f9cb5c625_K14.qs2,17212,2026-07-09 07:09:17,ee21de87f04ba7dc5c80435d59a227d5e5fce3fc9c42a61c8cbb72b535c95b24
Data/FITS/fit_ba5a0674469a_K55.qs2,4413618,2026-09-02 00:38:48,5d1e8e79262ad22aa2db604892958b6dd0db3e9e670261b3e494e5d983ebe92e
Data/FITS/fit_ba6c1188852c_K110.qs2,3486923,2026-07-09 09:24:34,c353568b2243bc9bb1d873b87628d1aebabad5f9eb12d01d0152767855e63646
Data/FITS/fit_ba6f433cb4f4_K11.qs2,1478787,2026-07-07 16:33:55,22306fedfd04bb290dc5bac4e0b9ba10506d8a05c6f05dd6800225eb913dbf2a
Data/FITS/fit_ba7731cc5487_K37.qs2,173079,2026-07-11 12:50:17,b68eb71bc59d7997f857b0b08a71e44c989ae3ee4acac81106ffc1b4610ef84d
Data/FITS/fit_ba9b47196d09_K30.qs2,1193968,2026-07-08 10:19:15,ccef031c43232d772ed7d57b60870d351f2245c39f97a77bedfd732c24e59cad
Data/FITS/fit_bab3851d4bfd_K120.qs2,559431,2026-07-09 20:23:29,e0efd7ab978e3d6a8be1dee6977b01932121f00149e6596e2e1d643feebd5c2d
Data/FITS/fit_bac5bde7a555_K50.qs2,209396,2026-07-10 14:52:06,4105b020e78d42ef934db94cb0b890658e5b3feaf48671f461ee517821b29f54
Data/FITS/fit_baf7073dbf82_K90.qs2,486798,2026-07-10 16:47:32,0355283b901193e412745bb89b0073636455d4848bbce90242f5563209b358bd
Data/FITS/fit_bb5eb080e84b_K200.qs2,5325134,2026-07-09 07:35:24,d21160ccb00eb3e94ec5b16cd983679b4adaef6ddc22c4637bd412b67c2c32ab
Data/FITS/fit_bb65f5a8c0e3_K90.qs2,317452,2026-07-11 12:57:17,4039e4d6164b15e159cc9456c258884aa92a99f13e096325641342bdff78ddeb
Data/FITS/fit_bb77aa0f6f4b_K190.qs2,5175487,2026-07-09 07:40:31,10c6f3612314c201215533ccc3a083e5bef8675a04d46c880dcec1dd8e0ca42b
Data/FITS/fit_bba759c008dc_K190.qs2,788067,2026-07-09 20:12:21,7c29e40fcdd496c3f6c9bc922ec5d40994150ae3564759e738c3145fd6e3015c
Data/FITS/fit_bbc6910f77f5_K10.qs2,149765,2026-07-07 22:49:08,3831e50833e41f645486fd9d6c3859cdfa780a20360325e3e0d7edba74b436ec
Data/FITS/fit_bbebccbcc828_K7.qs2,12519,2026-07-09 07:13:10,a4a619ca569d9f0c3b5f9b28c6ab55ce4765b53c18b6726be4169ad5a7e7a55c
Data/FITS/fit_bc49daf41d3f_K5.qs2,8747,2026-07-08 09:15:37,fd0f624c47f1ae54d5789ebd082201d2a31f2bfd040eaf0d58cb631499fc437a
Data/FITS/fit_bc528733aff0_K3.qs2,37901,2026-07-07 15:18:49,e2799c50a37ac13c5c36b7bd1ab7cae1ee65d3b122d7159289eb44019f8270b4
Data/FITS/fit_bc66f0db874a_K6.qs2,12019,2026-07-09 07:00:45,41c921650e1a98818295a012c955f464f918779cae8f76816be2d617ee3f11fa
Data/FITS/fit_bcf3bd243404_K60.qs2,380920,2026-07-10 16:50:54,d3ba98900ed181e496ca219359710e0774605c5157012c13ba4301123340548c
Data/FITS/fit_bd0cc44a2450_K180.qs2,757776,2026-07-09 20:12:59,6724b0fb3ec4fc378585802697a48c08bae1a130f3af1f48322ac9b062560646
Data/FITS/fit_bd3618fbdf54_K110.qs2,526158,2026-07-09 20:24:56,18d8ece30a41d653ebf3eb9724cb4260192b057a4785bb73095dcbe115b6ad7b
Data/FITS/fit_bd73199b7613_K200.qs2,811891,2026-07-09 20:08:57,e9ccb7cd4a3db0e28e2004423c7ce2e06f1c5a8464eccb07cd4a272d4efde889
Data/FITS/fit_bd757d871832_K15.qs2,16666,2026-07-09 07:00:41,c8ca12cc42ee04e0371e1f3567638743f5d21e9077aeae885c81fc5f7d9fb0c6
Data/FITS/fit_bd78fa12d602_K3.qs2,51425,2026-07-08 09:17:27,4838af86bf3cf34c85ea57acc13b1a7df74f6ca9f056ebc43d065f43ced8a2a7
Data/FITS/fit_bdb385b123ee_K10.qs2,99601,2026-07-09 20:42:18,fae05829d60906ad11a59b5f24953bd8bd8b28d0b25ccc3eaa8942192e27ea76
Data/FITS/fit_bdc23352c371_K2.qs2,961623,2026-07-07 18:06:20,c4520c73832096767926511e33769b96362d0a6daf6ab6a3521b6345bff96733
Data/FITS/fit_bdd6495e16ae_K10.qs2,92656,2026-09-01 22:28:00,24090021e4c14c182140bd7f3a1c124e35d0aaf6cdb56f8804bc1de54cc948fe
Data/FITS/fit_bded1dad070d_K20.qs2,123439,2026-07-10 14:54:24,5a1bfeb907a1e04d13931e1cfb251f10cac5976844ef0073f14026c4bf1e74ee
Data/FITS/fit_be04dde92e77_K60.qs2,236194,2026-07-10 16:51:26,d6590411ae0240887d88d4812a6adcadfb8a8bd7aa8d4081cc3e9d64544f3fac
Data/FITS/fit_be1ffb4b21a2_K170.qs2,724237,2026-07-09 20:16:13,f27ce3d7e258165ceee0b310595436a0fc666ee04f58530344ab68f042bb4d8e
Data/FITS/fit_be3a48d988b4_K47.qs2,202234,2026-07-11 12:49:56,577ff0272840399258379d87cd7c5b6e30e9ae2d4a03115b4e4305530377d90c
Data/FITS/fit_be3fa82d05bc_K90.qs2,318092,2026-07-10 16:48:09,937d237d20b4a26203139bf9a3671043048095b6eb088ba1945c7c80ae14eab0
Data/FITS/fit_be45b06e29e4_K70.qs2,2411719,2026-07-09 09:59:12,8a4e41cb5b54980e14756f5f7cb4891d42cb65979bf8bd18377eeaea5b6552e5
Data/FITS/fit_be4641abdd7d_K60.qs2,380210,2026-07-10 16:50:40,83c5aace2e9cc4e946f1290ae3a80bde03eeeeea4f1bf6999581b5c005df0e37
Data/FITS/fit_be5112bd8bb3_K150.qs2,667112,2026-07-09 20:17:57,822c932cc2dffdfa1328910d64aaa3ba3d2f057c63f3964752036709bdf378ac
Data/FITS/fit_be579afb46af_K40.qs2,216929,2026-07-07 22:47:27,b2419e886165fe06805d95a09a69b357fa17549b3a51309c981b3eff4413dd5e
Data/FITS/fit_be5daf7c0107_K40.qs2,1565585,2026-07-09 10:30:43,1cca040b34ee1a073e6da5d0b66b3605c0bd094f3020bbaefb3838a59668985c
Data/FITS/fit_be73f771b985_K40.qs2,181348,2026-07-11 03:20:34,2164b3967372104147fdb3e04f377d945d5d43be17cf06e7e560f92cd3a8fa83
Data/FITS/fit_be75abcb4fbd_K50.qs2,237206,2026-07-07 22:50:07,8ae722634c2e2678686cd9a0206d4f992986ba461f8f3b6d1bab1dbf3ab9be01
Data/FITS/fit_be8dd8869ae6_K60.qs2,772212,2026-07-07 22:17:34,4104ff95a470b3adb3e91fc5793a96b46748fe09049e3ec7c8d7dc8dad347cbd
Data/FITS/fit_be933fc082fa_K70.qs2,8185546,2026-07-08 13:53:17,a3d93d8aeb1cc827a51e5805e102d62d94c79924808cc012f1abf16178fe3d26
Data/FITS/fit_bea834a486a1_K12.qs2,1513199,2026-07-07 18:08:33,946af2c2c69e837214db0b0e72957a3e32fc4d0648f07538d2cf1e8a09ac9a80
Data/FITS/fit_beba910bb478_K40.qs2,245111,2026-07-09 20:36:52,6a020113f95acd95ed0ddfcb301712967469f9f0cbc51a6bf708cdc3ec6fb632
Data/FITS/fit_bed5e6942062_K50.qs2,1821452,2026-07-09 10:18:18,94c13864cf0d46e40447bfb2e127334dac94ce8ed924c898eb068e626ef028d8
Data/FITS/fit_befb0b64facc_K50.qs2,1822088,2026-07-09 10:18:18,678d08d835352ce68b7b9a3771d18b489d10764c277e4c98c61ada83a096da08
Data/FITS/fit_bf17576dd003_K2.qs2,6185,2026-07-08 09:16:06,120a0b7c59f2b5543e064a17c7c9f28daeea1cfef6329f4fdae508f4c1de0954
Data/FITS/fit_bf175c0edc20_K5.qs2,8789,2026-07-08 09:15:36,9564ec572540ed5ff4fa6620d9d21cebd65459d45f0d3612ffac1d6d1d910d64
Data/FITS/fit_bf1f88138181_K150.qs2,665453,2026-07-09 20:19:29,0196e2cf532684d610db5d455d512413cf0dead9828422447da3367e8197cce1
Data/FITS/fit_bf29ea8a06a9_K40.qs2,1568299,2026-07-09 10:27:09,1789ff2147da595ef76ca195262c2b83cfd7be61803b5d6bdf27fa1eeb22ed4a
Data/FITS/fit_bf5cb0e387bd_K70.qs2,261473,2026-09-01 09:47:55,87bb34a04a544e9ec969bd5295c9f6d870e848b84b07a4452fa1dba917722f90
Data/FITS/fit_bf5e09af7807_K20.qs2,123095,2026-09-01 09:43:58,a97fef6bfc1ac8c24011e86a6ae02005455aabe25c65fbdec562483197b41dd1
Data/FITS/fit_bf70792d9ef9_K8.qs2,13357,2026-07-09 07:00:44,af22c15f7639def3b2756e8807d9b2e3e94b48f10f0242eec0f96d9abd36dcf6
Data/FITS/fit_bfedaf345d0d_K5.qs2,11027,2026-07-09 07:00:45,55b66f22e2f6ddc4674fd5b6f638e64904af764388d7d32e2f4503e9f814be3e
Data/FITS/fit_bff7b05aa7fc_K10.qs2,80645,2026-07-11 00:29:34,1ee9e2cf8036854b04eb564a767bf0085961a661f2aef0c5381677889df9edae
Data/FITS/fit_c001895939b9_K55.qs2,736969,2026-07-07 22:16:59,18fbd859855eb0a4f1ddbdc202c433eced30c0b272e2af716be6c9b255110687
Data/FITS/fit_c0050abdab71_K180.qs2,759156,2026-07-09 20:12:23,c58499733d656d55e93987e55212829b831850f98015fa40beca5f7b986cb0c9
Data/FITS/fit_c02f907c0014_K24.qs2,134220,2026-07-11 12:50:39,a023a221e7ca62e803a13e3516c87a109c98d9d7fb03e155b5e0d379bf7e95ad
Data/FITS/fit_c043cf36d7cf_K13.qs2,107543,2026-07-08 09:17:52,524442a2d4f85257c6fc577e361a811a6dea2b6294541d7c541630763b753352
Data/FITS/fit_c08471515ffc_K80.qs2,287764,2026-09-01 11:17:36,d4a389f78811d68c935f24b36fb6483c984d79e1197c395194f852f2a9b2ebbc
Data/FITS/fit_c0a963bd29ec_K16.qs2,22996,2026-07-09 07:09:15,81d66b0416b3d0e2b8122a93e3d15989facd70ee26684d3acff83064a2438c73
Data/FITS/fit_c0cb2d8115d1_K20.qs2,119073,2026-09-01 09:59:13,58aaf0db778140b620b3fa0cae25f54b25725950d9102b9f265990932f0f81c6
Data/FITS/fit_c0d77e658970_K40.qs2,182324,2026-07-11 13:06:06,9a862e6be8a1a3ea57659a89952357323d65387e9261539b3c41bb98707cc6fc
Data/FITS/fit_c1025acd834b_K30.qs2,187568,2026-07-07 22:02:57,add240df15805d35155f78dfc2b371aab32bf95ffbe98ae5874c174aafada5e5
Data/FITS/fit_c10d8f46eb8f_K80.qs2,8924492,2026-07-08 12:38:56,ee176cbd76625d08fb28707d1183c8d238e63e46dcc2b4f5c1a67856dd2aaba3
Data/FITS/fit_c1187728db66_K20.qs2,122397,2026-07-11 13:10:57,37fe6f1cbf0150269e163741ab6f198b3326ce72234f5cc9b3d345f1b734a475
Data/FITS/fit_c11c02fd18fe_K40.qs2,181184,2026-07-11 03:24:04,3e95a01e932778319b1a9582a6261cf26a78eebd75979ab214637fa10d1d6d50
Data/FITS/fit_c15a0e207d54_K40.qs2,194248,2026-07-11 08:04:57,3bbd7566195e61135977283eef144145e307824543ed604a86653e6325dc97a4
Data/FITS/fit_c1602bf872bd_K80.qs2,2705823,2026-07-09 09:51:38,032d445733c17b1111ddf132dc1afb3f28667a94ea92cc67779d5207954eb2ab
Data/FITS/fit_c17068c1067e_K12.qs2,949992,2026-07-08 12:43:29,c17d55731d2abda04e389b1493de5f212443a24d239529bcca436fe580fc6bdc
Data/FITS/fit_c18db3e98ee2_K10.qs2,127685,2026-07-10 16:56:02,38313427915882cdb3185b9580a34985fd40e9c8b9fc72fd24be3443b0552e89
Data/FITS/fit_c18f2de89f99_K10.qs2,544768,2026-07-08 10:22:12,d441ab8e94f14ab322b94fd744fd13be17dcc758b36e57b291dd9a6a34b1ae48
Data/FITS/fit_c1914eb38396_K45.qs2,528959,2026-07-07 22:15:51,9a96d539dc0696d76ff07b01639f38d473b9e51bac1605da03f236ddb27f5277
Data/FITS/fit_c19e2fccb4e3_K80.qs2,293739,2026-07-11 12:58:58,6db25c7386303e22779ad8f6ec68ce8e0ceff6f1982618d969e44617e2d0f984
Data/FITS/fit_c1b441f76030_K30.qs2,4709593,2026-07-08 15:25:11,c0dbfdbdf16c3c5912272430f9b34ca9a7fdeff8cfaf9135c212886595845d5c
Data/FITS/fit_c1ca7bfc2a9f_K160.qs2,4633925,2026-07-09 08:26:27,698de3eb9c3d3832128cd70c7132c9228bdca447ca0e89ef39dfbceec741358a
Data/FITS/fit_c1fc22699047_K30.qs2,205267,2026-07-09 20:38:52,dbc286a30c0b6b4d05e6051a67c4f6847b6ce8da2894a1d08f9cf37addda3575
Data/FITS/fit_c20c4fe3c671_K90.qs2,2979893,2026-07-09 09:40:03,fb7078e48c3d7508a3d83119133d3ac6aeca18887ae620f0b885325001704c21
Data/FITS/fit_c2228ccfd7a3_K15.qs2,1664540,2026-07-07 15:34:43,c2ced36c98fbc6389cd868dea39ca3647e10c2f24eee6e0061343093172ee44d
Data/FITS/fit_c227afe2302f_K10.qs2,79286,2026-07-11 06:16:53,a057ae2c3373a89ea1bcc191e7fbccdfacf8c0af8fc47784441c491e661fc1a7
Data/FITS/fit_c23654e925cf_K200.qs2,5374311,2026-07-09 07:35:23,7ace1cbc4b1ca7199fe11ccf30e705fff34a36270bde07da82b62e71c797ff96
Data/FITS/fit_c26c4f43a198_K10.qs2,17894,2026-07-09 07:12:06,964917b8fd55fd9b1c8a6007a3a980d355dcc0ecc598894dda967cafc5639b6a
Data/FITS/fit_c276eefaa29b_K4.qs2,30170,2026-07-07 15:19:07,dde7dc69a0a826628ec94dc7d122edfdbc0ea1f4efa91325918acf2908c096a5
Data/FITS/fit_c2a6ed6c5273_K60.qs2,240404,2026-07-10 14:51:02,88b45bd53b9b2e5c97e3e5a3a8237b138f8276dfd02f9f855bb80ca154d971df
Data/FITS/fit_c2ab21e9e2e4_K10.qs2,80020,2026-07-11 07:27:45,5df0af2ed22823099894fcbddad2918af32c38f9a97cf171222ba6e4996783fe
Data/FITS/fit_c2af0aa8d690_K200.qs2,811574,2026-07-09 20:08:59,f2d836d344da99461d76209fdb735cf18ee03ff1f9d8a364e6e66375cb35b90c
Data/FITS/fit_c2b94b245598_K5.qs2,102149,2026-07-08 22:18:34,e4e8df9a3258749010d25cc2f1a8970dc2be92da2a7fa85aaec04c47978cac6e
Data/FITS/fit_c2b9fd294421_K15.qs2,181796,2026-07-08 22:18:01,eaedfbfc9aa9b29bf2fe2d9132864a9db6eaee0ab94c40ba5e1aabb188f7ab0a
Data/FITS/fit_c2df68b60ba8_K10.qs2,124889,2026-07-10 16:56:21,c7e8550a3cb501d535e05362904c38de24723070582e091a1371dcee4f1d3eac
Data/FITS/fit_c2edcb58164c_K15.qs2,118991,2026-07-08 09:17:20,4a163054fd42b1379dcd5327c53c5591705d2fcbed3ea7a6f3fb616f3fe5e7f7
Data/FITS/fit_c2fbf0d00227_K100.qs2,338185,2026-07-11 12:56:44,c85f0d1013d38f7b55cb99272def70687e2fc4e3e110a239c17551a84760b351
Data/FITS/fit_c317ffc606cb_K30.qs2,472392,2026-07-07 22:33:39,a09bc6a5b42b9a1e1406e1b69a45b2b1ddd7b46d5df28be820c6d45b4a1b83d7
Data/FITS/fit_c327cbc2915d_K6.qs2,14075,2026-07-09 07:09:22,8612acd1ecf145f674891c5bd787d0fa732dd9d01448f3878ae5b41551ab27b1
Data/FITS/fit_c3398419a6b1_K40.qs2,182814,2026-07-10 14:52:43,3e0cdc3cabe626f22fb7cbb0cb1697f22c290f98440b24b5f4523172832000f2
Data/FITS/fit_c3434ce9df87_K180.qs2,5028045,2026-07-09 07:55:47,5374780fc3b720fab4803e0c761b36afab169dc7c2d7d4046eb916a4b33679a6
Data/FITS/fit_c34b9415735c_K100.qs2,3207610,2026-07-09 09:27:59,c705bda0dabad2ec22eb96e21d8adb30b2c32aaa1011052dcffac586396fb06a
Data/FITS/fit_c34e9cfe1d46_K40.qs2,1567576,2026-07-09 10:25:33,22cb0595595fbe4367a62457ad1443b17fec1aa9496e6947dbbab60a3330a4c2
Data/FITS/fit_c37ed539f0b3_K20.qs2,122655,2026-07-10 16:55:36,69d42715a2012cbefe1cc5079fecd39185b6333e2f4e9dd621b509c88bfae01d
Data/FITS/fit_c38f2cba0e4b_K90.qs2,313838,2026-09-01 09:47:55,9b1d0724ce2fc2c7cc24e02250f8524bc202d7d9f66cfdff27951772d98dc284
Data/FITS/fit_c3a2d44762e0_K50.qs2,206706,2026-09-01 10:09:59,47edcf4dc8942183050e98d03626a76eac9c388c90d4443381ab4cc61176b946
Data/FITS/fit_c3c3a0540386_K10.qs2,100048,2026-07-09 20:42:47,f3952328220ad1eded64599437fab35fe30cb9459aabd3de80616a82006814da
Data/FITS/fit_c40bd47fb82c_K40.qs2,179279,2026-07-11 00:59:07,77dcaf62e3dd8eabc1ba9717c7c571cef87fe1a210f0cdc89aafee8816c9c144
Data/FITS/fit_c40e741f9c7f_K12.qs2,16303,2026-07-09 07:13:18,37deefae37d427e9684a0cb2431eaf24c5075fde169656514ab314415d57a762
Data/FITS/fit_c42428c98b79_K30.qs2,156532,2026-09-01 22:26:51,5b780b26f77561574a5237131a2086fcbf428f65f6337f8cee6cf335b9fb0c8a
Data/FITS/fit_c42fdacfedd0_K20.qs2,123658,2026-09-01 22:27:28,2e235d030d71852c0e950cdf3ec4a9c5b23fee2650bd4e316abe2b65eb05dced
Data/FITS/fit_c437c2c3d41d_K60.qs2,381522,2026-07-10 16:50:54,40e07ca8a0f73fcadd609d452ddeabca6272d6dc5089c762eefc5ed7a56ff4fe
Data/FITS/fit_c438f5e3bb94_K40.qs2,245247,2026-07-09 20:37:18,7965be3792869b1c06ac81017c6e005accdbc2fd1dd56833b6edbf8609a8b8d1
Data/FITS/fit_c440b93e45e4_K120.qs2,561099,2026-07-09 20:23:04,5861aaf66e2a3d8e91d2aac7d65c2cdba0439da6695b207493844159883c32d6
Data/FITS/fit_c44e155da924_K120.qs2,3748206,2026-07-09 09:07:09,5e178948af80d90f67902fcd6cea7c885f0d5f9ed41702d9b4470626af571587
Data/FITS/fit_c45d32134718_K3.qs2,1025268,2026-07-07 15:28:11,c8ee4ce1e6ea07237e96210045222f9869ba98eb07400cffcf01b1699ba6982c
Data/FITS/fit_c45dc0fac307_K10.qs2,96913,2026-07-08 09:17:03,4b5074db250729f6d754ca678a374acc6dccfdd17e2352af13b2e87a7372e4a5
Data/FITS/fit_c4c5701b5138_K10.qs2,15139,2026-07-09 07:10:43,d4281b3a76fa838b59a426c384b2a9d645ba818c47a0212334eea809ecfe2ba8
Data/FITS/fit_c4c65f0aed98_K80.qs2,451794,2026-07-10 16:49:10,18c4f3e173c7e19a5978ff08dffae00776c2e329d5b176016060cef47418d0a8
Data/FITS/fit_c4d6d1b949cf_K20.qs2,122753,2026-07-11 12:50:44,a9d43733618687eff4d8f2d534f4115b266d0dfb33f85bf47d0ae8ad01c322ab
Data/FITS/fit_c4fcaee55cb4_K120.qs2,558551,2026-07-09 20:24:04,dcf30da2be774652ed44c939ee037d258872611c88b74b5867aa175d5f3518f6
Data/FITS/fit_c52d6db96b26_K80.qs2,295089,2026-07-11 12:58:55,6d1203ed9f9babbaa403e30e14ed4afff80cd2bde75f2027189911e344c1aeee
Data/FITS/fit_c533f46945e2_K20.qs2,119613,2026-07-10 16:55:36,1c6bf828a8bfb9e65e5f81f5c043d6cdab03113d8b5d253024b76ae96b6ad908
Data/FITS/fit_c53a0491d803_K70.qs2,371081,2026-07-09 20:31:51,168cb6c00549cee21ae55f4a55a131760b373ecb465363aec2994db24331bc60
Data/FITS/fit_c55f3369c8d2_K2.qs2,923254,2026-07-07 15:25:21,00ec18f47213b586f9ba85fd752bbab0761aea24b43f8d1111ce5f17d065afed
Data/FITS/fit_c5636592c678_K4.qs2,1115008,2026-07-07 16:20:37,a2fcc1d05312030584538a6a2d30f6c601c7806df31b6f3068e57e9842c77e9c
Data/FITS/fit_c5878bbc1114_K30.qs2,203039,2026-07-09 20:38:24,1be5446a9a12b7d2eb45b4a9b37d3db4dd4a5e229dacac16477a51c1030d261d
Data/FITS/fit_c59f467d018f_K45.qs2,671988,2026-07-07 22:21:01,78909df13cdea5849cd1352045a3c237a024890066e7c64330a322085298934b
Data/FITS/fit_c5bbf5f8a6ff_K10.qs2,79465,2026-07-11 07:42:01,71ebe90ceb9042fffa61b07de5e1ddea6dcf2c6a47e8007f7e964258d831a4a5
Data/FITS/fit_c6138a2ad827_K20.qs2,196393,2026-07-10 16:54:53,fcc50e0704071f97bb59e514e3dae6a9fb320c6d24fd41db526b419509844ab5
Data/FITS/fit_c62301ed86e9_K40.qs2,181645,2026-07-11 00:26:24,2b549fb972f0c5d0f7d7b38a29bb379643f99f8a29203d979427f11aca9ce0cb
Data/FITS/fit_c6463a4da837_K4.qs2,10330,2026-07-09 07:00:46,8ab12ca872509b116ae1983dd4f0c2c967b4dde597299648a431ef2fc95c0b60
Data/FITS/fit_c692866faf1b_K8.qs2,13317,2026-07-09 07:00:44,88485070e17efd93a4e7b748758ab5df5f5f3cde73978020c92e9dbfe4570ab9
Data/FITS/fit_c696699c07f6_K5.qs2,105895,2026-07-07 22:48:01,d64ead6fe7945aaeeb07d65fd6219320d8ba8c96c6e8c3ad887f85ecf29b1e36
Data/FITS/fit_c6aad95ac7b5_K10.qs2,81097,2026-07-11 13:11:27,a5fd183225b6e7f2e9a140051f741231cdf7817fcbd207116645ed47332933f2
Data/FITS/fit_c7233739c34f_K20.qs2,120213,2026-07-10 16:55:29,523c195ee1bf30532c55684a0761f3852eb897b2685e092f83ab5d8cbcd34b19
Data/FITS/fit_c731ea7190a1_K4.qs2,10516,2026-07-09 07:13:21,cfc8d531ebd90c3aa94ee99dc157949a5322598ed7ef6ae96eaefde5afc2d4cd
Data/FITS/fit_c7335df427a0_K110.qs2,3477399,2026-07-09 09:23:44,0e28ac81e98f5232cac1d75a3f5699fcdc0d93e2f9c4c8abba6b808c83f6d734
Data/FITS/fit_c7489d173279_K40.qs2,200676,2026-07-11 06:34:26,07ecc62c1dd1696cf8c29aeca61190453a6a296bbbd2b248388e7f7002c6658b
Data/FITS/fit_c751a50968e2_K18.qs2,206249,2026-07-08 22:17:46,d694ce4073269766c312db0620a0205686f2ba79b8928008b8db86dc8f53a439
Data/FITS/fit_c75c53fdc868_K10.qs2,75687,2026-07-11 01:11:31,8bf6ec06327f80c3ffc91cefd7b0b76ee0dfcfdc6c1d8d827e7a25a351d42621
Data/FITS/fit_c76443934ebb_K10.qs2,99893,2026-07-09 20:42:06,e1ad811006831ebe9aa3c9bdfe5bae75e047c162a40d53fe01c31e3ab56d7842
Data/FITS/fit_c76646439ff4_K15.qs2,1663564,2026-07-07 16:33:45,f367b8fc5d5da78a2b20bd404c1ab5d47083b3202b0e63985a84b730ba806e68
Data/FITS/fit_c775dc8bb811_K20.qs2,20332,2026-07-09 07:00:39,e76219d74742bda9303d7ac1f5f96487979aad4bc13c37bd6573d638ed4aa9dd
Data/FITS/fit_c780da4f08ca_K40.qs2,181247,2026-07-11 00:12:58,4bc004140df85e170ead81f654387aca8c981ac0b7b1f8e8b090639b7a73b59a
Data/FITS/fit_c781bcba1a12_K4.qs2,1106491,2026-07-07 16:21:43,e136c57ace362fef177705700812d043e87203bae42f3ad40a9fdc76e2c6c987
Data/FITS/fit_c7863a87045f_K10.qs2,80788,2026-07-10 16:56:29,3a9d04aff35cedf7ea15f1e77f8ebc96496a4f30a9487a0093f2edb444252b57
Data/FITS/fit_c7ccdb0542fe_K6.qs2,34205,2026-07-07 15:19:08,8abf888978ee3f27e7f3da34f64fa8aeea053c1567e2278714fd5ef71e5e2905
Data/FITS/fit_c7e7222782e2_K2.qs2,75812,2026-07-08 22:18:35,fb74f0a7c0114a3344f54f1bfc583f7bc9739c2b7cf076fa83c97dabf44ce384
Data/FITS/fit_c7f35a1afc9f_K90.qs2,2975052,2026-07-09 09:40:33,d95698713c73ec651f73bd8d9caf5bc3e10296f2a643779fb792d43a7f70d995
Data/FITS/fit_c81f8480de19_K90.qs2,6103894,2026-07-14 17:25:19,99fae745e921ab67592830f03b05e87afbfd83b9eda60fe399d25984b34178a2
Data/FITS/fit_c829dc4f3627_K40.qs2,186468,2026-09-01 09:43:37,9716715c19a3b3513bf79aaf66ab520afc84c5397cc82702dde16b1af3a01be6
Data/FITS/fit_c83fc0a66b15_K20.qs2,187695,2026-07-07 22:50:03,4adb1e8a8d463828d53a9a603f8a903ec2b4ede22678877aad9ee1437927e736
Data/FITS/fit_c86d6de7e168_K18.qs2,18623,2026-07-09 07:00:39,011d6e3b768a77d44f829503c9778398e7717a10c5cb4e7c49255d9b0c9b776c
Data/FITS/fit_c8779f07e61a_K80.qs2,286829,2026-09-01 11:30:19,fa17d9c2e0f3fe3c457e0ec4470271356fcff9b091c6e3f267d6feb9c276dfba
Data/FITS/fit_c878ae3341ab_K4.qs2,10301,2026-07-09 07:13:11,0ce8df502c4c7c4a0d2d5dd7ab87ec1d1f646bab29efd97dfb3099eb1312bdf3
Data/FITS/fit_c88d8fdb8c9c_K20.qs2,183432,2026-07-07 22:49:01,e724fefb949e4bdcaf2a7a1eed859768b549e1fe94860bdcdef8f2b6c43c1aaa
Data/FITS/fit_c89a5303bb5a_K90.qs2,483828,2026-07-10 16:48:08,63ce49ecaf18aa48466bcab62677b80687d0e29f350aad784395b57005092a79
Data/FITS/fit_c89e2556b749_K130.qs2,589229,2026-07-09 20:22:56,05da5eb684e0cc4ffca90f6ab84055673b47d7990f78375a6f4bb4785fbb99d4
Data/FITS/fit_c8a4228c7c94_K40.qs2,192845,2026-07-11 10:13:14,7b32aff85dcdf0dd8ff15fa38a6d48cc33bd5be8b2094e578b1f053e97904bba
Data/FITS/fit_c8b947305fd0_K50.qs2,209606,2026-07-10 16:52:19,48c6ecd1dfc4bcaa294fb0e5a9657323ee1907633df69fa95d71b63979fe64d9
Data/FITS/fit_c8bf6a060dbb_K50.qs2,211902,2026-07-11 13:04:58,1a1c0fc8e65bcb35cb48e46c0e6d5e7ba2b70795d1145ba910bc698012f0d720
Data/FITS/fit_c8caa4f614d7_K10.qs2,74234,2026-07-11 01:21:39,033705354b63a1be0f88809c9f993202afd50165600d90ade8a7b8e140b17f2a
Data/FITS/fit_c8db093f0954_K12.qs2,19803,2026-07-09 07:09:18,6649d8ea68479f7089efa6da107111881a01260de9738b3e8e742ab9868dfc27
Data/FITS/fit_c8db62a76be1_K16.qs2,1669216,2026-07-07 18:10:06,ea2eb619451019dcb6248f5700264f0cb6830066ae5624318a350e2f5e5f1aa6
Data/FITS/fit_c8e5d53fc84b_K3.qs2,630815,2026-07-08 12:44:04,8792ec37fb2984a4e0f299db3a3a4aae6c4e0fb43643cfd59a1a71f8356857ab
Data/FITS/fit_c8eefd6400e5_K80.qs2,413667,2026-07-09 20:30:57,b0e9404f3148199e88adbd5aa231f2f8173e34b0c26b08a852eb8c040482a24e
Data/FITS/fit_c910505533f3_K80.qs2,290643,2026-07-13 12:24:26,00d7b978b63dcc34375c0152db04283fc2cedf17766f5e474f4a1bc2b4ccecf8
Data/FITS/fit_c917120cb40e_K2.qs2,21565,2026-07-07 15:18:49,450237300c879fdff4f55d733bdc5db1387faffb20ce824a4ae796edc4c1e0cb
Data/FITS/fit_c93616b896b2_K40.qs2,244330,2026-07-09 20:37:26,d16f8a3a32cd9cfc9192c38de1e21f28f7ed22abd0c10557c8f4b1c81ed4dedb
Data/FITS/fit_c95e6bae152b_K30.qs2,202738,2026-07-09 20:38:47,a7732dc86f40051eb1d57108e3c12da3fe13721b8bb0a203cdfb1168fe2fe4a1
Data/FITS/fit_c9760f3a2fad_K130.qs2,3943504,2026-07-09 09:02:53,071b0cce5733c75fc98cdc2f8779fbfc67b9c8f34e1e82ca44477a530894910f
Data/FITS/fit_c99e44ab2a62_K130.qs2,3962564,2026-07-09 08:54:26,e75014a3b2169b119c8ba6800a576c84ccd8d4b21b84bc2b6c4d142283aaf4d4
Data/FITS/fit_c9df2318bec0_K21.qs2,121532,2026-07-11 12:50:42,813782112c5958e151d8b8473296560846fa87ce4149f3f4358d151dda6e9ebf
Data/FITS/fit_ca12e5327f8d_K10.qs2,82672,2026-07-11 03:20:30,9b3cea20097d91b8692e6cdfb9555a61c20f2bf804f45b50b81c5292db1c9bed
Data/FITS/fit_ca22d69278b1_K40.qs2,189414,2026-09-01 22:26:14,f555f51070d767b1b684c439298ca5ecdcbeea6e5f67d81527344ab7654c6ea2
Data/FITS/fit_ca29aec0860d_K20.qs2,119468,2026-09-01 11:17:57,3e9ab15f2024eca07cecb5b4678dac75e27d9b317d5af1fd3f1f78fa70263ca1
Data/FITS/fit_ca2b0fc441a9_K50.qs2,212006,2026-07-10 14:52:07,575eb199554143a02ed6ef29bf8e558234860ccf653600e600cbbf003ccc27c3
Data/FITS/fit_ca3b3b3d482e_K22.qs2,1916999,2026-07-07 18:13:10,799ddd573981578c56ffe18db942431e4ee699bebac5dc4c465e8a66dfd48190
Data/FITS/fit_ca3d0bc7a3fa_K12.qs2,162746,2026-07-08 22:18:29,c29f789599cd5c3616828d918e9bd858629bdb1680c6233a74fa23eed8167a93
Data/FITS/fit_ca5de009c6a2_K70.qs2,2335041,2026-07-08 10:06:43,370eea6874f1e87713e0dda68018125f944666f1ffb8c396bf3380717f496186
Data/FITS/fit_ca629ae3e984_K18.qs2,202883,2026-07-07 21:50:55,5e62c80f04c97e821c1246e8352dfc3e42bc93b6a2063372a830eed685834847
Data/FITS/fit_ca6e706adcad_K5.qs2,39346,2026-07-07 21:31:31,4048d923f0903eedb0e40f187111b84baf3bbeb5f23ddcaacaf62f1ade3c3968
Data/FITS/fit_ca7a07d31560_K8.qs2,1317277,2026-07-07 16:28:17,84b0af24a5c62623dd2562a46ed7d2d50c99f576521adab985ad7b613f724a9a
Data/FITS/fit_ca8f49a6554d_K11.qs2,183033,2026-07-07 21:51:22,b96ef4b3f16280dfffe9e34d759bf33511135489b2e6ccd40bb63c6569a03320
Data/FITS/fit_ca91883824cb_K120.qs2,3701739,2026-07-09 09:11:51,125dea95eeaa416d01b1bf08b96f0631facfc8c540b5b4b795774c0a4061a7f3
Data/FITS/fit_cac57d02f2d5_K14.qs2,16708,2026-07-09 07:13:17,99782fea06a52e118b0dbedece43837a7728dee468b88e9f72a4badbb80cc0ab
Data/FITS/fit_cac7f75b1582_K30.qs2,1249881,2026-07-09 10:40:15,d653cc461032abf06944d23c20ca1e43b450414f532a9da463d74b99903f240f
Data/FITS/fit_cad07356f3be_K200.qs2,813452,2026-07-09 20:09:33,f21f699390af9cd9c0c11199dc230428a90ec4f2b4121c79762e6eedc608a9a1
Data/FITS/fit_cafe54d4501f_K30.qs2,250749,2026-07-10 16:54:09,39894f76efdac2269f8bc838bd4fd263ebcd7020cb8d90cc8c3f950ba19a444b
Data/FITS/fit_cb173819f1d2_K2.qs2,7889,2026-07-09 07:00:47,607c51eb05709aa00099cb55969be420969740c09bf667f569dfab61d4c0a67f
Data/FITS/fit_cb181371da63_K30.qs2,153306,2026-07-11 13:09:21,32f44ce41fdbf7d77fa424f9a69e6fde0df9478d36bcae44d7439f350c7e5224
Data/FITS/fit_cb2f094764ae_K80.qs2,455765,2026-07-10 16:48:35,29f4239173125db4d3f0fe851b58b6d9351d2cfd0a78572b1a6f21a59f31d71d
Data/FITS/fit_cb394eb9a372_K10.qs2,17896,2026-07-09 07:12:17,b44e6a705c13ebed5777c3ccae4daf04a17ca4ad05ee75f47c4947c0200f4299
Data/FITS/fit_cb71707cd3ce_K160.qs2,695587,2026-07-09 20:16:45,1fb7697bd74e5105f455a162ff7ac3ebfb01177790c87cbfe023a2fe3da1d657
Data/FITS/fit_cb79e8e4a60b_K160.qs2,4625578,2026-07-09 08:30:41,7b2a27059922f0a1650bd9accf182cb88dbe348d1f0ac8e89d44c461ad5c9e56
Data/FITS/fit_cb7f6f24ce3c_K60.qs2,238714,2026-07-10 16:51:16,907c3de212bca0d102507ecd5ba5a79060e978052c039e8263c3fe50db307dd7
Data/FITS/fit_cb8123525fcd_K70.qs2,268892,2026-07-10 14:49:55,3577657e630d6df036cc2f277cb7cd75f4ca8bcf29fa88c1e7d5784dfc35d4a0
Data/FITS/fit_cb83e98cb7da_K8.qs2,1312275,2026-07-07 15:34:55,328bcb2ca42502ecd465ee28a2403746bbb670666f4263617342969975aaadd3
Data/FITS/fit_cb8b9e33e416_K90.qs2,316628,2026-07-10 16:48:19,62690b999b8d30b54e425751a24120c9894ac83a62ffe72adad101b037b31cb1
Data/FITS/fit_cba828a7f443_K100.qs2,521442,2026-07-10 16:46:31,48a2e77098b16930b10869b4ede0252b9caf5f7a42d3b33cc7ed8db074b58b49
Data/FITS/fit_cbb154a067a6_K70.qs2,2327407,2026-07-08 10:06:43,4d3385e55b0bce1f761bdae6b22025fb01fddd159c79d843743957bc3e0789a5
Data/FITS/fit_cbd492c72616_K40.qs2,194740,2026-07-11 08:50:29,ed14a0e699a75896e0fae5fb563a3c065ef912fe666f7745f09b216059a0268a
Data/FITS/fit_cbd7f8b4d177_K10.qs2,100031,2026-07-09 20:42:16,0104d1978010360ec43aae6b77f5f4b740384472ddee6628378d855f228c68ec
Data/FITS/fit_cc3271e2179e_K15.qs2,127148,2026-07-09 20:41:41,8df32337bb84872897b72a7272247ba267fd227280e444393d7de2a490564bf6
Data/FITS/fit_cc6dff39ef1f_K70.qs2,269751,2026-07-10 14:49:57,5ed7b6ca958124a39b22defb6fea7321b0409ccaa1071baa2d6dcdcd1714a4da
Data/FITS/fit_cc708898e68e_K10.qs2,15346,2026-07-09 07:13:19,0bc190d994178e236290f19f245ef3be9b7115057fbb6d6221828704fec1d3c0
Data/FITS/fit_cc93a40c6014_K10.qs2,560848,2026-07-09 10:56:44,77a735749511d56d73aa6b9d780c0fa04eb0aafa4ee2ff86dd50e9b7db4ca3fd
Data/FITS/fit_ccb58a44c544_K10.qs2,79631,2026-07-11 00:36:32,ca4da8b4808d52aefc6cac0cc39c620388c058932bec89c1f99c10317effefb0
Data/FITS/fit_ccb838c35226_K110.qs2,533549,2026-07-09 20:26:20,201221c6768402e8b6f298703d852d6fedfbb8cb982dbf3c482db90f68334c85
Data/FITS/fit_ccd8fad4a574_K9.qs2,1372389,2026-07-07 16:24:57,6e9bd081a4ae6766162a16965296d4246804519c372bee94dcee8dfc41ca9ee1
Data/FITS/fit_ccdb798ecac5_K40.qs2,180219,2026-07-11 03:50:55,c17f152e3958784e446266bcaea0770b04f613943439e3355d9cbf65a2c0a2ce
Data/FITS/fit_cd2a8d205111_K100.qs2,340318,2026-07-10 14:47:10,54caca370f5136986fbf654646f76047cd97d3305142746afd6feeb0a0f5489b
Data/FITS/fit_cd3497ea4da1_K5.qs2,2435509,2026-07-08 15:57:14,34c9f3ccb84fdfe6413f23f2d777ee1d145b66bfe212898c441b3d00d32555e9
Data/FITS/fit_cd65f21afafe_K6.qs2,33923,2026-07-07 21:31:48,30d4f00d7f85983228b441770b4938d3c670bf2fb8147f000d1377a5b7ee9011
Data/FITS/fit_cd685800a58c_K40.qs2,180840,2026-07-11 13:06:49,4d5c40d40fe77623a6bf04e792427054a63a5b8c00b772846537550825375136
Data/FITS/fit_cd6b77cd837e_K10.qs2,150533,2026-07-07 22:49:24,9dd93464960cae5fb21d43a4252bf882407c073320d0ed59fd119aa169c5296b
Data/FITS/fit_cd75c128250c_K22.qs2,21227,2026-07-09 07:13:09,d80f688b7028d9ed8acf9b786ed533a691e92fd7d86c87e8bc39d8709dc1ecdf
Data/FITS/fit_ce131b5864df_K180.qs2,5023868,2026-07-09 08:05:52,9ec672dbcbce0eff218e68b867e5ea295f180829287909ddb6130d0403671670
Data/FITS/fit_ce1d5b6d662a_K170.qs2,4811677,2026-07-09 08:06:47,193439162f97dec9a584baef4deb8151971073b8cfe413ab3755c55069205bda
Data/FITS/fit_ce30e98824d8_K30.qs2,153563,2026-07-11 13:07:50,9263ba0ab47d125b906440a26e5f75ad0356aa07ae47d212f46823bf53c44082
Data/FITS/fit_ce4a696e1477_K15.qs2,16567,2026-07-09 07:00:40,3a2ecf3513635955fd711f3ed3cc8614ebe830da73186b71e49f53c8b89c994d
Data/FITS/fit_ce64f9e58c84_K130.qs2,597241,2026-07-09 20:23:00,bf7e277614eee257733c6ef92a7053309222700e3398b98c447401ca5f986727
Data/FITS/fit_ce89001ff379_K4.qs2,29536,2026-07-07 15:19:07,21816ed1e07fed4afb97e319e224c845a6b478633a5194835bf9400a58ee00ea
Data/FITS/fit_cea2b79f9b78_K6.qs2,35338,2026-07-07 15:18:47,30aa79e97d78a000ec00bbe121d07b8b57d26657af81ee5c25cf7737e69ff4e5
Data/FITS/fit_ceaf328bcd5a_K10.qs2,85582,2026-07-11 04:30:06,c1e3b33a0db74de018d20282920798084075819c6a3be9d9089d270eb81f338a
Data/FITS/fit_ceb15dd5e827_K15.qs2,127057,2026-07-09 20:41:53,b5ff78e2bbf07b5062514612e48b4403a7b8ed9d1ee46035858de4ffa6faf3f4
Data/FITS/fit_cebf55cda8de_K100.qs2,490534,2026-07-09 20:26:49,701c5c00e71733f93156adeb4e6de2c096305577560f6d018fd0eb80ea0c6fb0
Data/FITS/fit_cedb2d684db2_K40.qs2,178858,2026-07-11 01:08:06,4b7d668a26332f025305206fc1e57f837949687ea17a2cd5376f73a3f84c10d9
Data/FITS/fit_cedf997688bf_K10.qs2,81924,2026-07-11 13:12:03,8982b9c1e96dbba932ed3f54dd2dac256ebc8802ca23feecf60e2b45b87adaf8
Data/FITS/fit_cef06ecb3ffc_K60.qs2,378240,2026-07-10 16:50:44,4d82f1a84b009a229edbc3327a3df5ce3ec0df82fbfa9c602d785147d17ee01c
Data/FITS/fit_cf133ea0c2eb_K50.qs2,205860,2026-09-01 11:30:18,d156690d85958fa1de6debb396a553a6fb7590f64e7d24cd4aa51833235d3eff
Data/FITS/fit_cf1f9db455cc_K14.qs2,16542,2026-07-09 07:00:42,099c19177e6fb86846c73b2454bd97f3f4f8a0434ada4d660886ce14baa0be2c
Data/FITS/fit_cf320eb21187_K10.qs2,2893540,2026-07-08 15:59:09,01a255b259d43b0999c4ea0bccdb9971999c442bf5df5a09193134033c617354
Data/FITS/fit_cf345d522f26_K100.qs2,519796,2026-07-10 16:46:32,2650ea0578026bc64bc9707962c4be21c1f3aa1c2c5fadddd2c724b654d4bed6
Data/FITS/fit_cf4bc9fdb9ea_K40.qs2,295360,2026-07-10 16:53:16,2a0c673a8f14bec52fcb1b5026f01d6907ab61766645e080b17b492db411ab4c
Data/FITS/fit_cf678ad5c3eb_K190.qs2,5167274,2026-07-09 07:45:52,42fd6a541ba5c42a668f7e5304e799637ceb560d124edef1c18e339bd0096e0f
Data/FITS/fit_cf686b6d1260_K35.qs2,258916,2026-07-07 21:49:49,744b143be85523ccbd59a978a02e7a9561206873e72762f3d56dcbfb809f35f4
Data/FITS/fit_cf699208c06c_K30.qs2,106776,2026-07-14 16:05:21,9cf69715b90011a19a4bd5a354327a0dc17ee11b0d37ce42d79fe9401da9f7b3
Data/FITS/fit_cf6b2c703938_K30.qs2,250454,2026-07-10 16:54:18,1113111443dc3063be2c1257068a70fb595c104258dc2f0f93ad16192e4be925
Data/FITS/fit_cf7d1c0d9427_K130.qs2,598191,2026-07-09 20:22:59,468447e1e40462ee32c8691ea3c7e72adfe47853978303972301488e534babd7
Data/FITS/fit_cf9c67999b45_K20.qs2,140471,2026-07-07 22:02:45,5e18e6705193a285d45b6a193d1cf1276bc476d5d57c9812149f063a26987925
Data/FITS/fit_cfab044fe68f_K25.qs2,140479,2026-09-01 22:27:09,ac60c85deb7e0e580772de4c320ea33756ec9bfa16acad5b58dc82a1104e45ab
Data/FITS/fit_cfaf8a7d6de3_K30.qs2,250204,2026-07-10 16:53:53,25e3131fa69b6d810922a4b19ed2379ae495ba8d2b4e208025d96748513ae8f3
Data/FITS/fit_cfb8c60b1fef_K30.qs2,154477,2026-07-11 13:08:57,e60e649e959810d3f1d3e01ee307b4297726fb4b1aef0584a3e45838cf8afb76
Data/FITS/fit_cfc44a8ae12d_K140.qs2,4180131,2026-07-09 08:50:01,51420ebec7f738aa014c57666b3e406b4bb28a8b6f7dcc5343d195f8efbe75a1
Data/FITS/fit_cfcc17e69c9e_K19.qs2,118827,2026-07-11 12:50:47,3b6f78ab5f7c5f32a4c4268c306b85c980270c25c6dbcbd26735b220489527fe
Data/FITS/fit_cff20c9cb59b_K15.qs2,733146,2026-07-08 10:18:45,c80c0bd9f5a7b4317fa0d84405ee590bd33f35d0da9d90f41bfebbafc9b065de
Data/FITS/fit_cff65e341e30_K4.qs2,1093375,2026-07-07 18:07:03,e07b3faeb78de9ee7f725434030df09a2cb9ead6a52d26577d8ab00247528e2d
Data/FITS/fit_d003ad158aa1_K5.qs2,32243,2026-07-07 15:19:16,eeabc49a33dafb4a96ccd7a88796cad2c1bc2cc9a84377b7eb85e79527aa0a62
Data/FITS/fit_d0138a45fcad_K10.qs2,14185,2026-07-09 07:00:44,581db5e9da62ba3199103f2838bc4f7e041fad5cb7b32b19da82df88b512a008
Data/FITS/fit_d0170e1c47bf_K5.qs2,65308,2026-07-08 09:17:21,1887afe0b92839a0f6b5c63df6d688f85fdcc2a43915bcc37caa2956c708bbcc
Data/FITS/fit_d02c8076663b_K27.qs2,144025,2026-07-11 12:50:30,50a2328ba471decb19aea2805c365a791aed32b4874e4cdeaef09cfe1e371b1c
Data/FITS/fit_d05cf4f097f2_K40.qs2,177637,2026-07-10 16:53:23,830b6209ec3109cc458a063f48e6d1c7ce4129b3f88d7675f483ee4f347b5ac5
Data/FITS/fit_d06b7b1e75ff_K90.qs2,2969179,2026-07-09 09:44:10,f43940b276cc0941cf31d73ccaf95439c75a929cdaccff7108416ef5b6520277
Data/FITS/fit_d08cf73ea156_K90.qs2,484877,2026-07-10 16:47:37,13f84ae42c885be8820fc772bb8968a4c11c4cb57da90537074b0203d2e02e03
Data/FITS/fit_d0cb5f45c3f7_K30.qs2,150204,2026-07-10 16:54:36,8c22145af547ec2eebd8e3ff8b18b17ec62cccf0a794c95031a150ce731e8879
Data/FITS/fit_d0eca3050479_K40.qs2,171326,2026-07-11 01:14:56,4e780c8bdbf5acb545f44eba969eeef7d3d70f50fa1088c35d77d96db032c91f
Data/FITS/fit_d1262bae9550_K140.qs2,632985,2026-07-09 20:20:57,d94a15ce400a0ee0ad7f51b507000d340469c935fface587ab7aca9728118876
Data/FITS/fit_d12a17d073b5_K160.qs2,695873,2026-07-09 20:16:50,cbc7979e5943be37034724902eb6806b18e462dcd57535458d1ac2d1796ed510
Data/FITS/fit_d13f30d5270f_K2.qs2,7812,2026-07-09 07:13:11,1b7ed3e0232c12d5a406b42b908e109fe272fdc7caead20fe150c5f26d4c582e
Data/FITS/fit_d146ce4a4473_K90.qs2,315839,2026-07-11 12:57:53,6bd7f869e8ddf2a6647ab31512bf0ebadc60f3d3c398bad98dff2a8d0ccc3ca5
Data/FITS/fit_d15bab1dbc8f_K16.qs2,104148,2026-07-11 12:50:49,4cb9e5b3da5569d70f35e14233e7730240c27231784eac5ed4d24a7788d198ca
Data/FITS/fit_d15e42b60e87_K10.qs2,82243,2026-07-11 03:17:13,98c8ccafae98c43d385d06799b7f40c86cf5a4c3e6dbbc08bc4564c46dc584f4
Data/FITS/fit_d16867b0bb6f_K180.qs2,5048194,2026-07-09 07:56:02,f636e5297c5d494eae07a7d02d561e9159c9675d9c6be1380c7839cdd7daf5c9
Data/FITS/fit_d174a009ffa8_K5.qs2,65136,2026-07-08 09:17:10,247f4d5d07fc71caac26e556fbc09d31cf26b619a702cd4fb296b90fbcf17101
Data/FITS/fit_d1775207ffa2_K90.qs2,451053,2026-07-09 20:28:40,d14e26a28111e8bbfec51c9d245b05e57db94ee5aaaca2c0aecf62cee4f7bd41
Data/FITS/fit_d189d96f5733_K20.qs2,399146,2026-07-07 22:45:00,26e6ef99ef131a52ca0f12829b363980cc39e593f93b62dcb8b872b3c2724547
Data/FITS/fit_d18a394ef25b_K50.qs2,206725,2026-07-10 16:52:17,c1a9719ccbff0422ad127963e8a8affe67808d9076e0100ebb417c4cb9291847
Data/FITS/fit_d1b93e3158dc_K30.qs2,202852,2026-07-09 20:39:27,7f334cd8ab270f7caaeeac1d826b06be0817f05f1d631f6d107d9708c88874e6
Data/FITS/fit_d1d236f43547_K20.qs2,932159,2026-07-09 10:43:20,361d28949ef9f4cb4e8fd1e1833b7859f58caf294a43e7ef924ee92e99d94de4
Data/FITS/fit_d1db06d4b44c_K60.qs2,240333,2026-07-11 13:02:52,e08f737e31bdbf614874e94fd004ebb3ff2cdb0a397d7db72ee05672223d04e4
Data/FITS/fit_d1df0ced7961_K30.qs2,2942128,2026-07-14 18:23:24,4b920bb96f793c29c611cd9a6c2c9e43ef8df6df3ebb7249efdd5894e1a9b7e6
Data/FITS/fit_d1e3fff3463e_K40.qs2,215904,2026-07-11 07:41:57,9c1ec99952ff53d3e76da02f238b0d9134c3319899163094c5ec075e0b53166b
Data/FITS/fit_d1e8cc58b991_K50.qs2,1827340,2026-07-09 10:22:20,a9efab522a6578240205a2e7a21cfda6ab23cac925b9ee4ba93c4a2d4133021f
Data/FITS/fit_d1f4e1163efb_K60.qs2,236113,2026-09-01 11:06:34,63f4a584424dcd1f728b94bc8598a44468af36c68b1e26d8cf30de476871ff27
Data/FITS/fit_d1fc3582bf85_K70.qs2,2418211,2026-07-09 09:59:29,bf40fd08f9f86b06211543017952237aea210d4dcc947d6d6967169f899bc89b
Data/FITS/fit_d243ab69b9ed_K40.qs2,194605,2026-07-11 09:24:54,a61e0bec933c2b4cb3a17b4eac6e3808f3cff29fe320443af05c37b188152851
Data/FITS/fit_d2448515c55d_K50.qs2,1820174,2026-07-09 10:22:29,cfc3ed34ab5f216d2baa11e3ecbb53b8ab96eaf64c2d0b9afabb61bcea88b0c5
Data/FITS/fit_d24492f74ea4_K70.qs2,414821,2026-07-10 16:50:13,3a035abd1c975e3ff89b32199636000f744821bb04aa0a1c67b3a4a3e7c8041a
Data/FITS/fit_d259574da1bc_K50.qs2,211290,2026-07-10 14:52:09,b18e00f4762793fc22b2fa6e02aa27f866081b0ff200b95d25522e3cd0a8eb69
Data/FITS/fit_d28751354f13_K90.qs2,490434,2026-07-10 16:47:33,00f5c3423f0c16206846ef7bac381c3788a4e5a6a676ccaa073ea90ec517741f
Data/FITS/fit_d2b115be19e4_K25.qs2,427657,2026-07-07 22:12:01,0c306951e1c9c15185839b8f97adf57c54715783ef3138627fc005c5bf8a9ad8
Data/FITS/fit_d2e41488ca3b_K40.qs2,183055,2026-07-11 13:06:37,0924226e8c33ac4894c90a08425af0c02cced3d485640d1ad25bb05f54fd49a6
Data/FITS/fit_d30ad36bec16_K100.qs2,513435,2026-07-10 16:46:43,daafa83f8bc9d9e069d2c03b29e18fbcffa750cfc1e6703f6a9da488afbd76dd
Data/FITS/fit_d3148b21ba75_K70.qs2,367574,2026-07-09 20:31:50,7c515c96593598ff625cedbc38d1d17e72593124a574a814e188b63e6fdce028
Data/FITS/fit_d31f7f5ae8d7_K30.qs2,1254429,2026-07-09 10:36:40,ecb177914253cd9330044677ab48c84b25b850ae4b1cf2713440f61d3703a4b3
Data/FITS/fit_d32e9ae3766f_K70.qs2,368520,2026-07-09 20:31:20,85644ec7d378daf21b5bb1c81e4ac104590861c348680d7d0c2a1989126f7fe8
Data/FITS/fit_d33c26fa05d6_K15.qs2,127150,2026-07-09 20:41:35,131a25c6477644e902365e05af4a3d12024e0fb07580321f9731fa0231927404
Data/FITS/fit_d3467cbba4e8_K80.qs2,291717,2026-07-11 13:00:06,9440f8b96bf0096e900c73c298b075648203dfad90665e50f707db30a95cb721
Data/FITS/fit_d359fa68dd22_K100.qs2,524856,2026-07-10 16:46:46,91caeec08cdc7e3ff29c1953ffb37e39b5720db9fac84154fa9f6ec460fb789a
Data/FITS/fit_d376043e5e72_K20.qs2,928587,2026-07-09 10:51:11,a0a5bd8da056fd75ae852eac496cf72d19760698a91e65268e060c944939d262
Data/FITS/fit_d387928e6202_K190.qs2,5185573,2026-07-09 07:50:58,3c322f7250c1fec9f0091f0c8441a25178a0304e25fe9f651079f5f7d75fb11b
Data/FITS/fit_d39a39aaae3f_K40.qs2,181935,2026-07-11 13:07:17,6db36a2f3100ce4969b03a21533abb46f7904528410268be47e6a1aa3814c8c5
Data/FITS/fit_d3ca56818223_K70.qs2,8196752,2026-07-08 13:58:52,5394cafe77b0b57ddaac08c06e17351a75717114a09511f98b8561cb2b02e6e9
Data/FITS/fit_d3dcb2678d70_K50.qs2,212969,2026-07-11 13:05:31,7c470266a12e3b646fc19861ec7a9875c289dd2b178d9fdd7ac15a8fff78a53d
Data/FITS/fit_d3e4cfa76712_K15.qs2,109989,2026-07-07 21:59:35,63469bfa61cb37e8af016478c97ac9497e5c733e9d03f7f04ddacd9b7a7f008d
Data/FITS/fit_d3e5cf2d44cc_K130.qs2,3928251,2026-07-09 08:54:39,36e27e92672bc91ad1eb22bf43f7b783cd1d72bd7fe2ea44c70f94fc7950ac53
Data/FITS/fit_d3e679c3aea9_K50.qs2,205903,2026-09-01 10:32:24,06bd3c67e0c677d33f8c8276bc68d8a0f41dcd42f2b8e7cfaf27ed46b9cafb0c
Data/FITS/fit_d4397a7b85cb_K20.qs2,124765,2026-09-01 22:27:26,46dd9ec78c5601cfec59661e599006fd69c4f1349cc9ffe593b9a8f639260ddb
Data/FITS/fit_d44759da8caf_K10.qs2,80026,2026-07-11 00:16:12,7a9126d700d831c0fad727331fdf64d35fe543f6afc620917ff11c0f9d1a0934
Data/FITS/fit_d454943f3dfa_K50.qs2,279769,2026-07-09 20:35:05,61642c99a21232ea8a102a113f8efcc8bf9409c26234dfe13f279788afa56d01
Data/FITS/fit_d461a43875fc_K3.qs2,7227,2026-07-08 09:16:06,bfdfefb3b4447f202049bbe5e6703a4fb3560111931ab5f299183ea117e6d8c5
Data/FITS/fit_d47d41c8d58b_K25.qs2,140949,2026-09-01 22:27:10,2e8575ae5225f69ee6c8399cca41b655f7556876f54fcdd6ae130a74e6c393e1
Data/FITS/fit_d48eebf2c239_K160.qs2,697230,2026-07-09 20:16:14,4f30dcaf92ab3082aafe544fd6324c6096204f70394158a015b676013197c1e1
Data/FITS/fit_d49fb78a75f7_K13.qs2,168633,2026-07-07 21:50:15,1e13525e4a606dd5dd0b540bcc00e98d18bedd3771043cd012d0ecf92764af48
Data/FITS/fit_d4a0d8629ba6_K10.qs2,2878966,2026-07-08 15:55:56,3f6b7b3380dc264c7ae824c49942ca43de844a1328e12cec18a98533358ecb1a
Data/FITS/fit_d4a7ebb938ec_K9.qs2,90966,2026-07-08 09:17:36,ae742179df38f4317d6bb6f5954516d3669b332f014b9ef768be5dd1c8dd07c5
Data/FITS/fit_d4a89559576f_K9.qs2,90798,2026-07-08 09:17:05,f90a1b3342c03a2050d9c67aa24568b3b9a0df69de47d3a472bb0ca94d844970
Data/FITS/fit_d4be4cd79943_K80.qs2,291817,2026-07-11 12:59:32,58456dbb748f3aefb043a4e2800c9a00519d7470e4afd8a5b2d6a4ee4c06a576
Data/FITS/fit_d4d0591ad093_K80.qs2,410462,2026-07-09 20:29:39,e04aa991ec0f42e283da85f22e1a5532e3f658756cf40ef941fcc1e82aedaf37
Data/FITS/fit_d4d7ed6468ae_K20.qs2,122565,2026-07-11 13:11:03,4ad57bd77a90f6cd3266c0e1d51fabe59255e170e2ec9e495b2bbb9eb8164d7a
Data/FITS/fit_d50f453a772a_K90.qs2,2984512,2026-07-09 09:36:21,e445421b6d317b3408e399982cac16601c9208ff26f65222fee6a60cc6712db5
Data/FITS/fit_d519092ed291_K4.qs2,60270,2026-07-11 22:32:03,ba64834d37c80ed11d1a611b5cff1aee42036af7b0e3392afc8257c40312afef
Data/FITS/fit_d5252f846cd6_K10.qs2,84534,2026-07-07 21:59:31,c3ff692b283545d7a20dd1313ec473bc977c998602a3053ca27ff9447608b2bc
Data/FITS/fit_d53dc0c866d0_K130.qs2,3974827,2026-07-09 08:58:58,6105cbb27fcfc0c4b7e4da809da430d458d872e3837f438a8e6f94ced04eb3d0
Data/FITS/fit_d559387d5bc3_K50.qs2,232578,2026-07-07 22:55:44,f0670022735c3f0855aa195b87306956ea9d4b32076322fb529faa15b56ab29d
Data/FITS/fit_d586d7b9f1f4_K180.qs2,4967159,2026-07-09 08:05:47,aeb1ff426156872520b36a268035ad205090044ec3df6e016e07ae317c3be2f1
Data/FITS/fit_d5903dddb26a_K2.qs2,21134,2026-07-07 15:19:07,858e25a9aff11aa4bc2ad1a1f316e9b0915cffe998049ef79dcf072c08e92156
Data/FITS/fit_d5a778b07d1e_K40.qs2,180350,2026-07-11 13:07:17,f1292440a9aa3b8cb3dc864d6da2076380ebf5cbbb51e0159fbc3912a6250597
Data/FITS/fit_d5bc27aa560d_K10.qs2,80847,2026-07-11 00:00:49,9c25b2147b33b9d38ebb950f157ee0432ef73adf480e85701ccc480c1e19df9f
Data/FITS/fit_d5be2877e25e_K130.qs2,590782,2026-07-09 20:21:27,1f87b8967164759173ffa2b11e88d2087d341fa7bef3d975b62df7cc2fc14ba9
Data/FITS/fit_d5bfb20ccaa9_K35.qs2,166604,2026-07-11 12:50:19,71c39cd5410e8de4fdadf9045ed060cfccad3c145330589f4825d2317a9fa5c1
Data/FITS/fit_d5c73ed68068_K100.qs2,339134,2026-07-10 14:47:41,0c4932cdc50641c5eff29bdaa5e29d5b6e6076554f994dc56379cde61bc0294f
Data/FITS/fit_d5ce36088fbf_K5.qs2,338175,2026-07-09 11:04:44,7f95b02049bac7e6b62bb48e71e71e73ac8e81d0e831ed7a9792eabec3b5928b
Data/FITS/fit_d5e8eaf3e2c1_K40.qs2,173596,2026-07-11 01:25:04,30c5968ff9180e6302728a44e865968890fbc1d9f52fd52457ccfd45f7387cd4
Data/FITS/fit_d60ddf4103e7_K5.qs2,60747,2026-09-01 22:28:13,ebfbb51ed4d6dedbd3a25d4f421dca71e9d978d69872face6cbd115d7876570e
Data/FITS/fit_d611406ef5c2_K10.qs2,542773,2026-07-08 10:22:24,87e43ffd003fcc66064af726727b70da9d8e5f8b6fece15067cb004d0506f387
Data/FITS/fit_d65847f3fa2e_K140.qs2,8099248,2026-07-14 22:06:13,41fc0a98470bd9325cfb2ba27633f159ca3f618967084a84adcabadbb3fb8827
Data/FITS/fit_d6591817b5e2_K40.qs2,180608,2026-07-11 00:23:05,2f82e423ba249296dedc84742503d5c99d4ae4efa40b6b0633277d3d9c704ce9
Data/FITS/fit_d669972946f0_K70.qs2,422936,2026-07-10 16:49:35,366a912a962c1ed8745886bfcec769607e2d905545136782f4c8e4b4565a1f44
Data/FITS/fit_d66b46bacae4_K10.qs2,81482,2026-07-11 13:11:35,c0801a8615804557a9091d1cecd96f8051307d0f60883e8f0bebcec2557e9bd4
Data/FITS/fit_d679985bdcf9_K30.qs2,147989,2026-09-01 10:55:15,5c59b7d554de8570a5aa6018dc5c97e3dc1d730b16e9f6e08d45be4a0c5f3cc7
Data/FITS/fit_d6b831e2012d_K30.qs2,152850,2026-07-11 13:08:19,fca8f8c219867b9781040e57baf597742226e30d98f25dbbf17a7e6424b55147
Data/FITS/fit_d6c0ecd0a92e_K10.qs2,540843,2026-07-08 10:23:24,e3b3db435dc170019ab5d2157ed4b65eebf039b02216f70141029173a5af0169
Data/FITS/fit_d6e7eb20eecf_K80.qs2,410374,2026-07-09 20:30:15,637ae984c6a1bc7294146db3f1eb12803deeb96d90448ca972d1d5036ac70882
Data/FITS/fit_d7019a922110_K16.qs2,17532,2026-07-09 07:13:16,8763fefaefba20a3da906b703eb3c0eee8b5e9d941fe7f9bab95c9c436f63c72
Data/FITS/fit_d70e9d3ea328_K12.qs2,1688474,2026-07-07 15:38:53,6a1c1b2d376b632b9fb60e9880f6515f77811d375b0b0994bc79576c33f0ed97
Data/FITS/fit_d728e8fb1037_K10.qs2,83469,2026-07-11 08:38:18,50da8cbe4752c6ca7e715cde58c30547563e744987cc90728ad026d8637054fd
Data/FITS/fit_d74aacff125a_K20.qs2,118873,2026-09-01 10:32:48,5c44b638d2fe6ccf8ba5d70623d08808c390a334b16963a05c5993063e374fb4
Data/FITS/fit_d753a5207b5f_K50.qs2,1831160,2026-07-09 10:23:28,53bae1268fec77d2789a93ae880a5760a22064e8a670763c812b0f0b95312ee3
Data/FITS/fit_d7724678f8a1_K70.qs2,2420134,2026-07-09 10:03:18,6c060b5d051b1ea15c936016e40365aceda6a514229f18f89f36c54e19ccde1e
Data/FITS/fit_d7787d1b1090_K40.qs2,175958,2026-09-01 10:55:14,7d5dfb6a967db60acdc48adf91d3572c598cc23e52b98be7495b51003b0c0584
Data/FITS/fit_d79995f61874_K5.qs2,106382,2026-07-07 22:47:39,394938d8920b710de792c0de330a5e2b20da34dbb437548ff682b7f14f7cceb9
Data/FITS/fit_d7cb86f2ff97_K40.qs2,178375,2026-07-11 03:47:32,fd5f8e5cede436f936343b5ab17204fba0560849e5dcb308dffe4b779c06fb22
Data/FITS/fit_d820d44a01c7_K5.qs2,107656,2026-07-07 22:48:04,31bf964793dfc36d717f39cb24873ce30a6944bbfb573dc164e825d582117d97
Data/FITS/fit_d8379ed3b635_K60.qs2,2116195,2026-07-09 10:10:38,d64e6d7c85944a993b3475fbe25f6a83f50b33c82bd584dff1be1fed3ace0df3
Data/FITS/fit_d83d10a77cf6_K40.qs2,214513,2026-07-11 07:34:57,7e86a96438eb9c70f60caf5d2f3601d225da6d2a3ffc7773afe2ad855cc0bc25
Data/FITS/fit_d844d6e1781f_K8.qs2,14003,2026-07-09 07:13:20,e232e29cd97c459153bddd3e210d9768cbebb88d40591dd5bf09c4b880f7a5a8
Data/FITS/fit_d8474ea74c67_K90.qs2,316418,2026-07-11 12:58:25,de3b4ace958fb252e0146dfcf3c85c503892f4280db34b4d12b19eb5f0d3afc3
Data/FITS/fit_d8586bd9d387_K30.qs2,204027,2026-07-09 20:39:55,df652c03f3f32f8ca6056556a2fde899b8b76328bab73c1492766b8ecc1bb29e
Data/FITS/fit_d869b56f856f_K170.qs2,725816,2026-07-09 20:14:39,527001f7a44b209b8a5076f724db9bd5c7e4ffb1b26deb26c8038ba68aef511b
Data/FITS/fit_d890396bd2c3_K100.qs2,470437,2026-07-10 14:45:45,caf5e509f6679e314ffc0fee62d211ebfcc2f4abac4befd71c13ce2c326cb905
Data/FITS/fit_d8c75b3973c1_K45.qs2,1619840,2026-07-08 09:32:24,8904e393df97200005a402c0c3177dc88f2d19ba965e15ba4dc2dc9a3488a313
Data/FITS/fit_d8c8bf5d994f_K20.qs2,227542,2026-07-08 22:17:50,b03ca7976a740af1a5ba27ffef149841d9dbe1c28d6f763e043954f968933922
Data/FITS/fit_d8cbaa84ac13_K5.qs2,31351,2026-07-07 21:31:46,a7299cc3a3bdf2ccfa7cc613c59bfa120135e22e7025c6cfd287ad3563eeb61e
Data/FITS/fit_d8d0324dece3_K14.qs2,16656,2026-07-09 07:09:17,04c556c828009d273d781707763ede53071b5d30373cb260418eeaefac720419
Data/FITS/fit_d92872825985_K180.qs2,750556,2026-07-09 20:13:27,8d985bb24788ed770dae2d0ccbec43f4d06695c5a9417afde7d5dad569d045cf
Data/FITS/fit_d93ffb1eb3f3_K17.qs2,18123,2026-07-09 07:13:09,c1b45919396a2e0790d70188d95ffb87db7eaff9237ea7b5a985fc2a27de3e97
Data/FITS/fit_d94c60a16b37_K90.qs2,493228,2026-07-10 16:47:46,80dbebb685e48e89bc6e691772d84e004f5bff76723e0abe68eb0ae4034e87ed
Data/FITS/fit_d94e2ed25059_K100.qs2,3208312,2026-07-09 09:32:26,3e13268a88c174965939eab0b0190b9ab6fd16db2cc35d61a9f323e814b4154d
Data/FITS/fit_d978573e24d6_K30.qs2,201806,2026-07-09 20:39:47,b7d3d96ce971f78d8a651f70f5568fdc9d8190a8fa2f5af02417e7216abae32d
Data/FITS/fit_d9ad4f3a407e_K200.qs2,5345204,2026-07-09 07:29:54,0983d3f6fbc8fce163d974212c5370533587beaeb8ff5370a2afe45d1a02b3fe
Data/FITS/fit_d9c400ec8eab_K16.qs2,23171,2026-07-09 07:09:15,26ab50f3197ef299936d57b72494e82f4e72c59c8a33352829b7c353595e069d
Data/FITS/fit_d9cad35a4c6e_K10.qs2,79322,2026-07-11 06:30:59,5a9d62d81b1ed32ddeb1228636f090a7debca56af13fac9978012f0538fd5e98
Data/FITS/fit_d9d9a6b05d8e_K40.qs2,200514,2026-07-11 06:31:04,dafa1dda5a9a8b27bac66c6cfd4169681f491cc3f58ff6e8628d68c00b553e82
Data/FITS/fit_d9da6b93339d_K10.qs2,81406,2026-07-11 03:34:16,f3af31639521777600bca73384a5364555fa3834b657e59bc1a1d2daee58ec35
Data/FITS/fit_d9f7a6f7fd2e_K120.qs2,562343,2026-07-09 20:23:55,546794b78410ccc299a3583b0ad0097ce400e695b9eeb03aa15985981143b12b
Data/FITS/fit_da109d2d8588_K110.qs2,3480343,2026-07-09 09:24:07,c6e09045f61fd7a5108cae682683a17825d92676a01a36ea2867bd9afa7cb755
Data/FITS/fit_da258864e3e1_K10.qs2,80224,2026-07-10 16:56:29,8174247c4509ea4af9b98460a142bfd79b544e7629fb41e255a755a0b768cb17
Data/FITS/fit_da43501591a7_K100.qs2,340952,2026-07-11 12:55:35,6504afe084c2d3ee573e9bf7090234c53362ab0150c2c33a49dc58d9b3465132
Data/FITS/fit_da48144dccdf_K30.qs2,331853,2026-07-07 22:53:30,45b5e97475491c39bab0e3ce7ccfd984651bbe532432d33f785769f3ececa73e
Data/FITS/fit_da7e54ecbc64_K10.qs2,79919,2026-07-11 07:45:36,70c69752ebed41445aed9284bc28dc00c9f83f553b009985d35d1e247fe9d9e6
Data/FITS/fit_da84e43ce7e6_K40.qs2,359005,2026-07-07 21:51:01,0ae0f7e9fa1cd324bfab60008daac5db690d7ba0115951ab82c08a2d5b878e15
Data/FITS/fit_dabb32091174_K30.qs2,250235,2026-07-10 16:53:48,cb2900976ae13cb5e12432f3a5195399eded386b926d134fc1b46938037431b9
Data/FITS/fit_daedf493276b_K4.qs2,95250,2026-07-08 22:18:36,03704c0caf89404a553b3f62e52c85832bc394f3d045c67909d4000a2ff82826
Data/FITS/fit_daf8ffe4f456_K5.qs2,55701,2026-07-11 12:51:09,1e3d63590f7041e21940d602f27e14d840acc0f046bef4e09459a49a5d37fd68
Data/FITS/fit_db02b086a57f_K6.qs2,1185563,2026-07-07 16:23:46,2c7e71b77eabc4777ca03aeb70614f366031c2556cc5a9d068ac982080739315
Data/FITS/fit_db0afbb54e73_K3.qs2,9177,2026-07-09 07:13:11,36c9b9c4c8fd7be247cd898766ca5f462629d8f01adc4fa10c35c030e685808d
Data/FITS/fit_db123ef6f247_K3.qs2,1031171,2026-07-07 16:22:30,7a37a113cf1185055945153667c607dbfe2079f6cbd3812d126b697e2b9812d2
Data/FITS/fit_db2c1c8f6176_K40.qs2,187342,2026-09-01 22:26:12,29b5cb9f3684180b079915bde53be64e1f2400617b317225546ff619811cee70
Data/FITS/fit_db376ffb53c3_K10.qs2,142780,2026-07-08 22:18:24,71f52af5979ead4ba00e020c18012ac1124b722cf4fe7e4838ce8397aa369c98
Data/FITS/fit_db8d54809f19_K60.qs2,547789,2026-07-07 22:18:59,a86a59711f58957d907a7732da679a6f4477088f9d23fc182a90fdc585d90812
Data/FITS/fit_db8d90393d01_K180.qs2,4988372,2026-07-09 07:55:49,40aa03d33e29d31979ee69f3fd090faf5abab6e4a753f27ee58a670d885d5368
Data/FITS/fit_dbb76d23180a_K90.qs2,316976,2026-07-10 16:48:22,5a3ac1318e4fc4c2338688dac14e50c700617d50cf2a95954df52c2e977c79cd
Data/FITS/fit_dbb9dd546136_K110.qs2,3492276,2026-07-09 09:23:50,caaab0b7e9c8e4ab8cea41f77b4b5b0ea669ea6fd30fd68d411bfdac19eaa335
Data/FITS/fit_dbbdf1f581ee_K10.qs2,100943,2026-07-09 20:42:53,690782236bf9aac49170949bd7338c29dc79c5d1c5ede9e293e607811b58e0b6
Data/FITS/fit_dbda80dc8fb5_K10.qs2,560978,2026-07-09 11:00:47,84d36cb147fc8d088e88c1d0a7e8547b3ad37c8c9a62f65c5e6b300ceda47474
Data/FITS/fit_dbdd58086b23_K40.qs2,195145,2026-07-11 09:47:05,a700f2776dbf50502e13802b13b651be4107c54f7a84b03cd60ac97aa776d288
Data/FITS/fit_dbe70ec79a02_K80.qs2,410439,2026-07-09 20:29:42,ddd7f951244269cc6dce81c25d73e3b22c243416c30a24c7463089d1a0f9d804
Data/FITS/fit_dbf086483996_K30.qs2,203411,2026-07-09 20:39:59,72380e6898716c7b77a7d05e7db3eb36caa9b3a7731e3f4d3b5dd307f04473cf
Data/FITS/fit_dbf4087d6052_K45.qs2,206062,2026-09-01 22:25:53,15a855fb48b8459fd3bfe064b58d85af34c3cecef63cb38c021e5b2ce21011f6
Data/FITS/fit_dbf88fb1813c_K120.qs2,561802,2026-07-09 20:24:33,2329068f8a4afd22f4d22696f0fc75ba60073a20119ed74211affd9b3869ea18
Data/FITS/fit_dc15e508f469_K10.qs2,84274,2026-07-11 03:44:09,12cb963b650d959201bae9f5d65fe3e11d7deeb44e7198e82d46d64ac16f6c41
Data/FITS/fit_dc1ca18343ba_K90.qs2,484968,2026-07-10 16:48:11,49ed54c4342ddc132da84d233d9ee8fb9a2e666eac826116950452de3942a228
Data/FITS/fit_dc252f65d2f1_K190.qs2,783073,2026-07-09 20:11:48,ce09dff0730310387af89869d2e41542fea9c0a62707e22f8098184479cfc04c
Data/FITS/fit_dc2c8fd15d62_K14.qs2,16388,2026-07-09 07:13:10,35a5ba06e396de11e48f937d101b0d92cb48b98c764731d9df71996462886d18
Data/FITS/fit_dc3bf6b305e4_K45.qs2,681392,2026-07-07 22:26:37,8f4d42fc9f2fd493be317837c0c5003ed3b10a8e6af9670d714112d6029bf27b
Data/FITS/fit_dc5952c222f4_K12.qs2,102805,2026-07-08 09:18:14,b299cfd3e500f17bc5493e2d3b48e0454e7f5507f3941d427138277f047b9928
Data/FITS/fit_dc67f8e38bd2_K160.qs2,4593731,2026-07-09 08:30:42,a200c0cee224d86c807a26f924ad9d4d7a2a408a91b7d93636121f75518a532b
Data/FITS/fit_dcd8e9083766_K65.qs2,2187277,2026-07-08 10:10:14,270866b31efa052afe93451627f18522d70a5342e2bea71dfabd5c67552b2031
Data/FITS/fit_dce3e43fce2e_K6.qs2,114830,2026-07-08 22:18:34,152e325408c88e6bce65a9d9c71ab7cac99c1824455b0e50bbe1056a0f1b9bbe
Data/FITS/fit_dcefa71142ec_K40.qs2,181265,2026-07-11 04:03:49,50c182e008ffbe7e9afe3ac1ade53683a5b7fe56eb73f5955c0e18ec3e074ccc
Data/FITS/fit_dcf03712e3fa_K2.qs2,7733,2026-07-09 07:00:47,5922c7c3931e47f2dcae7cbb4148b58b2c9e35ce3e5a5a78a4cc8593e42f09a4
Data/FITS/fit_dd2bd99dfda9_K130.qs2,3949215,2026-07-09 08:58:58,a22f74a3de260d66aaaac51bbeb59b07e01ee7e8d4f1cd3c41debb8d932b0ecf
Data/FITS/fit_dd461a7b9a0c_K120.qs2,3731753,2026-07-09 09:11:32,7878821caf0bcbd2c2e84c722d39ba9d544e93a9feb944821ca88a5fc10e11e6
Data/FITS/fit_dd56e352fb07_K90.qs2,432817,2026-07-10 14:46:06,ab53cd0e565c341c59b3de10b7a6a63f141362ae55fbc9e73c211254068e6b8f
Data/FITS/fit_dd5d24dff246_K20.qs2,122424,2026-07-11 13:10:01,32c8bfe90e0360f6e39d97f13f6a779b3ceb64c7df175d7c294bb5e559504e1f
Data/FITS/fit_dd68fba4ec62_K13.qs2,1581743,2026-07-07 16:39:30,768f5fd7a346a217e8c5d92e8c1110b85710993b33228f3efd7660fb15788788
Data/FITS/fit_dd95c4bd2eae_K10.qs2,84264,2026-07-11 08:09:04,f35d9d22a13051833d7d3e878bd9b61d8d800f9722df2b42a01c552f93342067
Data/FITS/fit_dda3c8e0989f_K70.qs2,262607,2026-09-01 10:32:24,e8561a8aa1e9270a8c3a801da80f894551385b4de70c578105c20b64c7057a79
Data/FITS/fit_ddacf3dce26d_K13.qs2,1555954,2026-07-07 15:53:07,f904bab364afd1ac8eedcd1aa6d1c2b9c15c26d790b20b6782a01a816176de0c
Data/FITS/fit_ddba958ad4ec_K200.qs2,813671,2026-07-09 20:10:07,be24f8fcc8ab389c0b07f1048b23f3e1e7520013d0c6c7c570cae8bfa58ff2e4
Data/FITS/fit_ddc2d4b43391_K110.qs2,3447750,2026-07-09 09:24:00,b4a6449aee52e17a1f2b47fbae79a12a30ae070619a60de485b2cc39f97d2644
Data/FITS/fit_de1d6785fa84_K6.qs2,12316,2026-07-09 07:09:22,2620d683a685c7576b472fbacaa2ad8239bb7a5dd4be166f0d405edab3ebb544
Data/FITS/fit_de289889570c_K10.qs2,82525,2026-07-11 08:17:21,c9778b38108f1210426df611fbb16823c6a5effc3130e0b66afc018daa2ef16f
Data/FITS/fit_de69af07556a_K10.qs2,85654,2026-07-07 22:02:32,55b7254a6d002d334c9f08295d048d595baf50539def250cb908b83e4fd9e9ad
Data/FITS/fit_de6ba8398524_K70.qs2,368464,2026-07-09 20:31:30,442b55cd98fd068891a2f9dca009649996b466be99c851c7ec2581a2ab99c274
Data/FITS/fit_de79d29823bc_K40.qs2,181378,2026-07-11 00:06:07,50ac9963bb09c5d6c82042784b5e80890d54f7c1eab598f25b9327ea48761704
Data/FITS/fit_de97a1a22a60_K10.qs2,145209,2026-07-08 22:18:31,182a8c86a08f14a2668fa08cd75ffba731bb49d03adeea915e49c737e33ec69f
Data/FITS/fit_deb2ab677cf9_K9.qs2,1353664,2026-07-07 16:23:59,1310c6c312b4fa0039619273ef1eb5749db0f6e10b96b851a3da7efa991fc05d
Data/FITS/fit_dedb23b150c2_K120.qs2,559739,2026-07-09 20:23:33,845bf14eb954ae040552cdc6eee0a988440ab7e4b2e14b07bbe7af47eb230e86
Data/FITS/fit_dedbaa996133_K140.qs2,4170541,2026-07-09 08:45:00,666348bf7466f26668cc8c9bda168455e61009ece1f2586ca9143f1e046d7277
Data/FITS/fit_dee16c0ff841_K80.qs2,2717447,2026-07-09 09:47:38,a259965bd5f07cd0dc32f707a4cc87a8efc4a9bbe6868377d307b1f7e0ffa910
Data/FITS/fit_deeaccbf8415_K16.qs2,17588,2026-07-09 07:13:10,510e58ce9a95ae54adb82aa7daa6f4655c287f595adfcb20f6bf20b731573bb2
Data/FITS/fit_df1ff99920fb_K30.qs2,153219,2026-07-11 13:08:56,7ff6947f4c9cabead73b412a8af3977fe4f24a73531b35ce78b707eef55943fd
Data/FITS/fit_df2c22dd5bd8_K180.qs2,4992551,2026-07-09 08:01:04,a4996b97512d2c957e05b9917e8471bd8c68ed3a19639137659d183e285bc20b
Data/FITS/fit_df627b5ad42a_K40.qs2,245635,2026-07-09 20:37:16,9825598474060a451155ab95ec9066e895c3728255a85209ac4823776d1db0fd
Data/FITS/fit_dfb4f3ead33e_K5.qs2,740123,2026-07-08 12:44:03,87f02a4bbf113718c8a14e556787693c021dacdfef1550c724fa49d5dc0c22a8
Data/FITS/fit_dfbebb87d269_K3.qs2,7227,2026-07-08 09:15:35,bfdfefb3b4447f202049bbe5e6703a4fb3560111931ab5f299183ea117e6d8c5
Data/FITS/fit_dfbf9d5660c9_K80.qs2,1749333,2026-07-14 16:20:48,b038db1ae324a9e3794b50ec03033d8fa4497f008f0d539f96fcb59c18a887c7
Data/FITS/fit_dfde88f500c0_K55.qs2,688082,2026-07-07 22:38:38,0ae9e77a8aa800b61932df1fabe221bf641504e86a45c03b7f6a3ab3135507aa
Data/FITS/fit_e0044b65c4c9_K14.qs2,21496,2026-07-09 07:09:16,5b8038f0db5465cbfe9d6512e6e9537b7561d76c00cc53c191e712bcc3d57e00
Data/FITS/fit_e0117baa7971_K100.qs2,514302,2026-07-10 16:47:06,cf785697f171f4611eae011d4a6ee2b38e68ff9d7e9ecb722f862296b30e12b1
Data/FITS/fit_e0232a968f7b_K20.qs2,118539,2026-09-01 11:07:01,aa5edb0aea0e519bd2dde24f64e103e33192d49e657195b9a400e9b6d566828e
Data/FITS/fit_e0381233c15a_K180.qs2,5014273,2026-07-09 07:56:31,0bd153de06f63ab038fcdad449efb89dbdfdf7d8763198691eccbab8d36af6ae
Data/FITS/fit_e038ba9ec298_K50.qs2,210938,2026-07-10 14:52:09,313bf2a54f0b48e335352115421d82f7f31903e733bc392f47475c6f369d6f72
Data/FITS/fit_e0675265c447_K100.qs2,510650,2026-07-10 16:46:55,1e8b4a1e1788b68367c65b69990a6a588a67ede871e5f3067a037943b8c796f2
Data/FITS/fit_e068fc66bbf5_K60.qs2,2119764,2026-07-09 10:10:21,4509e0af0ad05c5bf1d2907c092c8ff836a2d0725de96d52afdd6c35b74ddd38
Data/FITS/fit_e09925a6c053_K50.qs2,206936,2026-07-10 16:52:28,18779f8bec7b367bcf342171d921cf0e80439a28ee9eccd0b642977985df6a20
Data/FITS/fit_e0aea2177396_K10.qs2,100283,2026-07-09 20:43:18,5dd9238e9225bfc769051bdb4826e807827de89af5b786863b2ae205c27717aa
Data/FITS/fit_e0d2c75582fe_K8.qs2,82551,2026-07-08 09:17:27,19d33ac60d89cc97d41bf14da18534b2d9740d6df0a8101a38355886f1af9d19
Data/FITS/fit_e10425b65589_K10.qs2,14468,2026-07-09 07:13:19,799102ff641ebb4ce2d0dac6ad08bd01d054fd8ec9d90c4daa8ce9f37c7d5ad4
Data/FITS/fit_e125d4d3048a_K110.qs2,3491232,2026-07-09 09:19:45,cfdd700a95033ba6f9ebe562a3ed252eb4142a6aeb21d4865cb01ba82a4326f7
Data/FITS/fit_e13a1020d6a8_K10.qs2,84016,2026-07-11 04:10:13,efaea7dc232c94c2038296691f5495ce84aa27479d645f252ee820ac91a30fab
Data/FITS/fit_e14796611617_K10.qs2,99925,2026-07-09 20:43:24,22eda16b2f98f1a3bd5cc96720f89a2f794cd8156b25fc19138c25aa8251d63a
Data/FITS/fit_e15026d2e348_K5.qs2,65348,2026-07-08 09:17:43,be8edea3730ac0ada2a760fcb0dd097a769b5e4f7abbffb32f6f0969636dcc01
Data/FITS/fit_e17348db49a4_K6.qs2,35836,2026-07-07 15:19:09,5d330f77c440e9f38ca20d5c16ff9f989879e7c9fdbe7ccac8e260b96fbdbb6f
Data/FITS/fit_e18aeede9eab_K6.qs2,33099,2026-07-07 21:32:55,dabf4d6b4c6cb467b0d7c2a7f8aafa685f92d86fe30764b4df690cf11af6744d
Data/FITS/fit_e1912338b075_K70.qs2,261475,2026-09-01 11:30:19,8bcec42b87202bd1cece3fc11c171c3db3725d584225ceb2da3f12057f0b3e62
Data/FITS/fit_e1c38bfb154d_K10.qs2,559355,2026-07-09 10:52:46,1b2598aeb1fb3db7ca604d4d68fbad9a1b2f5a5bfdcf249c9d88a2f5387f87d5
Data/FITS/fit_e1f56487e873_K90.qs2,452756,2026-07-09 20:27:45,5b2afab917c467e3970bbe1445d4f2c0438bceee0a90161a47d7b9ad58377d52
Data/FITS/fit_e20cfd43e710_K30.qs2,153532,2026-07-11 13:08:22,f8f4e864d7e1b219e35b8ccfab03ed72e0c71bca5d89db690b7a8c98cd8d39a8
Data/FITS/fit_e218c1fb0e64_K3.qs2,26823,2026-07-07 15:19:07,8ed88920837042e033f4395eddb21b8e4c0c5a1c29f11cadd95022f4cc23532e
Data/FITS/fit_e27fc0d57292_K5.qs2,60317,2026-09-01 09:44:03,7d20a07ddc74e177b2752573947bdfe1c4873720a5a4db58583d3224a76f3b83
Data/FITS/fit_e2c478c32049_K60.qs2,2115334,2026-07-09 10:10:28,d926f5022ec3e101b4ab878b684b69f920999796c4fbb846b2a11d7de9730d80
Data/FITS/fit_e2cb7d861c3e_K10.qs2,78660,2026-07-11 00:59:02,0790f304d686cde5af8692d03fad3efbf94cdc10789da3c829639cc53f65440a
Data/FITS/fit_e312b6f7c842_K20.qs2,27217,2026-07-09 07:09:12,fa6cf128a13da9af8094ca95c3b04b9e88d3fd403eaefb7682ae6a29589746c0
Data/FITS/fit_e33cb5c0e9f3_K70.qs2,2328833,2026-07-08 09:40:02,c4da1828e4e12ad95dd12c079f857f04392b1e65b7a2f34d21c4dd7eeeb40b6c
Data/FITS/fit_e35c45301c14_K10.qs2,125083,2026-07-10 16:56:10,647bea3b937dbfecef992e4915f0c4b38031af7933fc62d4782ec82fb2713f1f
Data/FITS/fit_e36c8917eb58_K5.qs2,338043,2026-07-09 11:02:36,a0343b8abb14df4b5ab59ca002ab2832241109bcf050a0cedd0bd9de12ced34f
Data/FITS/fit_e3723a9a1365_K15.qs2,1627652,2026-07-07 16:37:22,d26939bdea74ddce29017c99c25f0f4a3294e569f1ba47724b3bdb12a6aa48e5
Data/FITS/fit_e37471f084e9_K3.qs2,40940,2026-07-07 21:59:15,b88110098a12a4a2264d6eaaec6b625d8245681aaa1552585ab350165b5d48f2
Data/FITS/fit_e383c981f996_K12.qs2,1514042,2026-07-07 15:38:01,599da84d00230a418ac0ddbc2dc481def3af1b0ffe594935a9f0ed33554b51ee
Data/FITS/fit_e38c92755777_K100.qs2,3223361,2026-07-09 09:32:45,4b13609fec7753748c327bd8155f0c159e4bcd7f9e6ac6d3c4400faa04137d70
Data/FITS/fit_e39fe7a6fba3_K20.qs2,896985,2026-07-08 09:35:27,03bb6fb416c3247d4fd2933d00a02f70fc69a0ff95b9316bdf18aa989ae6e2a5
Data/FITS/fit_e3a2dfd360cb_K90.qs2,317406,2026-07-11 12:57:18,48969eaaf138c9b8885f12286a50e80e69a3ac4289438c60e29866259d002b7f
Data/FITS/fit_e3aa224a32bf_K60.qs2,237232,2026-07-10 16:51:18,2620e7953bc523e4cdaaae4d3c2f75da21821bcdf9ec4babaf222f18d98fb37e
Data/FITS/fit_e3ad04074ddf_K20.qs2,1860878,2026-07-07 18:11:57,a44f1c6ec7131c7d58517cf0228a793851eb2e98e1808c53765ddc6b029528e7
Data/FITS/fit_e3b6365159ec_K70.qs2,370482,2026-07-09 20:32:53,436e12dff0e5a463120ddacc5b0c5c94ae871230acce6ccd8d4d039f4b3b71ce
Data/FITS/fit_e3ba3bb8e42d_K10.qs2,80850,2026-07-10 14:55:25,7d7a023cd888367053f8c3e1ef0e83a0b3f95d7b5a18c0b1b7fe291c3d4f4c02
Data/FITS/fit_e3bd7b6b5c63_K60.qs2,239512,2026-07-11 13:03:29,42916f11bdc537a12d440c0748b3bfdbfb5f9edea54019ecde6db89701c339e4
Data/FITS/fit_e3c205e847e7_K5.qs2,330143,2026-07-08 10:25:06,73028c66bac04dfca70645f5503340dbd323fdd0274e21a6fef83be014c7f5bb
Data/FITS/fit_e3e284105cee_K170.qs2,4804832,2026-07-09 08:15:37,24248c103584f99c71310da0d3c51c67f68c4eedcd2f7798ba9f8ed1d7d8a81a
Data/FITS/fit_e3eea5473200_K3.qs2,25587,2026-07-07 15:19:16,ce5b706b9f953e8359f5e9ab23fbf57b3001744ba3ad258b0e865a87ad6381f6
Data/FITS/fit_e3fdae5db59b_K4.qs2,10235,2026-07-09 07:09:23,f856112aa753048d75cc740a02105da9f92a13712a277188c423e5998b1bfa73
Data/FITS/fit_e40a4d82a02d_K5.qs2,2436521,2026-07-08 15:56:22,f5a6ba6eeeb850a007cfe37aa79f9542dbc436251e6e1e8ab4fd4a4fd7cf0f52
Data/FITS/fit_e41f3ae5cfcc_K5.qs2,10069,2026-07-08 09:15:55,fdfa1bd1df591a05b493153941ad7b8947acc5cc18be10a96abca3d58d4f2230
Data/FITS/fit_e420172116af_K60.qs2,1385553,2026-07-14 16:20:46,f670dc63725576bbab8a4d4cca77228e1bab9499311be0f179bfb961bd4f32d5
Data/FITS/fit_e4408e74d02b_K2.qs2,22329,2026-07-07 15:19:07,7ef9b64fbf5ff2192ee2db954409dd5fa7b03b0ca64cc379c6653d7e466d8b1f
Data/FITS/fit_e4429b6087a2_K10.qs2,83938,2026-07-11 03:47:23,920f6d4a5ae08c61526fcbbd0d3930429fd2a227423119f2969dd94555c8e0cf
Data/FITS/fit_e45351e434e6_K6.qs2,70648,2026-07-08 09:17:05,105dd984aca9890cb1d370eb7dbcb72378ac7642971d4b0dffd3628938b2840a
Data/FITS/fit_e4680855d95d_K80.qs2,451673,2026-07-10 16:49:03,2b7bfdf19208459eae0b048363b3dd0df3e1abe85ccf653418845ff5f8c989da
Data/FITS/fit_e4791a85556f_K10.qs2,96649,2026-07-08 09:17:54,8dd8782a61fa13a107d8a8b1b3ff0ccdc2d0b5ac6e5811a602d93d1d60edfe04
Data/FITS/fit_e483cf8a7d2a_K40.qs2,182287,2026-07-11 13:06:48,587053ba0744b35ff67e18808d73d29c636fcf9745dd903a6e18f9deba48881a
Data/FITS/fit_e4cac43431cf_K12.qs2,188166,2026-07-07 21:50:41,b60b6b0ec623df3a9aed5a700d7f0d1bf066745ded233adf5cb24195ab7e9ce7
Data/FITS/fit_e4cc62587ace_K20.qs2,121851,2026-07-10 14:54:27,a3fadc492e14b4f86f4f3646e3a679f6acf27246c558521e572fec490c001cdf
Data/FITS/fit_e4d20fd03fc8_K60.qs2,377706,2026-07-10 16:51:16,cf88948d3f70aa67e692d256c52a516eed557f93990943de7e0c5d2f70245806
Data/FITS/fit_e4da7b1aa87b_K160.qs2,4580804,2026-07-09 08:20:55,ad9b3e023407818a87ac327aaa730ee6cfcb286888ce0a5bf089cc104a97f211
Data/FITS/fit_e4e949361e88_K70.qs2,369683,2026-07-09 20:31:22,9d7d0eaef6b70d51fc69b72423a286a7ae450ffe0c47b70128cbe8a4d2e1f342
Data/FITS/fit_e4f058ebe803_K30.qs2,246648,2026-07-10 16:53:50,3f08d895a10f5b2ea51d7e14718bfaf3a3d931c8e51780f9698eeb44d2bd27c3
Data/FITS/fit_e52a9bde220a_K40.qs2,243693,2026-07-09 20:38:15,1ae834663817de67c442c4aa2f7e58b98d497ce9afcce3b21dbc6fc03397b3aa
Data/FITS/fit_e5471ba0a6e3_K2.qs2,942478,2026-07-07 16:21:13,81e0fb4968353d67faf80ddd691905994f9988f11d37efa8f58be360e5aa3c0e
Data/FITS/fit_e594bf96bb55_K90.qs2,318129,2026-07-11 12:56:46,525f2de27b36f1ee9878bc469b52dabb46c7383c2d12f36fc62199280e42e7c2
Data/FITS/fit_e5960200b3c5_K6.qs2,1167204,2026-07-07 16:22:21,cd3939523c409712646ae5308acfbf092d02a17efa4e71da52cd44396c0a707a
Data/FITS/fit_e5a5f64a0739_K40.qs2,180638,2026-07-11 13:07:13,2120c592708fe6202203b11f55e90fd65cab9f43849e5296467b1feb6714260c
Data/FITS/fit_e5a7fbb8094f_K20.qs2,391330,2026-07-07 22:28:06,51dc15236c6d2de3bd377a1a60fd480169e3a87a6bba76a5d64138921b731408
Data/FITS/fit_e5ae36b2badb_K40.qs2,180699,2026-07-10 14:53:21,c2c9022aba57da1c0fda420bbe3128ab67b09d2a4246ac125bc89e71701b9ae5
Data/FITS/fit_e5b2dbcebc24_K9.qs2,1368261,2026-07-07 18:07:43,dfd5927380d78c475ef15a203296df37520c72e145932c800e23af04677567fd
Data/FITS/fit_e5bb89cc9852_K10.qs2,79934,2026-09-01 10:32:48,347a90865276214b90c1eab1b1bfd760019fdfc1e4e3947c54f5608d314d17b2
Data/FITS/fit_e5bf8d2eac39_K10.qs2,92811,2026-09-01 09:44:05,bf7bdfa4a0ddbc5ec98031d6e2ecc0c45a0e9b3fd5c6686f56c445d4987dfd5b
Data/FITS/fit_e5d291e1a6a9_K80.qs2,452405,2026-07-10 16:48:50,5b81e7f7444fb8607a1fe110ecd4cecd66073717e4813a3954b3ff9b0ec4d7be
Data/FITS/fit_e5f037f8bdf4_K60.qs2,377765,2026-07-10 16:51:06,3f4c1d45904fa764367f1752412120b5c60db887d40dcfef7ecd93d6cfadfbe5
Data/FITS/fit_e5f384ec5232_K50.qs2,1824096,2026-07-09 10:18:34,eec38ae7c16debaf572469db788b56686afba92bd8f9ddf6631cc27fdd4194ad
Data/FITS/fit_e5fc2294a0ea_K8.qs2,15673,2026-07-09 07:09:21,9e17c4085f04cde43fbe73429e567bb0ac9aa3eff84164743b5ba7a666bea2b5
Data/FITS/fit_e60a14efea11_K10.qs2,79273,2026-09-01 11:18:01,5446aea28c6b42c45dd86a423583b4eacbf3dda19dd45c2f3f7ef2c6e69ce94e
Data/FITS/fit_e60dec6832c7_K6.qs2,13418,2026-07-09 07:09:22,8dfbc89f9b0e6a887cce213e0b0abe94d0ebdcabd3f3973b65081cfc1c95462c
Data/FITS/fit_e61aae8fa6c7_K60.qs2,237088,2026-07-10 16:51:25,82c53c828c2a55382790bc23d56bb7d69a4c1f67067fdf61fe1c329d1b108d90
Data/FITS/fit_e62305004a84_K140.qs2,4186460,2026-07-09 08:53:37,257e7773c841deeb0e8319edf07fc8eb48581eeffb3ed1d13d09f95a31a9f8cf
Data/FITS/fit_e62e44ef9373_K60.qs2,324729,2026-07-09 20:33:33,9dfb3f1da7f5e1ac171b9534578a08ca3374cd5e74f7a13c84d02701028ed353
Data/FITS/fit_e644aea11f7c_K20.qs2,121412,2026-07-11 13:09:57,ae5c5082ccedfe4303efa7b3a7ea35c87e11d50349f565b821e299e66643d84d
Data/FITS/fit_e669f2a44299_K50.qs2,1823937,2026-07-09 10:22:29,42f94bf98bf00f57e69d50c5c0968d8edefdb19b7c413f7954258754fe754dc1
Data/FITS/fit_e66b9090d459_K170.qs2,4797031,2026-07-09 08:15:27,b338cb1ac7dc917d9aee6f45b184ec4fe48f5727c71fa13644a85d70fcee6037
Data/FITS/fit_e6719d2d9d17_K50.qs2,6649250,2026-07-08 14:40:37,231f95e840e0f90b418fba28276d13bc30bae17fcd89155c36861adef73e3cf9
Data/FITS/fit_e67ff00ca20f_K4.qs2,29097,2026-07-07 15:18:49,299e9b39c2ba5f2af66e69e4ea257d72110c1a371854a331aa0019028db110a0
Data/FITS/fit_e6af67d8d882_K2.qs2,8449,2026-07-09 07:09:24,ed56734b033d5ff4939021725181c5665b06b7e482615af1afe69b742b0cd066
Data/FITS/fit_e6b7095ca257_K15.qs2,763824,2026-07-09 10:49:13,b3d74505686db6b3a97b3de7ea93638e492c64930aabaff0edb5fb71f69ff817
Data/FITS/fit_e6b9776462ce_K10.qs2,14900,2026-07-09 07:13:19,280254b6b75bbba1c88242762b5363db26aaf5a3676af9b8665989ee25389bc1
Data/FITS/fit_e6bcf9c7d5d8_K55.qs2,1918496,2026-07-08 10:16:35,51fb7e9084bedccde63ed8e5673f34f2d3cf63ca286cf14e32bfe9cfd7efd490
Data/FITS/fit_e6d62e6308c4_K20.qs2,20160,2026-07-09 07:09:12,446798ac5531979b785c089a5221f52bc18fc3c091a1b6fd83ce87b9f59dab9b
Data/FITS/fit_e6e94e6d6a11_K10.qs2,2891114,2026-07-08 16:02:50,1077fd4edebfa649f082cf8a0549edf66b15154f74998b3660c7b06c8623fd52
Data/FITS/fit_e6f711ad2be3_K20.qs2,123803,2026-09-01 22:27:27,265579dd0a587de5c6e6807c9ed8594b49fe1441c1458b98bd4ffa326f6291b8
Data/FITS/fit_e6f8d083048a_K60.qs2,326516,2026-07-09 20:34:37,fdb63e812ab884f0c7e84f86648a3389b2cec38c6d17d9a44e9652945f96fb04
Data/FITS/fit_e7054ade5982_K10.qs2,14462,2026-07-09 07:13:10,26a54485b0f75935b55445ae522279aed6a1d782634c0f2057954885deae5ae4
Data/FITS/fit_e7127b7fe514_K10.qs2,84491,2026-07-11 10:04:31,c44ca6948be27ea59e1ea84664f22e66d19ae8b27aad19376c104439c4b08dba
Data/FITS/fit_e72407ff0104_K15.qs2,191375,2026-07-07 22:52:31,eab809ce03cb30ad5ca6b38ccede85c41b77eddc29c499007829a99a12a84783
Data/FITS/fit_e728060038bd_K15.qs2,117744,2026-07-08 09:17:43,5290e0010317029d3f3d630d155b7e21c84e2fdb3d5a9918b247a08e79f420c8
Data/FITS/fit_e72f85855850_K16.qs2,189443,2026-07-08 22:18:05,672062d129b6844b669652cf583668b2f5894d173a02459284bb7a8681b5a724
Data/FITS/fit_e73ab3ced839_K170.qs2,4784472,2026-07-09 08:11:22,ea035361c0ee76bd3f5c569fa2c32603bda54a191a450bf2b2d75f9e126e5777
Data/FITS/fit_e73fc09ecea2_K110.qs2,3499360,2026-07-09 09:23:50,f771b9cee0f74d07e99cc3e7ad6dc6b002e0399466ddc1e9e7f9ca90a28b9fde
Data/FITS/fit_e75d0c7a1476_K10.qs2,79459,2026-07-11 06:27:20,1d4f9bb5bfc81a2e6193e93a9fd2385115099d938865b1d3cbb574c381c2fb30
Data/FITS/fit_e7605d2de51b_K4.qs2,63099,2026-07-08 12:33:22,fdefb5bd7410011c1a71ac30743252482e3e9ca19835b1959efcf846bb405ddb
Data/FITS/fit_e7a7736ec8fa_K200.qs2,819023,2026-07-09 20:10:40,e61aa90e40030bc267beaf5f9cc9de15a69041249bc78b7c4002be9ff3624c0a
Data/FITS/fit_e7ac26917f68_K160.qs2,4639160,2026-07-09 08:25:54,667aaa79c3b1f74ad62921778818fe6369a0d56c7ce855854ec4c851347e9621
Data/FITS/fit_e7bc369fc822_K100.qs2,345121,2026-07-10 16:47:18,68702dd5cbc15009adb3db26590ba60c35ebf511de9ccb6933c0a9f22166ed6a
Data/FITS/fit_e7dd9bdc6b50_K40.qs2,215176,2026-07-11 08:01:01,dd52a7af5c35fdd80c0d3769a891af9554c72de4d2bb65ca7df5a0d248865af2
Data/FITS/fit_e7e7abe121c1_K50.qs2,1824052,2026-07-09 10:14:43,7f6ab16d6c52a23692889ec0fb9c2b7d24ef26f35d8898e240d2f0bf1bc1e569
Data/FITS/fit_e7ecf88348d8_K6.qs2,33655,2026-07-07 15:19:17,13ad581e4450d94aebfd39a4c3e43d647ba9a23c4d9f8e6574bed5f1a2d8869e
Data/FITS/fit_e7f1583ed8a2_K10.qs2,79680,2026-07-11 06:37:45,5db60a55049bba4932c6afa35e2dbf8566324ba15e718071a33a1f7f4d73feab
Data/FITS/fit_e80425cdc686_K40.qs2,178657,2026-07-10 16:53:33,3d3e4c7fc5c692e62f577a56cb960ce993a47ea049cd9d03e067db4fd6d136ab
Data/FITS/fit_e806b288a013_K50.qs2,278013,2026-07-09 20:35:31,03dff6f1c851be6a6cc21f550822c24bd07636c8ce7ac872272c93f5370aca09
Data/FITS/fit_e80b1757384e_K140.qs2,629068,2026-07-09 20:20:35,d1691a316562b49c7200b79f35f4a9a1944b433e6592fcb08ad27ad7f1b98d0e
Data/FITS/fit_e80d33ae28ff_K100.qs2,342612,2026-07-10 16:47:19,e44b3efbe4340bf004e1a1d3af820f9742d1649d982593a268de6338d87e8ca0
Data/FITS/fit_e82b6c5fcd6b_K40.qs2,5800572,2026-07-08 15:16:22,fd3b82671aa1096bdeeab016b6072dc6d7ae3edea9211bfe9bb2f826f18c097e
Data/FITS/fit_e82b7348a1b0_K40.qs2,177205,2026-07-11 04:27:02,0f0c4aeee0e1083d18f5acdfb65f3e4a2062d22d4fb11b397211f8679196f484
Data/FITS/fit_e849fd25a22b_K130.qs2,589723,2026-07-09 20:22:02,393a4aafd81495d7efb509fa5900f32e1acd05de7f7d6785fe628be98a6d4be0
Data/FITS/fit_e84b1cdca675_K80.qs2,290957,2026-07-11 13:00:07,fc6025253750a23e6a901fdc06e82265ddf721cd472cb40e186fa9a3613f7482
Data/FITS/fit_e84c2ad9fdd9_K190.qs2,5214441,2026-07-09 07:51:22,88089b519f58677f84d3bbd053cd1bd27c1aa67c06474697f0ed0340aaba0bf5
Data/FITS/fit_e85e9d72713b_K2.qs2,8391,2026-07-09 07:09:24,53e4c564e1103bcab794a9522cf0e5309a49d4181dd352280af05d03b9c6179c
Data/FITS/fit_e875ed05de30_K30.qs2,149708,2026-09-01 10:43:44,37ead5b57a33866e44554408fd18baae158f2fcdd2b64b3373ccbf8f815ffe41
Data/FITS/fit_e87b302b6dba_K8.qs2,1319701,2026-07-07 16:22:03,ffb8998c519d9a82a675652307720dbc74eb68ee28353f4ae61c36e63dbc5916
Data/FITS/fit_e88dec7cf93c_K180.qs2,758245,2026-07-09 20:13:29,433acd44bea814b8f5edb33c4db767f1c09353247edb87163c2797361b1f1db3
Data/FITS/fit_e89ec2e55410_K10.qs2,123658,2026-07-10 16:56:05,680666fcee3dcbb7ecf771f18fc92eb5eb73eb7bdf586847878113fb50f1731d
Data/FITS/fit_e8a7da5dfe5f_K70.qs2,266209,2026-07-10 16:50:14,2dcc581e8b4ce8588f3f3e02b143441d759e133be7a9de013bae71fbef7f96a1
Data/FITS/fit_e8abf5fc47e7_K100.qs2,6540485,2026-07-14 17:27:34,06c6aaa7117e5d5490c0621438d095b3612799111b12f06821a25923bb9fabab
Data/FITS/fit_e8b7c9738e5e_K10.qs2,84928,2026-07-11 09:38:00,eea84186d3f9ad33214fb1d140dcfcd922211ab24993b4ca1557dacb9ad1712a
Data/FITS/fit_e8bf1c2f2468_K10.qs2,559751,2026-07-09 11:02:05,5986196f204b729f2921c4f241b38454bec3e9a99cdeda2fcea73fc138bebec1
Data/FITS/fit_e8c5f019e9d8_K90.qs2,2973128,2026-07-09 09:43:44,e9492b83ef1db6d71dffef62422e8e2c46d7a05a4b583752871fa5a96eb294f8
Data/FITS/fit_e8d5e548e479_K100.qs2,465293,2026-07-10 14:46:06,5212e5d3191e15fe96f76df42dd188be5e97903353c20db2857968809f942b18
Data/FITS/fit_e8dd51d9a967_K5.qs2,106678,2026-07-07 22:47:55,33c70719e67f2c17697eb320ce5b3f249b39bbeb0f378015e20a4efb574cc504
Data/FITS/fit_e8dd7cab22f5_K11.qs2,1456822,2026-07-07 16:31:57,bcbb45288a5ee7a74c7ccf83fe03414340af45268b67b31e0ace43cc090c95fe
Data/FITS/fit_e913c8549cc2_K80.qs2,2705059,2026-07-09 09:55:28,f8234e3e8d65764269f4fa0f3641076e9766a11aa41b055cfcf6b41242fdda15
Data/FITS/fit_e922d8f65ba1_K15.qs2,1646388,2026-07-07 16:27:32,4ad4856cd628ea9d9498f238d2d53482c45731f718d3696ce550894c61f1824b
Data/FITS/fit_e9331d61335c_K170.qs2,4770891,2026-07-09 08:16:00,2830d362d7f76a9ccbe8218fe9edfbaae2a53f8a1e3a0e8dee769141386a6c9f
Data/FITS/fit_e9358b0d26d4_K140.qs2,633756,2026-07-09 20:20:05,a50858da1eab990ef7a6eb7196acdc319ebebba1d4cceaf5f40580d9f79b6c24
Data/FITS/fit_e93bda90d517_K9.qs2,13847,2026-07-09 07:13:10,ab5133a6883099d8f026d9968edf955b3eb2d7a65d07e7da51b4d1ced316327d
Data/FITS/fit_e93d6d6cba99_K150.qs2,664360,2026-07-09 20:18:20,0f210fafdfa1f7bea2e7f292ab6bacd44784b9176ef94304178b92c4d380edde
Data/FITS/fit_e961485219d7_K20.qs2,931132,2026-07-09 10:47:51,ae210f2692c37f4b8e29de1ad789c66a024a38d813d8d8cb0ee76c369bf6af19
Data/FITS/fit_e970d6a69c2d_K15.qs2,3323274,2026-07-08 15:51:36,b7e3c5e2959810fa9a28627a8aab43619c6f646384ad41b1785130a85e6c20f3
Data/FITS/fit_e979b8212d8d_K100.qs2,486885,2026-07-09 20:26:27,e6850304dfccf29dabf7610efd092a2852b13cd541a6ede5d5352fe933e438c8
Data/FITS/fit_e98fc4a3e9b4_K80.qs2,450545,2026-07-10 16:48:47,865d5aae10cc7a16aa3817888da4c0bb18a2df44db2fe5defc208bfa4fd87c56
Data/FITS/fit_e9a60b4e09ef_K30.qs2,148629,2026-09-01 10:32:26,405e395592de364ef37320c0e15ad2f850426b4ba4504ef74f7299e46d6499a5
Data/FITS/fit_e9b4aa480a62_K40.qs2,1571020,2026-07-09 10:33:16,e4b54ee4bec7e9d5f7436f776224115e95216bac33f41c1fb7e9b672a886273d
Data/FITS/fit_ea17283b9ef7_K80.qs2,287260,2026-09-01 09:47:56,522a5a1f55c6903a0b77a562d1ce0e094fed4a19ec3b1ff2c88ed297e69caa33
Data/FITS/fit_ea2a6d4d6c23_K80.qs2,5659657,2026-07-14 17:25:29,5d09b1e06c9b5906bbd2208dc28624239e58d05839acb992407c96dd2dec3340
Data/FITS/fit_ea2c61f413a6_K20.qs2,395665,2026-07-07 22:30:17,9f35b55bab8517841a2e23cf19086e76ef29115d55b5361cf750d3b8d3791dcd
Data/FITS/fit_ea4aeff80555_K20.qs2,393404,2026-07-07 22:21:29,f410631c48f9db4d60f665902f259f1f7b3dd0e0bfa3cf0ab6240e59d7f824d7
Data/FITS/fit_ea737c904325_K60.qs2,2117552,2026-07-09 10:14:06,50529845319a4455cfebeea04f8fba7a4add410b8a35bb2056308abe19a7a560
Data/FITS/fit_eaa973c174ce_K36.qs2,170247,2026-07-11 12:50:16,2c51be22b018db648ab22a93ee59b065893a53c0ee4277a21a94d7acf007c23a
Data/FITS/fit_eab906a9e752_K80.qs2,8966017,2026-07-08 12:43:55,59375e29de8eecc8b68b6de474ee32ce2c64eb997c52279dcc716ad49873b5ce
Data/FITS/fit_eae0fe347525_K40.qs2,1568841,2026-07-09 10:26:16,295f92ecbe365bd9a6ab9eefcc02d65fba31398e215a5c716d6d5bdeb70b9c07
Data/FITS/fit_eaefb8efd8ba_K15.qs2,731564,2026-07-08 10:19:47,89b0817d89c20f4ad1ad1ecb79b86e6b777bc2a26f2567459f2b9deaf214c194
Data/FITS/fit_eb0e89aca55c_K50.qs2,209560,2026-07-10 16:52:19,cea91fdd5a0720bacf795473218806bfcee73e749f6e8992fb58a7cb4c0ba092
Data/FITS/fit_eb0f3db1de1e_K60.qs2,238008,2026-07-07 22:50:50,407b38d498729f06ea47b916a679bc44dc5d0fea309d0fbc2d5d729113461832
Data/FITS/fit_eb0fd8defa47_K100.qs2,3204956,2026-07-09 09:31:56,0d5721c2fc04ef8b123844c12cc8d9079785d6468d30a32bbc12a35c61629d98
Data/FITS/fit_eb2041c40eed_K90.qs2,313263,2026-09-01 11:06:38,3f5ce3a603b76ecda20e951dec4fd2a9499868a35ca2220e4aa45d305e69b15d
Data/FITS/fit_eb2482ae098d_K40.qs2,214746,2026-07-11 07:27:42,247ea5c80c6b7f7a6da720f508060dd01eedd5039ce71c4540910e58053406d3
Data/FITS/fit_eb3807ad4ebc_K14.qs2,20916,2026-07-09 07:09:17,4975e70221c2a78e625f760eeed9b63a623c515e26997fd0baecf18aeeb525b3
Data/FITS/fit_eb5d8244c970_K200.qs2,9813815,2026-07-14 21:45:45,aa883fab358443cf90d70dcf1597482c2377101908069812be003bba07f11965
Data/FITS/fit_eb7a7e273064_K100.qs2,345730,2026-07-11 12:55:03,14257b17e2076723f3a780b89e4aad2f9be669629e246ab751a049754df3ef90
Data/FITS/fit_eb8bfbbe5395_K190.qs2,786053,2026-07-09 20:10:42,4f6a9f0bdf9733b14e0aa1eb9e762b269e2ebb497e7164c7f3d9ba4633cfb40e
Data/FITS/fit_eb97ba94ef67_K190.qs2,5154822,2026-07-09 07:51:08,ae9b6e70183216f3d24603f01e99e3d84d3c24195f059dc6fbc1b2d73c424b2e
Data/FITS/fit_ebd1a7630b80_K10.qs2,79960,2026-07-11 07:53:21,c6a7b6facefff33f9ebe40c024e62bf0ee3e4c86eedb74a16b14d93b9e8ad24f
Data/FITS/fit_ebe135b0164e_K20.qs2,123120,2026-07-11 13:09:28,fcef7daf3b9c7f91882d9248626b21901402175e3421968e5542046314acf405
Data/FITS/fit_ec00dfae91e9_K20.qs2,123317,2026-07-11 13:10:32,2904fa341b24c3805b3e177d0ccde56e176f44f77469302aee07233abaca982a
Data/FITS/fit_ec0a7c9f9e21_K70.qs2,2405291,2026-07-09 10:03:05,acee3dc34b44c45e1df6ac2b0220b510ec1dc0e5c89c5188b8bd26827a93d9c6
Data/FITS/fit_ec2188af0602_K18.qs2,200600,2026-07-07 21:50:18,ac2e59de373f2432a2fae9dc7a33e8c801e73661977087a2af7681d3e0976164
Data/FITS/fit_ec233c615caf_K5.qs2,330363,2026-07-08 10:25:22,263bb4c09560c130cacce5d4cf4ed79dba92193d17f82e4a38526aa906a22426
Data/FITS/fit_ec2f2a439283_K90.qs2,490954,2026-07-10 16:47:33,25b3de24f811438ae6930294f414e6f1ad5faeb9001237894ed0feb2ab983f5c
Data/FITS/fit_ec5a59406f01_K50.qs2,1823345,2026-07-09 10:19:28,db3ed0e114a6ff0a3c2204744b15138467423f80d36bb04fd03e65d8dbc65d8a
Data/FITS/fit_ec61828618a7_K10.qs2,126454,2026-07-10 16:55:55,94f4d6979e0e617cf28ccaf19d83036975ee3b6f64cd3c2953d963b351a28953
Data/FITS/fit_eca1edaf4e06_K10.qs2,85114,2026-07-11 09:55:51,5ab925247a800fe28e95a7cd5d9a483c5e9ce353c641483b4ace0831ee6ceb45
Data/FITS/fit_eca9ed0119f0_K200.qs2,5321003,2026-07-09 07:40:32,fd6eae13553b8ad5639fbde670a0e52db9d7a16d02bbcd57bbd61a846288656c
Data/FITS/fit_ecadc477c8a5_K18.qs2,18999,2026-07-09 07:13:15,041c32e87ba05fecdb311856467e22a8fa907530cadde4d4847d7c6d2e4a2860
Data/FITS/fit_ecb4bcf519a7_K5.qs2,65208,2026-07-09 20:44:22,2871c64a9e465fc39366e5910cf8bff2e5867b1a93a4a66ea683f65dc1d43abe
Data/FITS/fit_ecc9f471c259_K15.qs2,191381,2026-07-07 22:52:44,2c7b74307128cb518b7018316267d18063ab77e96efd721a3b97a7830b8616dc
Data/FITS/fit_ecd2314ee416_K50.qs2,1827912,2026-07-09 10:19:09,bc89517fa4f16a9e9c81e90db03b59e9ca295aca4f79264c81d8f52a101664f3
Data/FITS/fit_ecf89f006489_K40.qs2,182805,2026-07-11 13:07:48,8e093e52f3556d35cea9fa816a86e458a1173263c40ac3e29a6904df6cccfc70
Data/FITS/fit_ed191973321a_K80.qs2,289797,2026-07-11 13:00:05,f648a1f71b53a934bed5b0c7e629d6ce6024c450c803d7e97c416f270a7f8c50
Data/FITS/fit_ed2a5922791b_K40.qs2,5748975,2026-07-08 14:59:20,7650bd491053d1d8153c8aa4b3e966d463f4f209a4f4ef36c56ddebf2c8d08a5
Data/FITS/fit_ed38d438e392_K170.qs2,724783,2026-07-09 20:15:42,33fb1a87ebf5e2cdac09f501c48c5a8c0a7dca44f0a71b2742686b772b1bd429
Data/FITS/fit_ed6c16336a5b_K160.qs2,4596448,2026-07-09 08:20:37,7ce17783e53a0d25a3906b4358b7a36b9ff9065cb4dd4593f6a256ea4bb6c3e1
Data/FITS/fit_ed716d5aef74_K100.qs2,341275,2026-07-11 12:55:36,620b4b883b8f784f01aece93c48b8e80f12fb4ef5bf57b0a90a40c3a673c192d
Data/FITS/fit_ed82195b89b9_K100.qs2,509902,2026-07-10 16:46:58,6b0e9cfc806a7e38be9aa7734b622eb627d8c5d516cffea95774ef8c6c80f0c5
Data/FITS/fit_ed911d9d6e45_K100.qs2,3226082,2026-07-09 09:27:55,4641a3eeb51a753cc08859597bd5d6ff0170dfcabe491a34a578deaafd3c92c0
Data/FITS/fit_ed916ac1a962_K140.qs2,631579,2026-07-09 20:20:58,fd5235c41fbcde9f1c37f35ddaae3e6398de04ad841dd57856751cef8ca60923
Data/FITS/fit_edabbbf93c95_K12.qs2,15673,2026-07-09 07:13:18,0fbd40a3e662e34954adf1207d2f93d26ba290aba28504eb07569f173f830e37
Data/FITS/fit_edafb55e2667_K110.qs2,3487556,2026-07-09 09:24:26,43b1e2cfc704a2800ec6e997100dcf9f3cc04f0942d99173a5bbab727fb559ea
Data/FITS/fit_edc078c4494c_K40.qs2,89413,2026-07-07 21:59:45,17c0d6874f923b8126f6ed43bab9d60a38a9678a3f44841bc6839bb6603683e9
Data/FITS/fit_edc85ac81f89_K70.qs2,268906,2026-07-11 13:01:12,8e623fbf9158bcb434e3cd39b0097253f3ecd7d847145c4834308416e1dbf8e6
Data/FITS/fit_edc87c6767a3_K10.qs2,79633,2026-07-11 06:41:02,fa30c7a3777471c4d50228707616eb31bbbb7fe2b529e4174f07d445abc788c9
Data/FITS/fit_edf63f33f569_K40.qs2,244560,2026-07-09 20:38:19,9325c390e39b237b1f094bb0d2e69f043a4d89f8d4b76b80a4155a426ca54f70
Data/FITS/fit_ee010a0dd449_K80.qs2,292769,2026-07-10 16:49:11,9a60a62a2d6cef8d6bc3f0cc133c1ad913a0eb8b7a3b6604b644b5dfa0f45fce
Data/FITS/fit_ee0395f652fa_K110.qs2,3467867,2026-07-09 09:19:43,91bdd786034a7c04bb7d85f6482c9d4b68a353194fb1e6e45e826b8f5eb1642e
Data/FITS/fit_ee1cd387d966_K16.qs2,17957,2026-07-09 07:13:16,ee4e0f3aa67e9c380facfda23367e811823559837642d15c33a405dee2dcec40
Data/FITS/fit_ee21a915f87a_K15.qs2,761898,2026-07-09 10:49:58,b36a91d49185266cc72fba1d5b40e959041ba1ecd7c416fb9460afa3e91d3581
Data/FITS/fit_ee4ed9d7c871_K3.qs2,1032120,2026-07-07 16:20:35,b425ed25d8a82e0749b93391c1c9d38ef761cb6e86e8844662c959515f81cda6
Data/FITS/fit_ee7d2a37a7d5_K50.qs2,339067,2026-07-10 16:52:04,bc9c7adc2782d3f6377e4252e8705295d8e06de1349604003d386408ec2fecb5
Data/FITS/fit_ee80ce9518b2_K15.qs2,192044,2026-07-07 22:52:18,752dad4f6f60e87c294efd4d010d109897bed4cac8fba1ebfb75cfeac447aa08
Data/FITS/fit_ee846448f039_K6.qs2,1488229,2026-07-07 15:26:36,b648dc80b72748619630d06deab0cc7a6232679c4e9bbcf4c41ba5061ad72a62
Data/FITS/fit_ee905d508b17_K50.qs2,6621406,2026-07-08 14:36:08,ab2f58816fdca447bae69fb41cfe9392f6b2edb99cd553d16cb31972c663684d
Data/FITS/fit_eea5f28395ee_K90.qs2,451726,2026-07-09 20:28:38,c9bb8692407e6b2a16a3173cd991916351a0d08c3a1ef6d3499d634a6edb963d
Data/FITS/fit_eeb6b330b4e8_K20.qs2,926840,2026-07-09 10:44:04,1f2e4823c6187413eba8b2b514c89bbe4b54bb1f04fad1903789914989d2b54b
Data/FITS/fit_eebafe1250c3_K50.qs2,215928,2026-09-01 22:25:32,115fb96fb224dca8c7dcba91b5726ab32246e080beeff5f2020f0239b88509f6
Data/FITS/fit_eed6c5c78dd1_K20.qs2,232551,2026-07-07 22:49:50,5cbb3813593086bcf2f1b4f7c627afc049f2b99276d4a21a4e83b71d2f860f04
Data/FITS/fit_ef0b8fdc5239_K90.qs2,488932,2026-07-10 16:47:47,10638d780ab492e9db757f47cd262c8c36a902008971b16a544fd111284a4ff5
Data/FITS/fit_ef313805f072_K120.qs2,564283,2026-07-09 20:23:26,2a06e6c5f138c9a8b48325d9535332e6501d126d4b8d8a9760e89ca40be91e41
Data/FITS/fit_ef406bd309b3_K40.qs2,181202,2026-07-10 14:52:53,92e9a16e782fab3074dcfb9722b31054edccffc7f4fc2a2457d7adac2e957c7c
Data/FITS/fit_ef4c625403a9_K50.qs2,340490,2026-07-10 16:52:07,01cf95752156744abc5f9c8f7982c187c2694734f055e2432b5896c7805b4a39
Data/FITS/fit_ef4e3baf44d7_K6.qs2,778284,2026-07-08 12:44:01,bc25ba393773c4f8ac87259808b1b028a1714c8ddf09118084e7fbbfce4c370b
Data/FITS/fit_ef50d25675a1_K6.qs2,12015,2026-07-09 07:13:11,4d39ef3a9cdb37b1cccbc0ba00e5c9937f78222c826fd1a6d759a7153eb06f52
Data/FITS/fit_ef58d98a8fcb_K4.qs2,60282,2026-07-08 12:33:22,aeda481427b0c176d6e12f62fb55013bdb16f8487018b1c03ea54ce04daf154b
Data/FITS/fit_ef5ef7b87b59_K10.qs2,128301,2026-07-10 16:55:49,d73bf2f91a5ad4f8d7efefa5df5233357b6e01ff498e5e7514a18b5552c8477f
Data/FITS/fit_ef5fada5fd87_K200.qs2,5378569,2026-07-09 07:30:02,4a5d60ea622cc5e46ff448abc2e001c46c606d51b3a384c233460eaa9001b73b
Data/FITS/fit_ef6edc8b827b_K40.qs2,180635,2026-07-11 13:06:08,86f77e2b360817e3bc22472485a0d761474a153c78399bf44d2235bb88f03bae
Data/FITS/fit_ef717e2aaa71_K80.qs2,291696,2026-07-10 16:49:25,18de5cf67dbe9965b5a86275ba8f4e032ee1c922ee8336babfcab439c622335c
Data/FITS/fit_ef735a0992a0_K8.qs2,1290388,2026-07-07 15:25:22,5a6d62962c1f943c2e6cb0496cb3153b85840536002419dbdad6cd5d9247e6a4
Data/FITS/fit_ef75c5166610_K30.qs2,1250662,2026-07-09 10:37:47,000e5abdd968b4343449ab321c146931958a2e9b8206f3ead38996d6334a295b
Data/FITS/fit_ef89fa59e7ec_K60.qs2,324916,2026-07-09 20:33:58,9c578f386ee235b4c12a5d39f9605e4cabe41b9c91e3bb383252a1fe74d9a2a0
Data/FITS/fit_ef8c21d03d8e_K16.qs2,17934,2026-07-09 07:09:15,6b434c5b5591bb657f31a6c53328055328322806ae2e5a61c15f474bf81deff9
Data/FITS/fit_ef90cee7204f_K50.qs2,210621,2026-07-10 16:52:26,7d7154769c3fcff533202e2a8ecaa6ffa1c77c165bb054cfa819fbba0019bf19
Data/FITS/fit_efa1a1169676_K21.qs2,1914228,2026-07-07 18:18:47,431b3f1d6d8f2c3f1a24e1bf294c573180549f3f7e4c7e8973e15190e4f7a5c3
Data/FITS/fit_efa65f638b2c_K24.qs2,242626,2026-07-07 21:50:25,7b194e98d43a266c997532298352596985908b7257827dbfb298949a632dbd37
Data/FITS/fit_efaf69e85d06_K30.qs2,147947,2026-09-01 09:58:51,4ab32435ff7bbd5e2cbae0523c97b9ecf51a74a3f5b1dcbee9b93e0d3c609540
Data/FITS/fit_efc84656706b_K10.qs2,17711,2026-07-09 07:09:19,18a0454cd2c967d6430746aecde7eb33d37919bd4f9b1f87e654c59fe1b4eb06
Data/FITS/fit_f02552ef717e_K60.qs2,239915,2026-07-10 14:51:03,7339dca0295bfb36a3568a3bb426cfc82a87d223fc485e016bf77d5905ba34b0
Data/FITS/fit_f02ac65acf0a_K15.qs2,192542,2026-07-07 22:48:00,0ca0ebce65c8820b6ac02e84ce310e05d09cea5838501cdef70326af9d98a26a
Data/FITS/fit_f04842acb92e_K40.qs2,226602,2026-07-07 21:59:38,62f7fb94ff1d50e66441d3af2cbb7a2aaf6f8d5ffa5d028a43434bf07b691939
Data/FITS/fit_f04ee6ba3c03_K100.qs2,341822,2026-07-11 12:55:38,7cd430a1f1546e5b53ed4cad86d115fd886ac81409f6f9f006879dce7b53e126
Data/FITS/fit_f05cc77ba186_K90.qs2,453763,2026-07-09 20:28:10,96f53782eb81a0b85bdb575bb5a832bb43014d2885438f3e7d2a672b567f13aa
Data/FITS/fit_f05ff13ab505_K60.qs2,379340,2026-07-10 16:50:54,5679e665b8579232f3cf5fff135a5e99c9496d7671ca818e2f6a8cd9e34e9e86
Data/FITS/fit_f08e0c44bf66_K200.qs2,5319165,2026-07-09 07:30:17,0f88751fa465e0efa964a4e7532b148f7abfed681959124ab8ce29d249da60fe
Data/FITS/fit_f095b00e87ca_K70.qs2,413958,2026-07-10 16:49:37,c0892dce829acf34e308d14776b427cda920278f632a0b4b9912a3f809db0aee
Data/FITS/fit_f098f87bc8fa_K20.qs2,159106,2026-07-09 20:40:28,5a9b1450ca3b7503e1ea028ade80c17cfc2b3aa507bcd69418e17dc6fe88a14d
Data/FITS/fit_f0ab5a8ac01f_K40.qs2,175635,2026-09-01 11:30:23,08e8b18c00a83a5fd064e81e20190dff2955faba077e877327d80c195895603f
Data/FITS/fit_f0cc76177129_K30.qs2,202411,2026-07-09 20:39:23,30f846adcd5b002dfb3961d639354d9b48c4a3b97eba0dfd9f5b6f6fb0a92643
Data/FITS/fit_f0f30c94e7e6_K40.qs2,206340,2026-07-11 07:11:17,81f02582a3231ee42bcf2251f947b68740e41a7aff90ae543a7c86575886ce96
Data/FITS/fit_f10baaf1d1ee_K10.qs2,15462,2026-07-09 07:13:19,c4a0ef410d6945f2bc63696e1ccf1ab174b6716464bed3c5d6e376d6bd035096
Data/FITS/fit_f12accbb5636_K30.qs2,1247416,2026-07-09 10:39:39,3d87d8cd971c9e2c655de71dd41d5995da678a343994a6bb1abdb940c08d4394
Data/FITS/fit_f1592c505b9b_K15.qs2,1628510,2026-07-07 15:31:05,a5e50a4bfceeb8e01ee7c75430faeced19228137a97b45ced51147991b6868b2
Data/FITS/fit_f15a65fa3a24_K10.qs2,2883281,2026-07-08 15:53:26,6290c7990edb6c092ab828e2d260f598ada55ffbd43daf6fe46afcf83654d6c0
Data/FITS/fit_f16ba6962336_K80.qs2,295049,2026-07-11 12:58:58,136bc8ab2df6e57ba8a7d2e17cd86923c07c60b13aa080423b90b51c41860367
Data/FITS/fit_f1758a8cf460_K13.qs2,1580252,2026-07-07 15:34:05,395a56f8cfec20624080a346e70967ce380fda549b2f8e58166337ea0e32daf9
Data/FITS/fit_f1851595f998_K4.qs2,8745,2026-07-08 09:15:55,3b020135472cf901449eaba18113546a4451e0b3d0174b173457dcd463a44255
Data/FITS/fit_f18c5b616f83_K50.qs2,338808,2026-07-10 16:52:06,2da873c845e34153718a135100e85a7fbbdbd49ab5b4fde606a4545092a37850
Data/FITS/fit_f1aa011afeb1_K4.qs2,10855,2026-07-09 07:13:21,1dd862beaf697fa0f425b580051efdc01dfffdb281c9089b1d1c895659597495
Data/FITS/fit_f1ac361e6697_K90.qs2,318282,2026-07-10 14:48:15,3c8ec9b3cc8b992c543d636eb07b2272ebc4ea2ab09bdf487015ca70a53c281a
Data/FITS/fit_f1b907671dd0_K80.qs2,409695,2026-07-09 20:30:14,65e99f3742b641abc10ecb1db1b9d12d1106cc36c1ad9307d4c0677f6428379e
Data/FITS/fit_f1c578aa7db2_K50.qs2,4139283,2026-09-01 12:41:43,38ef6f3e1d3005074c546a2e660b26109fc70cd463e0f9282abba9268e1f8ae5
Data/FITS/fit_f220649ec837_K8.qs2,1301149,2026-07-07 16:21:08,11ca02acbab6bd59827fcffafea213950262075fd052ccc0f403ec045df4e766
Data/FITS/fit_f222e0d6c3f4_K10.qs2,85316,2026-07-11 04:43:57,ea1fd33bac566ffd1b3f167e471195db5d8897c3bd70b976a7eedf9b6c42b7a8
Data/FITS/fit_f23960df05df_K200.qs2,5303498,2026-07-09 07:35:32,e2c415748a5c82097a224a68e78f18021d50039dbd6c8f0bbd94066b85be1288
Data/FITS/fit_f23ae49ec3b8_K120.qs2,3743488,2026-07-09 09:15:28,e3bbdf14acf155638db63c321da3a9d75c04f84834db8748af44b119edba2763
Data/FITS/fit_f23e5de23edd_K120.qs2,3706680,2026-07-09 09:11:57,f6906558ed4b99219341b30b94554f41b0d3149e8515485cb49ef3ca2663fe09
Data/FITS/fit_f2402ed7d600_K20.qs2,158632,2026-07-09 20:40:59,1712c83757fe1fbea3c006b489b5ebf4032efcabab1d6fcfe402a49d3f26c8ff
Data/FITS/fit_f27d4b0a0715_K4.qs2,27417,2026-07-07 21:31:27,932872860c9dbafb2d7ef7add42330ff59c0212b161bf573d1ec7978c1eada29
Data/FITS/fit_f27e6f454a8e_K4.qs2,28545,2026-07-07 21:31:45,271ee084ec94a83e048db50c7fb19dec8fb840668f11e82f35db8e4119ced39f
Data/FITS/fit_f2a3e82b7d15_K25.qs2,140182,2026-09-01 22:27:08,f692f6a88d3473c5558e145e958febf3c2d84a8c4415f8f71169f69fc3cab74e
Data/FITS/fit_f2c0e8b1ea42_K20.qs2,198752,2026-07-10 16:55:06,09cf2f46ccade434c432e28ccd10c98d33480668afeada17c278356e4b52e455
Data/FITS/fit_f2e086ba5d8e_K12.qs2,19810,2026-07-09 07:09:18,e09ae2d6e4e1c799edca4483e003211b527db7716ab785bd7279540a124b6ea1
Data/FITS/fit_f2fcc9f79d3f_K10.qs2,83895,2026-07-11 09:04:12,cf354613889cc7adba5f4302f23b7ced9b473ed3fc8a98d07b9d6267ab8273e1
Data/FITS/fit_f30c99c6ce39_K100.qs2,339392,2026-09-01 10:43:44,9e98631b489ae8e3e8fd9c069b4a489e0fe53cce9abc00663c5effa76b41d635
Data/FITS/fit_f3109c18ce49_K80.qs2,2606890,2026-07-08 10:03:15,581b08d71c764857545edc2e557da44c378e00a8a6385e5a8cb3b2e52ef5618d
Data/FITS/fit_f351cb0bcbc8_K20.qs2,441379,2026-07-07 22:28:42,2ac06f2fd575089c58e8bd48c8909d984407f1d31f67b3aa023f715469ba1e5d
Data/FITS/fit_f389ff3871ba_K90.qs2,311748,2026-09-01 11:30:20,97f7bb2a1628aacb32006b6922fd7852a7e4c7956beb57c325337721da4c1100
Data/FITS/fit_f391e338a2ca_K30.qs2,204034,2026-07-09 20:39:21,e1cd017c478072fca7f630396173dea19ba0d4dbde7996deace3a21354d33420
Data/FITS/fit_f39603d24a8b_K30.qs2,149802,2026-07-10 16:54:30,495910b9cd3d7e9d0b487c27c63e3339adb545362c8ec1a292d9c8666572c2ea
Data/FITS/fit_f39c0dc18754_K30.qs2,204791,2026-07-09 20:39:48,66ad328687084a0dee85445606993d9a78fd28a957db953dd3f49f584b1215a3
Data/FITS/fit_f3ae24b2908e_K60.qs2,324269,2026-07-09 20:34:28,438d756fa4e2036f1c2b30c4e4e4e61485585868b0467db5b771ef136ac7443e
Data/FITS/fit_f3b27f53a696_K50.qs2,208048,2026-07-10 16:52:30,7e2b35632d4c1accabdb8e8cbe10a1fe1c5c04a227acdf7a617708a6d5d081bc
Data/FITS/fit_f3bc43c5a775_K10.qs2,79311,2026-09-01 10:10:24,aa04d3e8be2530561b39a8d703f9461c8a696b9064b0fd921111274e5d1b7624
Data/FITS/fit_f3d19e055a08_K5.qs2,64876,2026-07-08 09:16:53,d8135741efac356cf2346a9eabecf98a232fc501a14f57689824b2ab207a31dd
Data/FITS/fit_f3f1c8f750d9_K70.qs2,2325563,2026-07-08 09:50:57,58a5eaa18c894623cc6570a6a57d3ca9c963bedb394bc38f6d5c22017ac1803d
Data/FITS/fit_f4119b04ce39_K2.qs2,8140,2026-07-09 07:09:24,8cfd31fe1a5f8075a1c60c4036d4b4e14747c6869b080bba9844f6b6311ff72c
Data/FITS/fit_f422c85fdeab_K190.qs2,782229,2026-07-09 20:11:47,348596fcfa5e8c5aef68d6188758894c4bb33e9c9cc8b300e8922361b97ecbde
Data/FITS/fit_f46175903d68_K200.qs2,5359783,2026-07-09 07:30:09,5311099b1524ce666f2403fb48ff424832b8bbe86e6e0548d3930d26fc28f5cb
Data/FITS/fit_f46ced11032c_K70.qs2,266088,2026-07-11 13:01:49,239497cdad2b6289bd1972c6b60046340de4c8743fbe239536fcf2465596763f
Data/FITS/fit_f477d0886e99_K50.qs2,279356,2026-07-09 20:36:19,8b4c28894abcf76b5680271c9dbf4e7d11e282b0413c7d62175ebd61f96d7c89
Data/FITS/fit_f49d346c0d4b_K25.qs2,142030,2026-09-01 22:27:07,48734402c9b95ac262c9c9398093b735957a177197993c170e17ae38bdce81c8
Data/FITS/fit_f4b137c0adc5_K7.qs2,1241352,2026-07-07 16:22:56,1678d1c8cfa5c1c6aa8646110b77f8ccd6affd0160e067708beda48f9bacc3c9
Data/FITS/fit_f4b60d0c831e_K10.qs2,99599,2026-07-09 20:44:26,30222479804805acfcf0f72ee698e23495b135c114547843f543eac280a580c5
Data/FITS/fit_f4bd40fd30b2_K90.qs2,490343,2026-07-10 16:47:34,bc61ee556f375778dd77dca1c7c36d04774e1c5896a94036bf6d37777cfd08b5
Data/FITS/fit_f4c4648f75b4_K70.qs2,267201,2026-07-13 12:24:26,b40d4ff5397f8c50c0290f854e248b225e1b39ce3ed0ed91284adacd25255e97
Data/FITS/fit_f4d0b125a4d4_K80.qs2,290524,2026-07-10 14:49:24,46ffeb5a071f118d265fa44f726796f672aa9d70f2eac425b98b9179b4344522
Data/FITS/fit_f4d8a2ef85b2_K15.qs2,106131,2026-09-01 22:27:46,64ec76a2e271671f6e9d8193924d4a7e05ee1376a7e90ae4191b97ab8bdc5736
Data/FITS/fit_f4db23c52d53_K10.qs2,557966,2026-07-09 10:58:10,344db15e2fefb241c5658b7de88f9a5b909deee0dec7182c54a435adf9beb321
Data/FITS/fit_f4e990e805fd_K90.qs2,315452,2026-07-11 12:57:52,b51ff1bb8675dd6ff24b2d88ea3633fefc3bc80f4b6e31738a37f9f3d5437f3f
Data/FITS/fit_f51324e576e0_K15.qs2,128351,2026-07-09 20:41:38,12a0e47b22d3902fe8cff924952a57c72dc593e6d2b6b8a2381c71ec6a5be683
Data/FITS/fit_f51cfbad3dd2_K180.qs2,4972135,2026-07-09 08:01:14,579ceaa3723116c236f8004f0cca2ed92c22bb0ac022bf54f1aa2741a855d191
Data/FITS/fit_f51da638a72a_K60.qs2,241048,2026-07-11 13:02:21,b122321d6b3a33be61306100b7f285e75245df95c92e48ba9a6ce4ff50f67196
Data/FITS/fit_f51eb5ac647f_K110.qs2,3494333,2026-07-09 09:20:04,c141bb68b8369d89159482b995e88c39a861ebaa03af3bed371842ce64f9f6d0
Data/FITS/fit_f559410a7e22_K30.qs2,249798,2026-07-10 16:54:04,c4bb632b9174c8a2afa526865ec7409a55126b5e6de5c356ed2aadac73834543
Data/FITS/fit_f5649d8d4a8d.qs2,103877,2026-07-07 15:04:15,dde844d4e85fc49259db72cbb58b22427f74dddb607a5dfabf5d48f2cabd4ca6
Data/FITS/fit_f565d9a767c7_K2.qs2,931111,2026-07-07 16:21:07,cd04a5ababdc6422724943abf98f46278e8b492d3808f358465dae3a3236af12
Data/FITS/fit_f5a332659b39_K30.qs2,478251,2026-07-07 22:21:56,e03a01b3b6819c357b1dbc72c1a77b3d75d5aff2b576f92d3b658a92e0653cb6
Data/FITS/fit_f5fb638510dd_K100.qs2,488212,2026-07-09 20:27:18,1c980ba9687d5e85a2691eaf902f6340e8c9e55f3441e5d0750cf107ca7d888a
Data/FITS/fit_f5feee4631c2_K30.qs2,149156,2026-07-10 16:54:36,951b465aa16b9916ba906bb7e6d247d7d3a20fd8ca1a640274b3e1848508b8aa
Data/FITS/fit_f60886a0da2c_K20.qs2,232641,2026-07-07 22:51:52,1d588e8047c8e4edbc42030b099866f6cd0aa620851409bc1d727451c72d6090
Data/FITS/fit_f613996b126e_K20.qs2,398373,2026-07-07 22:46:34,ae00120bc3c61979d068c2e98d14756ee2bfb38fac7316e1ad5e70170a0ad247
Data/FITS/fit_f634c2540244_K4.qs2,1230115,2026-07-07 15:25:32,6d17a9b202630a16155c49942e6cf29c34e94d246d49c5cad09e33ecff652477
Data/FITS/fit_f67d327e2290_K90.qs2,484454,2026-07-10 16:47:58,b7c75ca0b5be25296fa52baf408444822b9006e20ae0e089525c3851d59469c0
Data/FITS/fit_f68a39ce32b0_K35.qs2,220365,2026-07-07 22:03:49,6baf674cae1a9ae1966c25590f0b4ea0a8d01b326264eaf182fef54771d78e82
Data/FITS/fit_f6c2b6a9f0bc_K160.qs2,4624798,2026-07-09 08:26:35,f31b886ddf70d574784191a331fc0e1556ab019b7166b75ef984a81121bb1bda
Data/FITS/fit_f6cf003c2d31_K10.qs2,149767,2026-07-07 22:49:15,4e562be55967865933554131f117a86e9a5ddc3f374fb2d3b10c3f6c86eeb9d8
Data/FITS/fit_f708cf50e630_K50.qs2,280204,2026-07-09 20:35:14,18da57392e817e0243c684d2c7ed9e1800596892e152f78bafa5c6a8233ef711
Data/FITS/fit_f7194fc52cb6_K14.qs2,112897,2026-07-08 09:17:13,17cc443bf935414983b2421d86ec96e5284af762cc62f7d8c98a243ca951cfe9
Data/FITS/fit_f73361bb7bb9_K70.qs2,265053,2026-07-11 13:01:13,22abbe56fa32a5c01d0e2d49693f33a2a458cb30a1e56893c995336414bf85b7
Data/FITS/fit_f74dcac453ea_K10.qs2,559492,2026-07-09 10:53:53,a951d636721bf8afec37097962641bc61e35fd10b075f653c726f4aa4f124628
Data/FITS/fit_f757fdf7010f_K80.qs2,411069,2026-07-09 20:30:48,c85c6cec3984e3c09ddea0e73a48347ee6b234214ce6125f29fe2b0d767c3c6c
Data/FITS/fit_f761ea4c43ba_K50.qs2,1824709,2026-07-09 10:18:12,eed5fae7689d9f3b7a4fae5199ec717bbade15035c2f1a5f0dfe69d7dd4ee579
Data/FITS/fit_f772b4638f03_K30.qs2,148514,2026-07-10 16:54:27,a0182a5ce3e893db894f95828c8c685f6f93c11c96f8eef217dfe887b55c3672
Data/FITS/fit_f7cbf441236b_K5.qs2,101857,2026-07-08 22:18:32,3b8da7012fe5845d6f9c16d5bbb52214511dd750eaf56dc2a43a81df82a41cb2
Data/FITS/fit_f7ccc42c7239_K14.qs2,1634066,2026-07-07 16:32:44,30919a54943560da73d8345aace07809201c47772972d65fca804474a2fbdf9d
Data/FITS/fit_f7d21f45daf4_K100.qs2,340499,2026-07-10 14:47:11,1bacf777cdbc4400910bbb2834f50e4435ae23ec23aa1286428a8b3d47d1c8bf
Data/FITS/fit_f7d929e57ff4_K2.qs2,8327,2026-07-09 07:09:24,0814ae91e2c15c658bad325cbbd55eeb2d7b8df36ba4212b3531d0c44cec89e8
Data/FITS/fit_f7ecb2614674_K10.qs2,83730,2026-07-11 04:00:28,9e4812b62447bbbeb167295b832e5219baeb44fe31f7b0787396d3f22de334dc
Data/FITS/fit_f7eddcda3727_K40.qs2,244562,2026-07-09 20:36:50,95e326da1fdf2c5acb029dd9c0a12e22db51c3bc5c6325db7b15a1034a28d6dc
Data/FITS/fit_f7eec472aa9d_K45.qs2,1620280,2026-07-08 09:35:30,2f5b31390b3c818429a72f4ef1900779f8b39137598cb64bb35abcb05a99c5d6
Data/FITS/fit_f7f7e9e9d447_K10.qs2,81662,2026-07-11 13:11:19,780a3cf97a02db5270f8c8fd62a37d59aa2600e62d2351661929a8e3fd812920
Data/FITS/fit_f7fea6844e3a_K10.qs2,79398,2026-07-11 00:53:37,57785b2c03365c0a578340caf182587bc913de3c777f30d4b62177f1dbfe545a
Data/FITS/fit_f8027f977eb9_K11.qs2,1459792,2026-07-07 16:29:52,51399ee05fe8784e427e7206bb04611023cea79e574ae139a071dea3e09fb9b1
Data/FITS/fit_f80a6cd0cf55_K10.qs2,96275,2026-07-08 09:17:15,e588332d9069229ebce999c7ea13198a36a78cd6cd33ff2572a3a61a4de367e7
Data/FITS/fit_f824fcbbdcd5_K120.qs2,3752032,2026-07-09 09:06:34,af9696dab31530a3cfb16bcedd7488cb676f650211930eca0845dc1de722ff2f
Data/FITS/fit_f839d803c607_K15.qs2,16663,2026-07-09 07:13:10,a85fb44565d129336c1998b05c3f04bbe31684b17d07eceec91f06354ae522e0
Data/FITS/fit_f8429dcea676_K15.qs2,127276,2026-07-09 20:41:53,2a5d0f0d4677257aab56d573d91dc2e895e077e69990a8b278c85f254f4f55b7
Data/FITS/fit_f855d8aa6f40_K7.qs2,780477,2026-07-08 12:43:44,aa6876e4cbf069bfebc23c6bc137787e0ecce7a6448feaceb43252c032ba9c39
Data/FITS/fit_f8723f5684a0_K10.qs2,80760,2026-07-11 13:11:36,d4f0a3c68d4c7a98a6881f556bcca1199218ff4f9e65c94e34aff571b4cc04b7
Data/FITS/fit_f89a31b2fe2e_K15.qs2,1578724,2026-07-07 18:03:38,b87d87be62cf2f8efd7678860f1d52a1ea3ebc871427fc317889fba7625638d4
Data/FITS/fit_f8a1ce7325f1_K70.qs2,269116,2026-07-11 13:00:38,f1c20cf20cd8d88b01b01b2bd659894d813f97b4fea987a2105fb83e04423298
Data/FITS/fit_f8bd77bee501_K90.qs2,317397,2026-07-10 14:48:19,f28d0ad83f3b6f51b5798f74bf9f68c99a48ae41883346af0a69907d5721ab29
Data/FITS/fit_f8be1525c0f7_K40.qs2,175907,2026-07-11 04:34:03,01f374d535f520c9e92e96f0fe0531a81549a8ba1244e91069caa719ccb3da75
Data/FITS/fit_f8da5dfd1bcc_K8.qs2,13513,2026-07-09 07:00:44,c2d5bfa3eb9c9138a86a5e96b775f71ebb8e04ca4c82a98b120d29154bd905c5
Data/FITS/fit_f8e1793ba433_K20.qs2,198035,2026-07-10 16:54:52,e7c84329d247efc55de943ce3b4d06ea0b486cd180bfb3e486bdbaa7904fb94a
Data/FITS/fit_f8f26e43e06b_K30.qs2,1250992,2026-07-09 10:37:30,4a1bebc349c85f31274bf8a90c459336f92890a937fcf6fedfdfc4987ea302f1
Data/FITS/fit_f8fa0745d1b8_K10.qs2,80033,2026-07-11 00:09:31,90684e824f7075c8a57c9095210bcf2bc6b842fe13a55b20c7b2cdb89adc1dc2
Data/FITS/fit_f9000a583507_K90.qs2,312397,2026-07-11 12:56:45,89ecd7c5d20980364d23bad41ae03e4833f6c6b24360b50a94b473b635ce3c09
Data/FITS/fit_f908796dad6c_K10.qs2,93246,2026-09-01 22:28:01,a800f72ee9fd7a8483b2839ec75f7b1fd9c53be3c0dff3cbd2c68da196e7a4a0
Data/FITS/fit_f923c691c2af_K150.qs2,664828,2026-07-09 20:19:33,4b201c0b9a5f0e08d727f13c1a367e76d4e534c89da38ad1ef7c2d3ee6ce4ec5
Data/FITS/fit_f93b2ff05b79_K50.qs2,212054,2026-07-11 13:04:56,dc69fa3eeaa8e74fb8edf39e33fc540b71b5df3f40016065757cd6a5090b8d60
Data/FITS/fit_f96067df2731_K15.qs2,1645665,2026-07-07 16:24:08,2058df28c9860e8e892a22cbc3c7ab11f843f7b583fb74b57d18f4822a8d4c48
Data/FITS/fit_f98b47790f11_K10.qs2,80149,2026-07-11 06:23:41,569d20d2841fcc45f97293b821c43497cc5a8fe9fd5c328b17e1354fa112fd23
Data/FITS/fit_f98b971424c1_K60.qs2,238188,2026-07-11 13:03:54,fecd09900b1a71d3270e6ea3a4976216f3e4548a753284ca22ef5578f41aeefd
Data/FITS/fit_f992a9f3ebad_K10.qs2,1425422,2026-07-07 15:25:01,f24ead0a65c30b6a9d72a940d92585e22e5b7a2462a60976c5a301130333076a
Data/FITS/fit_f9aa0a102fe8_K10.qs2,84540,2026-07-11 08:58:58,a0698ac811f388883c284ec691f50b4fbf97f3317bfce180011293940bbb79f3
Data/FITS/fit_f9ada7395694_K100.qs2,336053,2026-09-01 11:30:23,56999d983670ca0ad60d6fa54242ca2acd79e439caeb8b632dfc507aec4f4fe1
Data/FITS/fit_f9bcd6762dfe_K50.qs2,281735,2026-07-09 20:36:41,8b9a5b033f77f230cba0d1d0e64a4e646f5c6582de184182e2afb1c7093a597d
Data/FITS/fit_f9cf343e2d62_K40.qs2,244874,2026-07-09 20:37:53,0729659f9f7da9f7fbd1bcbd595378286ef9f4cb42991494a10bcfb1b070bc53
Data/FITS/fit_f9d5b534f3a4_K110.qs2,3481438,2026-07-09 09:20:10,4593b4fe8b0919fcc30eb123e36bd9814f75b05f49803de00e26a0d9adfaa67b
Data/FITS/fit_fa1df0a8d29d_K10.qs2,2895599,2026-07-08 16:01:40,4ed67e643d738706c1db3c8485684ce4b2c1509ba3575c5c4dfee946e5d21798
Data/FITS/fit_fa2dcc11c920_K170.qs2,723930,2026-07-09 20:14:34,17f270c25a03392697435f18bf6bb5665cad9c9d937949f2d03c9737b049318d
Data/FITS/fit_fa33d09aff15_K200.qs2,5359456,2026-07-09 07:40:35,414f8f779771103984574e9a83881fb90f0808012488e6e4ab3ca9b949e53836
Data/FITS/fit_fa5721e18864_K80.qs2,458592,2026-07-10 16:48:34,7baed52870b5199a74a3b2757dac2cb18947b8b7e13d89f7a14c0cc7b6fe53d4
Data/FITS/fit_fa75ad7e81fb_K6.qs2,11972,2026-07-09 07:09:22,2b265bd8fce57334df32a1e8bf61a3266b8cbdba267e95c7e98840122e061039
Data/FITS/fit_fa7ab4e454d8_K40.qs2,182782,2026-07-11 00:29:39,ace6148eb32221c96464ab50e38790192e29d3ae05aa4ec20fb24fd371c1ece3
Data/FITS/fit_fa85291a5b65_K20.qs2,123765,2026-07-11 13:10:20,851a0d7fd3ff149256116203cd677590a4304a9abb8f427447d4c0da9fc4c726
Data/FITS/fit_fa852dee3c97_K8.qs2,15984,2026-07-09 07:09:20,bd0aba65b2c5419a9866c7a572600ddd78358e802845ad86fe7f29c19ed099c6
Data/FITS/fit_fa93911ad7a9_K6.qs2,9749,2026-07-08 09:15:36,e91024801c3c55ecdcd34210e9b2ee2747a0ae1592b99b25b5cc20d3a087cda0
Data/FITS/fit_fa962e82b694_K3.qs2,51315,2026-07-08 09:17:16,89e8a38673ec9d45ebdca5e6b3b96d8bfd7fea90e1efc0cb39c4eaeaecec0e39
Data/FITS/fit_fa9923e76582_K5.qs2,338586,2026-07-09 11:03:21,dce650911c2b1416a8db57039bbe4032651f9617359ec146f77d72d67a920501
Data/FITS/fit_fa9936f55505_K60.qs2,324074,2026-07-09 20:33:55,238bd19d78880516fa235ea5e89f56584ede7073d516bb09c0dfe0dc6fb2af96
Data/FITS/fit_fa9994e7efcd_K30.qs2,1252664,2026-07-09 10:40:32,50a458fa1e0af794ed029062aed283834c9aebea2f2823c1a6f7b06e561823af
Data/FITS/fit_fa9f01b0d516_K15.qs2,127571,2026-07-09 20:41:42,c9ace8a68b8f0db117944401672d2c0549b78fd9c1ac0647130cd39397d44b63
Data/FITS/fit_fac38efa023f_K40.qs2,178567,2026-07-11 04:00:35,872d934df6912c5979926abf3bfae7dcb32cde858d41fdd91841b2dc6bfe7073
Data/FITS/fit_fac452c6e668_K40.qs2,176084,2026-09-01 10:10:03,2f10ce423d36ed0a9793a2bce18f5d983b30a27287aff80a9846acaa506991b8
Data/FITS/fit_fae5430a4249_K12.qs2,16189,2026-07-09 07:13:18,f0f2b9a490da1adfe04528969dfcee3b1e922190bf6b4d3f4ac60c3324348cbe
Data/FITS/fit_fb09548f69ec_K60.qs2,325294,2026-07-09 20:34:31,3e894df4e6cf72791bd75de86627f6cbf1ceaf5f9e8a442a7ef38d3309955393
Data/FITS/fit_fb40d7c99a18_K15.qs2,1692201,2026-07-07 16:40:54,6077516abbbd29066bc5e7cfb0aeaf08ea6e232d64205f2908e34fda8a57e7ec
Data/FITS/fit_fb48ce932390_K60.qs2,326024,2026-07-09 20:32:56,f4792d1425fdc7b2a96b6fbcec38ed8afce2c0c24f9b29a532b542f1d077f6c7
Data/FITS/fit_fb51e47c0668_K50.qs2,211815,2026-07-11 13:04:33,a22ea3e0eebfff2eee4dd07a9a3a1efcb8cc971afae87cced59acdb1268f7964
Data/FITS/fit_fb68521678a5_K200.qs2,815480,2026-07-09 20:08:56,2d8c46a0dbe37416d0295668df6e145a55ccac506584f47d78b52ffc0063338b
Data/FITS/fit_fb6dddc99b3b_K50.qs2,490793,2026-07-07 22:49:39,e1b410103b21d4880a3d5d0e7e88c83dbd33b8a73962caa71ca927cfecfd04ee
Data/FITS/fit_fb76ad446bc6_K100.qs2,341081,2026-07-11 12:55:05,818ff30358f6fbba9d443b36953ba41d40c92dc88f346b744982296406d7a9f0
Data/FITS/fit_fb88393f7964_K70.qs2,264626,2026-07-10 16:50:17,011018dc0838d55adb1202c54dccaf38506396cc8e34fe22e27890f831b2d46c
Data/FITS/fit_fb9ac5941406_K10.qs2,81947,2026-07-11 03:30:48,b10920fe80818dd5d3fe7ec1dfd9e5bb590e03c6c479d8f91fa975e4cf0aa433
Data/FITS/fit_fb9daba4b713_K22.qs2,127181,2026-07-11 12:50:40,e30901ecd2f20b1a57155100b11e0589c13bf02d8a1f83330d7691d6f3c1ac14
Data/FITS/fit_fbae7237d38e_K30.qs2,153693,2026-07-11 13:09:25,046d1a067593b419241a90fe48b4c52df06656428cc35c0c71c3628fad06a268
Data/FITS/fit_fbfed582f296_K40.qs2,602638,2026-07-07 22:14:19,92096d633b1edc0ba88f865d0698b9db9928bb79db0649cab5bb313b9ecdff6c
Data/FITS/fit_fc063f6c90e0_K3.qs2,51115,2026-07-08 09:17:06,cb6c7e62e1951d3c191535bba3b13e5efd26e1b650c0eab8776a57a1c694e759
Data/FITS/fit_fc13c04a9046_K80.qs2,409091,2026-07-09 20:30:26,e3f343bfe386daaf1787c15161685fa13ed5045ea3338d2e6dfbd5231a2c4398
Data/FITS/fit_fc1dac270e68_K4.qs2,711480,2026-07-08 12:44:07,4725a3fa8783f017563bbcecf21d57a89b8b4b0bc8a5af687cdec3b8258a01b6
Data/FITS/fit_fc321d234839_K50.qs2,212789,2026-07-11 12:49:55,5f8c8d9b44175a415e98e89f282b5220ed11e880b0a0e3ddfea27c3c46aabbc8
Data/FITS/fit_fc430794500c_K10.qs2,83661,2026-07-11 08:42:19,aacc9236ccdceeee705571ec51294a62d767f69f8789fe7302f5811a43a76d87
Data/FITS/fit_fc486edde165_K20.qs2,195787,2026-07-10 16:54:55,ce86a7555af92b5732bc5e74dea4b3e3ae2814a80fe5cf8ab33893faea56efaa
Data/FITS/fit_fc56a3e64c63_K50.qs2,212783,2026-07-11 13:03:57,7697721338666ad496fa90f3081f33a57ff65d4a0909c07854a440665dd13296
Data/FITS/fit_fc5a10e2ba8f_K10.qs2,80210,2026-07-11 00:19:30,ef4e041cfabf1cff76441b6aec79d009214ff27e1457fda41589283491125773
Data/FITS/fit_fc6130b18508_K90.qs2,496609,2026-07-10 16:47:31,af8f2a302215b4a8c3052c877bf427ab993a3b11b8a606cf6b80e60fe1710fc8
Data/FITS/fit_fc84572dc026_K70.qs2,268292,2026-07-11 13:00:43,2c00160c43b367aebc679606792ffeec0c1ca35ac34dbca8d27945c90e1d1064
Data/FITS/fit_fc92199d017c_K10.qs2,99396,2026-07-09 20:44:00,3ad410fd25d8a07b1c3309e5fb8d8b1b2172f0459b4e8ac4ec02426bf3175ef4
Data/FITS/fit_fc938b815938_K15.qs2,3334359,2026-07-08 15:48:35,ddb62acbf0c954d1529cff8b0628df5576e738cb6b15b881cf9f04063c5f2ab2
Data/FITS/fit_fc996dd5eb57_K160.qs2,8659453,2026-07-14 21:41:48,77c295506070e4352a50b6637319bde68d058eb5d567c6f3457742892b8de142
Data/FITS/fit_fcda4299fe04_K30.qs2,328552,2026-07-07 22:52:01,28a2c057471c2844bd16b983ed42d6c3e4c769d3274248a55009ac5694e5a1ff
Data/FITS/fit_fcde35e2b091_K100.qs2,468394,2026-07-10 14:45:43,fa9ccd3952a552b46c797c3b5c80c24032ceb91f74fcda3f67d2cd7edb9c8418
Data/FITS/fit_fcecb99d0651_K15.qs2,191722,2026-07-07 22:48:11,6f369d13d9fd63313b7723e5f8733350fbf12c47c1281f70441953cc8e1d1432
Data/FITS/fit_fcffdfb4f408_K6.qs2,745349,2026-07-08 12:43:57,169a613bab7f9938d6ced95ed0f53c2b73f454d1c7b8affa786032f25388565f
Data/FITS/fit_fd19ec40b1ac_K100.qs2,1963688,2026-07-14 16:20:49,3033679b4b6fd7af4ba7bfc69ca149df9f74f739c9fe1a19500b440534f3e398
Data/FITS/fit_fd5c9ed84e31_K20.qs2,891170,2026-07-08 09:38:31,ddec0edf96d3d477dd3e3422a8aa231e4f44cf355dd0ddc5b8ef375cf54206e6
Data/FITS/fit_fdbebd4e0f5d_K40.qs2,179216,2026-07-11 03:54:04,d00e2b4cbc5eaae6c4bf38f561a9f5e6821213ef544773842d8918cfe04c1128
Data/FITS/fit_fdce73f40392_K10.qs2,559485,2026-07-09 10:54:48,0525f03d4b407d319e4eaa6b7f8d335a82ebbeeafba7e9150da525348a978f10
Data/FITS/fit_fdd5ce050e48_K15.qs2,760161,2026-07-09 10:51:11,b06d9aaa9c4f9d2f079ac247e2e53e6a9337e685f35cd6b42088b6db352213d9
Data/FITS/fit_fe00aa20024a_K20.qs2,432703,2026-07-07 22:30:51,f813beda504ec5d05d29e92d897df9b980558491fc810434ccb03aa508152667
Data/FITS/fit_fe0158dde4d3_K90.qs2,317877,2026-07-13 12:24:26,6edcce0152152be7adabb74d01e21e09fe68ed4a26d75f0c5d7c3110f689e6dc
Data/FITS/fit_fe44bc19e579_K140.qs2,630775,2026-07-09 20:20:27,f36a4e155e43c9cf7af01990bf80936450fedb8e83c32dd1390542016050ba91
Data/FITS/fit_fe4c8a05cc69_K30.qs2,476609,2026-07-07 22:26:38,03325829d9e6e6e70fbe51902ea67fc49a2aaa122eb3903fe983fb89bd00fa27
Data/FITS/fit_fe50820228d6_K130.qs2,592884,2026-07-09 20:22:28,2f69c773e133d5a75865506ff5e35696f645e85875f4d1c321f4d791c65fa2d1
Data/FITS/fit_fe53191fad2e_K2.qs2,8093,2026-07-09 07:09:24,7c89447b0857871681f29b2b060b6ec3a2fc8ac105d407028e9126e154a4e19a
Data/FITS/fit_fe795f50183a_K40.qs2,176479,2026-07-11 04:47:55,1b7bd6be6fe050350273fda7081b58bc1d181b25104fd86cc072ecde63888297
Data/FITS/fit_fecdac7611cc_K3.qs2,1007254,2026-07-07 15:23:23,d535b227a4c9ccde1861755b163c6fca69035735f3c1461444ce4990f2f769e8
Data/FITS/fit_fedaa4fb0829_K35.qs2,3260856,2026-09-02 00:37:11,eac186d20492d8bf91df033fa19239b6ef9e0006efa64f00fe7d5a2e15473b63
Data/FITS/fit_fedb1a152cbe_K30.qs2,201953,2026-07-09 20:39:51,f22a28c462a2d49cf831bf1a9cd835e50b1fabf59d43c42b603da2c9eb694aac
Data/FITS/fit_fee915f8d5e2_K14.qs2,16830,2026-07-09 07:09:17,11c9e1ed18f7b8b0a71d63737fb54e414386ea305bb34fb405a04cfd0e92a7d9
Data/FITS/fit_feee75722675_K18.qs2,19618,2026-07-09 07:13:15,885dd5b2adbfc6ab23d11a55ec91b5445095d43f647253db7fc1058de3d7620c
Data/FITS/fit_feef447a5b91_K10.qs2,99934,2026-07-09 20:43:54,dc3d80163c4b5273ca8f6619e7f2499001860fb117a050b71f6a6302f7617e27
Data/FITS/fit_fef7f0ab08f2_K40.qs2,295560,2026-07-10 16:53:06,e3bd0151837f639bca2b8f1387ab257bae141ded1da3898305e2bef1e282d62c
Data/FITS/fit_fef82b859d83_K12.qs2,19244,2026-07-09 07:09:18,9646766ecd154908597d748342d7d0b620786be7db52d6338265d905fd7168bc
Data/FITS/fit_ff0de7efa4f0_K10.qs2,100416,2026-07-09 20:42:54,0d4212cc436f797adeb3173180f98ba52b2791e808703964d29fb8a54e359799
Data/FITS/fit_ff0ecd842020_K75.qs2,2464860,2026-07-08 10:03:13,9eb6e18f8fd8008a7077827202e14d6daa370d9fea06f4ce9a17891a399254c2
Data/FITS/fit_ff1add66eded_K5.qs2,337397,2026-07-09 11:04:49,d3684225d4341e606af63bd13bc4541af4e80e0043f3a1cdbd7563196eb3d9ad
Data/FITS/fit_ff24980dd1b6_K6.qs2,12703,2026-07-09 07:13:21,7485f0279b4d3feb253d94aa969c14fdba8e8e506077a2b051f0de563e380ef2
Data/FITS/fit_ff318da26991_K50.qs2,232033,2026-07-07 22:53:02,f8ce6390639fa914130924fea6b2bb7d39308d1a154098a6f9a33d3f8caedebe
Data/FITS/fit_ff3fde2a4af1_K70.qs2,369489,2026-07-09 20:31:46,d1809473c0b4b6b4d583688f1f55f18ed714a87f0b25e9830c0b686bd35de462
Data/FITS/fit_ff5c1d234aa3_K30.qs2,1250080,2026-07-09 10:36:54,70008e05603e389bc779063053e6f0d4f23ea0e2035e691ba21039d8a575a22e
Data/FITS/fit_ff6af9c1cd3b_K20.qs2,123774,2026-07-11 13:09:52,69ea0846dbdbc36b31efcaea06ca5355f176404f4927de5b51bd15b754b1d8a0
Data/FITS/fit_ff84387cfd7e_K30.qs2,468996,2026-07-07 22:12:04,83e50b06b463e69f54ad60600d15c88dd531f0c2c00853f4060bc4496823dc7a
Data/FITS/fit_ff873f15871b_K70.qs2,414183,2026-07-10 16:50:15,69d7d8f847db38f957dca29a1692031db0c350e476c3e8cfd3322db686fac4eb
Data/FITS/fit_ff8ea2bd621c_K90.qs2,319371,2026-07-10 14:48:12,9475ba35aaeb83485af0c40f5a5607be8897ff6373baad4bdfd03d2f61a090b7
Data/FITS/fit_ff951f037f7c_K15.qs2,1673820,2026-07-07 16:30:33,c534e2c74e0813bde28a37db1aee39ccf7bde1671cb17fbdbdff9bcfafffa1ba
Data/FITS/fit_ff9fdffc763f_K10.qs2,14345,2026-07-09 07:00:43,4862814167920ba59cce8b04f670cc15805740ef86f7e9669cfed69789c88c42
Data/FITS/fit_ffa18f62426c_K140.qs2,4163801,2026-07-09 08:45:23,d0be2d2f67bec927ed4c04aaff667750ae841cca169c28d3a0eab33f83337d19
Data/FITS/fit_ffb2feb6e4bf_K10.qs2,97109,2026-07-08 09:16:52,bc19ac24dae3d36481e700da444ddfb25bbb6d6ed5d9a40d27245f88f95ce668
Data/FITS/fit_ffe16a983c11_K160.qs2,4581224,2026-07-09 08:25:49,8f448e98f116b1c5366807db6f9cffb004128d6cd00c46e949f6f975de43f8ec
Data/FITS/fit_fff5d7e13628_K10.qs2,80082,2026-07-10 16:56:36,51347eb600db5c24486012f54b497ddf0a99f3ca5e44e022f5d24147d1c0d07a
Data/FITS/fit_fff68b6bb4d3_K60.qs2,238264,2026-07-11 13:03:51,454018b193a2192f91ba88e7b6bb4f29a05c90a93774613ea12fc939e354f65d
Data/FITS/fit_fff7b387af7d_K110.qs2,528178,2026-07-09 20:25:25,720caa8b4ecf2740d10bdf125e0efd1f3f2dc47b759b5fa13a34782fc1998e63
Data/FITS/fit_ffffaf1850e6_K40.qs2,1568033,2026-07-09 10:29:32,77ac6c50e19455291370037ac7a14128f295d04674bd9ebe66b549e52223f988
